[2026-07-04 07:39:14] production.ERROR: file_get_contents(C:\Users\LENOVO\Downloads\sportmate\sportmate\.env): Failed to open stream: No such file or directory {"exception":"[object] (ErrorException(code: 0): file_get_contents(C:\\Users\\LENOVO\\Downloads\\sportmate\\sportmate\\.env): Failed to open stream: No such file or directory at C:/Users/LENOVO/Downloads/sportmate/sportmate/vendor/laravel/framework/src/Illuminate/Foundation/Console/KeyGenerateCommand.php:100)
[stacktrace]
#0 C:/Users/LENOVO/Downloads/sportmate/sportmate/vendor/laravel/framework/src/Illuminate/Foundation/Bootstrap/HandleExceptions.php(262): Illuminate/Foundation/Bootstrap/HandleExceptions->handleError(2, 'file_get_conten...', 'C://Users//LENOVO...', 100)
#1 [internal function]: Illuminate/Foundation/Bootstrap/HandleExceptions->{closure:Illuminate/Foundation/Bootstrap/HandleExceptions::forwardsTo():261}(2, 'file_get_conten...', 'C://Users//LENOVO...', 100)
#2 C:/Users/LENOVO/Downloads/sportmate/sportmate/vendor/laravel/framework/src/Illuminate/Foundation/Console/KeyGenerateCommand.php(100): file_get_contents('C://Users//LENOVO...')
#3 C:/Users/LENOVO/Downloads/sportmate/sportmate/vendor/laravel/framework/src/Illuminate/Foundation/Console/KeyGenerateCommand.php(82): Illuminate/Foundation/Console/KeyGenerateCommand->writeNewEnvironmentFileWith('base64:2phUCv3G...')
#4 C:/Users/LENOVO/Downloads/sportmate/sportmate/vendor/laravel/framework/src/Illuminate/Foundation/Console/KeyGenerateCommand.php(47): Illuminate/Foundation/Console/KeyGenerateCommand->setKeyInEnvironmentFile('base64:2phUCv3G...')
#5 C:/Users/LENOVO/Downloads/sportmate/sportmate/vendor/laravel/framework/src/Illuminate/Container/BoundMethod.php(36): Illuminate/Foundation/Console/KeyGenerateCommand->handle()
#6 C:/Users/LENOVO/Downloads/sportmate/sportmate/vendor/laravel/framework/src/Illuminate/Container/Util.php(43): Illuminate/Container/BoundMethod::{closure:Illuminate/Container/BoundMethod::call():35}()
#7 C:/Users/LENOVO/Downloads/sportmate/sportmate/vendor/laravel/framework/src/Illuminate/Container/BoundMethod.php(96): Illuminate/Container/Util::unwrapIfClosure(Object(Closure))
#8 C:/Users/LENOVO/Downloads/sportmate/sportmate/vendor/laravel/framework/src/Illuminate/Container/BoundMethod.php(35): Illuminate/Container/BoundMethod::callBoundMethod(Object(Illuminate/Foundation/Application), Array, Object(Closure))
#9 C:/Users/LENOVO/Downloads/sportmate/sportmate/vendor/laravel/framework/src/Illuminate/Container/Container.php(799): Illuminate/Container/BoundMethod::call(Object(Illuminate/Foundation/Application), Array, Array, NULL)
#10 C:/Users/LENOVO/Downloads/sportmate/sportmate/vendor/laravel/framework/src/Illuminate/Console/Command.php(211): Illuminate/Container/Container->call(Array)
#11 C:/Users/LENOVO/Downloads/sportmate/sportmate/vendor/symfony/console/Command/Command.php(341): Illuminate/Console/Command->execute(Object(Symfony/Component/Console/Input/ArgvInput), Object(Illuminate/Console/OutputStyle))
#12 C:/Users/LENOVO/Downloads/sportmate/sportmate/vendor/laravel/framework/src/Illuminate/Console/Command.php(180): Symfony/Component/Console/Command/Command->run(Object(Symfony/Component/Console/Input/ArgvInput), Object(Illuminate/Console/OutputStyle))
#13 C:/Users/LENOVO/Downloads/sportmate/sportmate/vendor/symfony/console/Application.php(1117): Illuminate/Console/Command->run(Object(Symfony/Component/Console/Input/ArgvInput), Object(Symfony/Component/Console/Output/ConsoleOutput))
#14 C:/Users/LENOVO/Downloads/sportmate/sportmate/vendor/symfony/console/Application.php(356): Symfony/Component/Console/Application->doRunCommand(Object(Illuminate/Foundation/Console/KeyGenerateCommand), Object(Symfony/Component/Console/Input/ArgvInput), Object(Symfony/Component/Console/Output/ConsoleOutput))
#15 C:/Users/LENOVO/Downloads/sportmate/sportmate/vendor/symfony/console/Application.php(195): Symfony/Component/Console/Application->doRun(Object(Symfony/Component/Console/Input/ArgvInput), Object(Symfony/Component/Console/Output/ConsoleOutput))
#16 C:/Users/LENOVO/Downloads/sportmate/sportmate/vendor/laravel/framework/src/Illuminate/Foundation/Console/Kernel.php(198): Symfony/Component/Console/Application->run(Object(Symfony/Component/Console/Input/ArgvInput), Object(Symfony/Component/Console/Output/ConsoleOutput))
#17 C:/Users/LENOVO/Downloads/sportmate/sportmate/vendor/laravel/framework/src/Illuminate/Foundation/Application.php(1235): Illuminate/Foundation/Console/Kernel->handle(Object(Symfony/Component/Console/Input/ArgvInput), Object(Symfony/Component/Console/Output/ConsoleOutput))
#18 C:/Users/LENOVO/Downloads/sportmate/sportmate/artisan(14): Illuminate/Foundation/Application->handleCommand(Object(Symfony/Component/Console/Input/ArgvInput))
#19 {main}
"} 
[2026-07-04 14:40:16] local.ERROR: SQLSTATE[23000]: Integrity constraint violation: 1062 Duplicate entry 'admin@sportmate.test' for key 'users.users_email_unique' (Connection: mysql, Host: 127.0.0.1, Port: 3306, Database: sportmate, SQL: insert into `users` (`nama`, `email`, `password`, `kota`, `gender`, `role`, `updated_at`, `created_at`) values (Admin SportMate, admin@sportmate.test, $2y$12$121H36GrdCNjLCyq9QijpuFpf6gdMi1.Unw4KkHHGAptOKEWAFRCe, Bandung, Laki-laki, admin, 2026-07-04 14:40:16, 2026-07-04 14:40:16)) {"exception":"[object] (Illuminate\\Database\\UniqueConstraintViolationException(code: 23000): SQLSTATE[23000]: Integrity constraint violation: 1062 Duplicate entry 'admin@sportmate.test' for key 'users.users_email_unique' (Connection: mysql, Host: 127.0.0.1, Port: 3306, Database: sportmate, SQL: insert into `users` (`nama`, `email`, `password`, `kota`, `gender`, `role`, `updated_at`, `created_at`) values (Admin SportMate, admin@sportmate.test, $2y$12$121H36GrdCNjLCyq9QijpuFpf6gdMi1.Unw4KkHHGAptOKEWAFRCe, Bandung, Laki-laki, admin, 2026-07-04 14:40:16, 2026-07-04 14:40:16)) at C:/Users/LENOVO/Downloads/sportmate/sportmate/vendor/laravel/framework/src/Illuminate/Database/Connection.php:838)
[stacktrace]
#0 C:/Users/LENOVO/Downloads/sportmate/sportmate/vendor/laravel/framework/src/Illuminate/Database/Connection.php(794): Illuminate/Database/Connection->runQueryCallback('insert into `us...', Array, Object(Closure))
#1 C:/Users/LENOVO/Downloads/sportmate/sportmate/vendor/laravel/framework/src/Illuminate/Database/MySqlConnection.php(42): Illuminate/Database/Connection->run('insert into `us...', Array, Object(Closure))
#2 C:/Users/LENOVO/Downloads/sportmate/sportmate/vendor/laravel/framework/src/Illuminate/Database/Query/Processors/MySqlProcessor.php(35): Illuminate/Database/MySqlConnection->insert('insert into `us...', Array, 'id')
#3 C:/Users/LENOVO/Downloads/sportmate/sportmate/vendor/laravel/framework/src/Illuminate/Database/Query/Builder.php(4170): Illuminate/Database/Query/Processors/MySqlProcessor->processInsertGetId(Object(Illuminate/Database/Query/Builder), 'insert into `us...', Array, 'id')
#4 C:/Users/LENOVO/Downloads/sportmate/sportmate/vendor/laravel/framework/src/Illuminate/Database/Eloquent/Builder.php(2237): Illuminate/Database/Query/Builder->insertGetId(Array, 'id')
#5 C:/Users/LENOVO/Downloads/sportmate/sportmate/vendor/laravel/framework/src/Illuminate/Database/Eloquent/Model.php(1436): Illuminate/Database/Eloquent/Builder->__call('insertGetId', Array)
#6 C:/Users/LENOVO/Downloads/sportmate/sportmate/vendor/laravel/framework/src/Illuminate/Database/Eloquent/Model.php(1401): Illuminate/Database/Eloquent/Model->insertAndSetId(Object(Illuminate/Database/Eloquent/Builder), Array)
#7 C:/Users/LENOVO/Downloads/sportmate/sportmate/vendor/laravel/framework/src/Illuminate/Database/Eloquent/Model.php(1240): Illuminate/Database/Eloquent/Model->performInsert(Object(Illuminate/Database/Eloquent/Builder))
#8 C:/Users/LENOVO/Downloads/sportmate/sportmate/vendor/laravel/framework/src/Illuminate/Database/Eloquent/Builder.php(1219): Illuminate/Database/Eloquent/Model->save()
#9 C:/Users/LENOVO/Downloads/sportmate/sportmate/vendor/laravel/framework/src/Illuminate/Support/helpers.php(393): Illuminate/Database/Eloquent/Builder->{closure:Illuminate/Database/Eloquent/Builder::create():1218}(Object(App/Models/User))
#10 C:/Users/LENOVO/Downloads/sportmate/sportmate/vendor/laravel/framework/src/Illuminate/Database/Eloquent/Builder.php(1218): tap(Object(App/Models/User), Object(Closure))
#11 C:/Users/LENOVO/Downloads/sportmate/sportmate/vendor/laravel/framework/src/Illuminate/Support/Traits/ForwardsCalls.php(23): Illuminate/Database/Eloquent/Builder->create(Array)
#12 C:/Users/LENOVO/Downloads/sportmate/sportmate/vendor/laravel/framework/src/Illuminate/Database/Eloquent/Model.php(2544): Illuminate/Database/Eloquent/Model->forwardCallTo(Object(Illuminate/Database/Eloquent/Builder), 'create', Array)
#13 C:/Users/LENOVO/Downloads/sportmate/sportmate/vendor/laravel/framework/src/Illuminate/Database/Eloquent/Model.php(2560): Illuminate/Database/Eloquent/Model->__call('create', Array)
#14 C:/Users/LENOVO/Downloads/sportmate/sportmate/database/seeders/DatabaseSeeder.php(18): Illuminate/Database/Eloquent/Model::__callStatic('create', Array)
#15 C:/Users/LENOVO/Downloads/sportmate/sportmate/vendor/laravel/framework/src/Illuminate/Container/BoundMethod.php(36): Database/Seeders/DatabaseSeeder->run()
#16 C:/Users/LENOVO/Downloads/sportmate/sportmate/vendor/laravel/framework/src/Illuminate/Container/Util.php(43): Illuminate/Container/BoundMethod::{closure:Illuminate/Container/BoundMethod::call():35}()
#17 C:/Users/LENOVO/Downloads/sportmate/sportmate/vendor/laravel/framework/src/Illuminate/Container/BoundMethod.php(96): Illuminate/Container/Util::unwrapIfClosure(Object(Closure))
#18 C:/Users/LENOVO/Downloads/sportmate/sportmate/vendor/laravel/framework/src/Illuminate/Container/BoundMethod.php(35): Illuminate/Container/BoundMethod::callBoundMethod(Object(Illuminate/Foundation/Application), Array, Object(Closure))
#19 C:/Users/LENOVO/Downloads/sportmate/sportmate/vendor/laravel/framework/src/Illuminate/Container/Container.php(799): Illuminate/Container/BoundMethod::call(Object(Illuminate/Foundation/Application), Array, Array, NULL)
#20 C:/Users/LENOVO/Downloads/sportmate/sportmate/vendor/laravel/framework/src/Illuminate/Database/Seeder.php(184): Illuminate/Container/Container->call(Array, Array)
#21 C:/Users/LENOVO/Downloads/sportmate/sportmate/vendor/laravel/framework/src/Illuminate/Database/Seeder.php(193): Illuminate/Database/Seeder->{closure:Illuminate/Database/Seeder::__invoke():183}()
#22 C:/Users/LENOVO/Downloads/sportmate/sportmate/vendor/laravel/framework/src/Illuminate/Database/Console/Seeds/SeedCommand.php(71): Illuminate/Database/Seeder->__invoke()
#23 C:/Users/LENOVO/Downloads/sportmate/sportmate/vendor/laravel/framework/src/Illuminate/Database/Eloquent/Concerns/GuardsAttributes.php(157): Illuminate/Database/Console/Seeds/SeedCommand->{closure:Illuminate/Database/Console/Seeds/SeedCommand::handle():70}()
#24 C:/Users/LENOVO/Downloads/sportmate/sportmate/vendor/laravel/framework/src/Illuminate/Database/Console/Seeds/SeedCommand.php(70): Illuminate/Database/Eloquent/Model::unguarded(Object(Closure))
#25 C:/Users/LENOVO/Downloads/sportmate/sportmate/vendor/laravel/framework/src/Illuminate/Container/BoundMethod.php(36): Illuminate/Database/Console/Seeds/SeedCommand->handle()
#26 C:/Users/LENOVO/Downloads/sportmate/sportmate/vendor/laravel/framework/src/Illuminate/Container/Util.php(43): Illuminate/Container/BoundMethod::{closure:Illuminate/Container/BoundMethod::call():35}()
#27 C:/Users/LENOVO/Downloads/sportmate/sportmate/vendor/laravel/framework/src/Illuminate/Container/BoundMethod.php(96): Illuminate/Container/Util::unwrapIfClosure(Object(Closure))
#28 C:/Users/LENOVO/Downloads/sportmate/sportmate/vendor/laravel/framework/src/Illuminate/Container/BoundMethod.php(35): Illuminate/Container/BoundMethod::callBoundMethod(Object(Illuminate/Foundation/Application), Array, Object(Closure))
#29 C:/Users/LENOVO/Downloads/sportmate/sportmate/vendor/laravel/framework/src/Illuminate/Container/Container.php(799): Illuminate/Container/BoundMethod::call(Object(Illuminate/Foundation/Application), Array, Array, NULL)
#30 C:/Users/LENOVO/Downloads/sportmate/sportmate/vendor/laravel/framework/src/Illuminate/Console/Command.php(211): Illuminate/Container/Container->call(Array)
#31 C:/Users/LENOVO/Downloads/sportmate/sportmate/vendor/symfony/console/Command/Command.php(341): Illuminate/Console/Command->execute(Object(Symfony/Component/Console/Input/ArrayInput), Object(Illuminate/Console/OutputStyle))
#32 C:/Users/LENOVO/Downloads/sportmate/sportmate/vendor/laravel/framework/src/Illuminate/Console/Command.php(180): Symfony/Component/Console/Command/Command->run(Object(Symfony/Component/Console/Input/ArrayInput), Object(Illuminate/Console/OutputStyle))
#33 C:/Users/LENOVO/Downloads/sportmate/sportmate/vendor/laravel/framework/src/Illuminate/Console/Concerns/CallsCommands.php(68): Illuminate/Console/Command->run(Object(Symfony/Component/Console/Input/ArrayInput), Object(Illuminate/Console/OutputStyle))
#34 C:/Users/LENOVO/Downloads/sportmate/sportmate/vendor/laravel/framework/src/Illuminate/Console/Concerns/CallsCommands.php(29): Illuminate/Console/Command->runCommand('db:seed', Array, Object(Illuminate/Console/OutputStyle))
#35 C:/Users/LENOVO/Downloads/sportmate/sportmate/vendor/laravel/framework/src/Illuminate/Database/Console/Migrations/MigrateCommand.php(125): Illuminate/Console/Command->call('db:seed', Array)
#36 C:/Users/LENOVO/Downloads/sportmate/sportmate/vendor/laravel/framework/src/Illuminate/Database/Migrations/Migrator.php(671): Illuminate/Database/Console/Migrations/MigrateCommand->{closure:Illuminate/Database/Console/Migrations/MigrateCommand::runMigrations():109}()
#37 C:/Users/LENOVO/Downloads/sportmate/sportmate/vendor/laravel/framework/src/Illuminate/Database/Console/Migrations/MigrateCommand.php(109): Illuminate/Database/Migrations/Migrator->usingConnection(NULL, Object(Closure))
#38 C:/Users/LENOVO/Downloads/sportmate/sportmate/vendor/laravel/framework/src/Illuminate/Database/Console/Migrations/MigrateCommand.php(88): Illuminate/Database/Console/Migrations/MigrateCommand->runMigrations()
#39 C:/Users/LENOVO/Downloads/sportmate/sportmate/vendor/laravel/framework/src/Illuminate/Container/BoundMethod.php(36): Illuminate/Database/Console/Migrations/MigrateCommand->handle()
#40 C:/Users/LENOVO/Downloads/sportmate/sportmate/vendor/laravel/framework/src/Illuminate/Container/Util.php(43): Illuminate/Container/BoundMethod::{closure:Illuminate/Container/BoundMethod::call():35}()
#41 C:/Users/LENOVO/Downloads/sportmate/sportmate/vendor/laravel/framework/src/Illuminate/Container/BoundMethod.php(96): Illuminate/Container/Util::unwrapIfClosure(Object(Closure))
#42 C:/Users/LENOVO/Downloads/sportmate/sportmate/vendor/laravel/framework/src/Illuminate/Container/BoundMethod.php(35): Illuminate/Container/BoundMethod::callBoundMethod(Object(Illuminate/Foundation/Application), Array, Object(Closure))
#43 C:/Users/LENOVO/Downloads/sportmate/sportmate/vendor/laravel/framework/src/Illuminate/Container/Container.php(799): Illuminate/Container/BoundMethod::call(Object(Illuminate/Foundation/Application), Array, Array, NULL)
#44 C:/Users/LENOVO/Downloads/sportmate/sportmate/vendor/laravel/framework/src/Illuminate/Console/Command.php(211): Illuminate/Container/Container->call(Array)
#45 C:/Users/LENOVO/Downloads/sportmate/sportmate/vendor/symfony/console/Command/Command.php(341): Illuminate/Console/Command->execute(Object(Symfony/Component/Console/Input/ArgvInput), Object(Illuminate/Console/OutputStyle))
#46 C:/Users/LENOVO/Downloads/sportmate/sportmate/vendor/laravel/framework/src/Illuminate/Console/Command.php(180): Symfony/Component/Console/Command/Command->run(Object(Symfony/Component/Console/Input/ArgvInput), Object(Illuminate/Console/OutputStyle))
#47 C:/Users/LENOVO/Downloads/sportmate/sportmate/vendor/symfony/console/Application.php(1117): Illuminate/Console/Command->run(Object(Symfony/Component/Console/Input/ArgvInput), Object(Symfony/Component/Console/Output/ConsoleOutput))
#48 C:/Users/LENOVO/Downloads/sportmate/sportmate/vendor/symfony/console/Application.php(356): Symfony/Component/Console/Application->doRunCommand(Object(Illuminate/Database/Console/Migrations/MigrateCommand), Object(Symfony/Component/Console/Input/ArgvInput), Object(Symfony/Component/Console/Output/ConsoleOutput))
#49 C:/Users/LENOVO/Downloads/sportmate/sportmate/vendor/symfony/console/Application.php(195): Symfony/Component/Console/Application->doRun(Object(Symfony/Component/Console/Input/ArgvInput), Object(Symfony/Component/Console/Output/ConsoleOutput))
#50 C:/Users/LENOVO/Downloads/sportmate/sportmate/vendor/laravel/framework/src/Illuminate/Foundation/Console/Kernel.php(198): Symfony/Component/Console/Application->run(Object(Symfony/Component/Console/Input/ArgvInput), Object(Symfony/Component/Console/Output/ConsoleOutput))
#51 C:/Users/LENOVO/Downloads/sportmate/sportmate/vendor/laravel/framework/src/Illuminate/Foundation/Application.php(1235): Illuminate/Foundation/Console/Kernel->handle(Object(Symfony/Component/Console/Input/ArgvInput), Object(Symfony/Component/Console/Output/ConsoleOutput))
#52 C:/Users/LENOVO/Downloads/sportmate/sportmate/artisan(14): Illuminate/Foundation/Application->handleCommand(Object(Symfony/Component/Console/Input/ArgvInput))
#53 {main}

[previous exception] [object] (PDOException(code: 23000): SQLSTATE[23000]: Integrity constraint violation: 1062 Duplicate entry 'admin@sportmate.test' for key 'users.users_email_unique' at C:/Users/LENOVO/Downloads/sportmate/sportmate/vendor/laravel/framework/src/Illuminate/Database/MySqlConnection.php:53)
[stacktrace]
#0 C:/Users/LENOVO/Downloads/sportmate/sportmate/vendor/laravel/framework/src/Illuminate/Database/MySqlConnection.php(53): PDOStatement->execute()
#1 C:/Users/LENOVO/Downloads/sportmate/sportmate/vendor/laravel/framework/src/Illuminate/Database/Connection.php(827): Illuminate/Database/MySqlConnection->{closure:Illuminate/Database/MySqlConnection::insert():42}('insert into `us...', Array)
#2 C:/Users/LENOVO/Downloads/sportmate/sportmate/vendor/laravel/framework/src/Illuminate/Database/Connection.php(794): Illuminate/Database/Connection->runQueryCallback('insert into `us...', Array, Object(Closure))
#3 C:/Users/LENOVO/Downloads/sportmate/sportmate/vendor/laravel/framework/src/Illuminate/Database/MySqlConnection.php(42): Illuminate/Database/Connection->run('insert into `us...', Array, Object(Closure))
#4 C:/Users/LENOVO/Downloads/sportmate/sportmate/vendor/laravel/framework/src/Illuminate/Database/Query/Processors/MySqlProcessor.php(35): Illuminate/Database/MySqlConnection->insert('insert into `us...', Array, 'id')
#5 C:/Users/LENOVO/Downloads/sportmate/sportmate/vendor/laravel/framework/src/Illuminate/Database/Query/Builder.php(4170): Illuminate/Database/Query/Processors/MySqlProcessor->processInsertGetId(Object(Illuminate/Database/Query/Builder), 'insert into `us...', Array, 'id')
#6 C:/Users/LENOVO/Downloads/sportmate/sportmate/vendor/laravel/framework/src/Illuminate/Database/Eloquent/Builder.php(2237): Illuminate/Database/Query/Builder->insertGetId(Array, 'id')
#7 C:/Users/LENOVO/Downloads/sportmate/sportmate/vendor/laravel/framework/src/Illuminate/Database/Eloquent/Model.php(1436): Illuminate/Database/Eloquent/Builder->__call('insertGetId', Array)
#8 C:/Users/LENOVO/Downloads/sportmate/sportmate/vendor/laravel/framework/src/Illuminate/Database/Eloquent/Model.php(1401): Illuminate/Database/Eloquent/Model->insertAndSetId(Object(Illuminate/Database/Eloquent/Builder), Array)
#9 C:/Users/LENOVO/Downloads/sportmate/sportmate/vendor/laravel/framework/src/Illuminate/Database/Eloquent/Model.php(1240): Illuminate/Database/Eloquent/Model->performInsert(Object(Illuminate/Database/Eloquent/Builder))
#10 C:/Users/LENOVO/Downloads/sportmate/sportmate/vendor/laravel/framework/src/Illuminate/Database/Eloquent/Builder.php(1219): Illuminate/Database/Eloquent/Model->save()
#11 C:/Users/LENOVO/Downloads/sportmate/sportmate/vendor/laravel/framework/src/Illuminate/Support/helpers.php(393): Illuminate/Database/Eloquent/Builder->{closure:Illuminate/Database/Eloquent/Builder::create():1218}(Object(App/Models/User))
#12 C:/Users/LENOVO/Downloads/sportmate/sportmate/vendor/laravel/framework/src/Illuminate/Database/Eloquent/Builder.php(1218): tap(Object(App/Models/User), Object(Closure))
#13 C:/Users/LENOVO/Downloads/sportmate/sportmate/vendor/laravel/framework/src/Illuminate/Support/Traits/ForwardsCalls.php(23): Illuminate/Database/Eloquent/Builder->create(Array)
#14 C:/Users/LENOVO/Downloads/sportmate/sportmate/vendor/laravel/framework/src/Illuminate/Database/Eloquent/Model.php(2544): Illuminate/Database/Eloquent/Model->forwardCallTo(Object(Illuminate/Database/Eloquent/Builder), 'create', Array)
#15 C:/Users/LENOVO/Downloads/sportmate/sportmate/vendor/laravel/framework/src/Illuminate/Database/Eloquent/Model.php(2560): Illuminate/Database/Eloquent/Model->__call('create', Array)
#16 C:/Users/LENOVO/Downloads/sportmate/sportmate/database/seeders/DatabaseSeeder.php(18): Illuminate/Database/Eloquent/Model::__callStatic('create', Array)
#17 C:/Users/LENOVO/Downloads/sportmate/sportmate/vendor/laravel/framework/src/Illuminate/Container/BoundMethod.php(36): Database/Seeders/DatabaseSeeder->run()
#18 C:/Users/LENOVO/Downloads/sportmate/sportmate/vendor/laravel/framework/src/Illuminate/Container/Util.php(43): Illuminate/Container/BoundMethod::{closure:Illuminate/Container/BoundMethod::call():35}()
#19 C:/Users/LENOVO/Downloads/sportmate/sportmate/vendor/laravel/framework/src/Illuminate/Container/BoundMethod.php(96): Illuminate/Container/Util::unwrapIfClosure(Object(Closure))
#20 C:/Users/LENOVO/Downloads/sportmate/sportmate/vendor/laravel/framework/src/Illuminate/Container/BoundMethod.php(35): Illuminate/Container/BoundMethod::callBoundMethod(Object(Illuminate/Foundation/Application), Array, Object(Closure))
#21 C:/Users/LENOVO/Downloads/sportmate/sportmate/vendor/laravel/framework/src/Illuminate/Container/Container.php(799): Illuminate/Container/BoundMethod::call(Object(Illuminate/Foundation/Application), Array, Array, NULL)
#22 C:/Users/LENOVO/Downloads/sportmate/sportmate/vendor/laravel/framework/src/Illuminate/Database/Seeder.php(184): Illuminate/Container/Container->call(Array, Array)
#23 C:/Users/LENOVO/Downloads/sportmate/sportmate/vendor/laravel/framework/src/Illuminate/Database/Seeder.php(193): Illuminate/Database/Seeder->{closure:Illuminate/Database/Seeder::__invoke():183}()
#24 C:/Users/LENOVO/Downloads/sportmate/sportmate/vendor/laravel/framework/src/Illuminate/Database/Console/Seeds/SeedCommand.php(71): Illuminate/Database/Seeder->__invoke()
#25 C:/Users/LENOVO/Downloads/sportmate/sportmate/vendor/laravel/framework/src/Illuminate/Database/Eloquent/Concerns/GuardsAttributes.php(157): Illuminate/Database/Console/Seeds/SeedCommand->{closure:Illuminate/Database/Console/Seeds/SeedCommand::handle():70}()
#26 C:/Users/LENOVO/Downloads/sportmate/sportmate/vendor/laravel/framework/src/Illuminate/Database/Console/Seeds/SeedCommand.php(70): Illuminate/Database/Eloquent/Model::unguarded(Object(Closure))
#27 C:/Users/LENOVO/Downloads/sportmate/sportmate/vendor/laravel/framework/src/Illuminate/Container/BoundMethod.php(36): Illuminate/Database/Console/Seeds/SeedCommand->handle()
#28 C:/Users/LENOVO/Downloads/sportmate/sportmate/vendor/laravel/framework/src/Illuminate/Container/Util.php(43): Illuminate/Container/BoundMethod::{closure:Illuminate/Container/BoundMethod::call():35}()
#29 C:/Users/LENOVO/Downloads/sportmate/sportmate/vendor/laravel/framework/src/Illuminate/Container/BoundMethod.php(96): Illuminate/Container/Util::unwrapIfClosure(Object(Closure))
#30 C:/Users/LENOVO/Downloads/sportmate/sportmate/vendor/laravel/framework/src/Illuminate/Container/BoundMethod.php(35): Illuminate/Container/BoundMethod::callBoundMethod(Object(Illuminate/Foundation/Application), Array, Object(Closure))
#31 C:/Users/LENOVO/Downloads/sportmate/sportmate/vendor/laravel/framework/src/Illuminate/Container/Container.php(799): Illuminate/Container/BoundMethod::call(Object(Illuminate/Foundation/Application), Array, Array, NULL)
#32 C:/Users/LENOVO/Downloads/sportmate/sportmate/vendor/laravel/framework/src/Illuminate/Console/Command.php(211): Illuminate/Container/Container->call(Array)
#33 C:/Users/LENOVO/Downloads/sportmate/sportmate/vendor/symfony/console/Command/Command.php(341): Illuminate/Console/Command->execute(Object(Symfony/Component/Console/Input/ArrayInput), Object(Illuminate/Console/OutputStyle))
#34 C:/Users/LENOVO/Downloads/sportmate/sportmate/vendor/laravel/framework/src/Illuminate/Console/Command.php(180): Symfony/Component/Console/Command/Command->run(Object(Symfony/Component/Console/Input/ArrayInput), Object(Illuminate/Console/OutputStyle))
#35 C:/Users/LENOVO/Downloads/sportmate/sportmate/vendor/laravel/framework/src/Illuminate/Console/Concerns/CallsCommands.php(68): Illuminate/Console/Command->run(Object(Symfony/Component/Console/Input/ArrayInput), Object(Illuminate/Console/OutputStyle))
#36 C:/Users/LENOVO/Downloads/sportmate/sportmate/vendor/laravel/framework/src/Illuminate/Console/Concerns/CallsCommands.php(29): Illuminate/Console/Command->runCommand('db:seed', Array, Object(Illuminate/Console/OutputStyle))
#37 C:/Users/LENOVO/Downloads/sportmate/sportmate/vendor/laravel/framework/src/Illuminate/Database/Console/Migrations/MigrateCommand.php(125): Illuminate/Console/Command->call('db:seed', Array)
#38 C:/Users/LENOVO/Downloads/sportmate/sportmate/vendor/laravel/framework/src/Illuminate/Database/Migrations/Migrator.php(671): Illuminate/Database/Console/Migrations/MigrateCommand->{closure:Illuminate/Database/Console/Migrations/MigrateCommand::runMigrations():109}()
#39 C:/Users/LENOVO/Downloads/sportmate/sportmate/vendor/laravel/framework/src/Illuminate/Database/Console/Migrations/MigrateCommand.php(109): Illuminate/Database/Migrations/Migrator->usingConnection(NULL, Object(Closure))
#40 C:/Users/LENOVO/Downloads/sportmate/sportmate/vendor/laravel/framework/src/Illuminate/Database/Console/Migrations/MigrateCommand.php(88): Illuminate/Database/Console/Migrations/MigrateCommand->runMigrations()
#41 C:/Users/LENOVO/Downloads/sportmate/sportmate/vendor/laravel/framework/src/Illuminate/Container/BoundMethod.php(36): Illuminate/Database/Console/Migrations/MigrateCommand->handle()
#42 C:/Users/LENOVO/Downloads/sportmate/sportmate/vendor/laravel/framework/src/Illuminate/Container/Util.php(43): Illuminate/Container/BoundMethod::{closure:Illuminate/Container/BoundMethod::call():35}()
#43 C:/Users/LENOVO/Downloads/sportmate/sportmate/vendor/laravel/framework/src/Illuminate/Container/BoundMethod.php(96): Illuminate/Container/Util::unwrapIfClosure(Object(Closure))
#44 C:/Users/LENOVO/Downloads/sportmate/sportmate/vendor/laravel/framework/src/Illuminate/Container/BoundMethod.php(35): Illuminate/Container/BoundMethod::callBoundMethod(Object(Illuminate/Foundation/Application), Array, Object(Closure))
#45 C:/Users/LENOVO/Downloads/sportmate/sportmate/vendor/laravel/framework/src/Illuminate/Container/Container.php(799): Illuminate/Container/BoundMethod::call(Object(Illuminate/Foundation/Application), Array, Array, NULL)
#46 C:/Users/LENOVO/Downloads/sportmate/sportmate/vendor/laravel/framework/src/Illuminate/Console/Command.php(211): Illuminate/Container/Container->call(Array)
#47 C:/Users/LENOVO/Downloads/sportmate/sportmate/vendor/symfony/console/Command/Command.php(341): Illuminate/Console/Command->execute(Object(Symfony/Component/Console/Input/ArgvInput), Object(Illuminate/Console/OutputStyle))
#48 C:/Users/LENOVO/Downloads/sportmate/sportmate/vendor/laravel/framework/src/Illuminate/Console/Command.php(180): Symfony/Component/Console/Command/Command->run(Object(Symfony/Component/Console/Input/ArgvInput), Object(Illuminate/Console/OutputStyle))
#49 C:/Users/LENOVO/Downloads/sportmate/sportmate/vendor/symfony/console/Application.php(1117): Illuminate/Console/Command->run(Object(Symfony/Component/Console/Input/ArgvInput), Object(Symfony/Component/Console/Output/ConsoleOutput))
#50 C:/Users/LENOVO/Downloads/sportmate/sportmate/vendor/symfony/console/Application.php(356): Symfony/Component/Console/Application->doRunCommand(Object(Illuminate/Database/Console/Migrations/MigrateCommand), Object(Symfony/Component/Console/Input/ArgvInput), Object(Symfony/Component/Console/Output/ConsoleOutput))
#51 C:/Users/LENOVO/Downloads/sportmate/sportmate/vendor/symfony/console/Application.php(195): Symfony/Component/Console/Application->doRun(Object(Symfony/Component/Console/Input/ArgvInput), Object(Symfony/Component/Console/Output/ConsoleOutput))
#52 C:/Users/LENOVO/Downloads/sportmate/sportmate/vendor/laravel/framework/src/Illuminate/Foundation/Console/Kernel.php(198): Symfony/Component/Console/Application->run(Object(Symfony/Component/Console/Input/ArgvInput), Object(Symfony/Component/Console/Output/ConsoleOutput))
#53 C:/Users/LENOVO/Downloads/sportmate/sportmate/vendor/laravel/framework/src/Illuminate/Foundation/Application.php(1235): Illuminate/Foundation/Console/Kernel->handle(Object(Symfony/Component/Console/Input/ArgvInput), Object(Symfony/Component/Console/Output/ConsoleOutput))
#54 C:/Users/LENOVO/Downloads/sportmate/sportmate/artisan(14): Illuminate/Foundation/Application->handleCommand(Object(Symfony/Component/Console/Input/ArgvInput))
#55 {main}
"} 
[2026-07-04 14:42:51] local.ERROR: SQLSTATE[42S22]: Column not found: 1054 Unknown column 'user_sports.jadwal' in 'field list' (Connection: mysql, Host: 127.0.0.1, Port: 3306, Database: sportmate, SQL: select `sports`.*, `user_sports`.`user_id` as `pivot_user_id`, `user_sports`.`sport_id` as `pivot_sport_id`, `user_sports`.`jadwal` as `pivot_jadwal`, `user_sports`.`created_at` as `pivot_created_at`, `user_sports`.`updated_at` as `pivot_updated_at` from `sports` inner join `user_sports` on `sports`.`id` = `user_sports`.`sport_id` where `user_sports`.`user_id` in (3, 6)) {"userId":2,"exception":"[object] (Illuminate\\Database\\QueryException(code: 42S22): SQLSTATE[42S22]: Column not found: 1054 Unknown column 'user_sports.jadwal' in 'field list' (Connection: mysql, Host: 127.0.0.1, Port: 3306, Database: sportmate, SQL: select `sports`.*, `user_sports`.`user_id` as `pivot_user_id`, `user_sports`.`sport_id` as `pivot_sport_id`, `user_sports`.`jadwal` as `pivot_jadwal`, `user_sports`.`created_at` as `pivot_created_at`, `user_sports`.`updated_at` as `pivot_updated_at` from `sports` inner join `user_sports` on `sports`.`id` = `user_sports`.`sport_id` where `user_sports`.`user_id` in (3, 6)) at C:/Users/LENOVO/Downloads/sportmate/sportmate/vendor/laravel/framework/src/Illuminate/Database/Connection.php:838)
[stacktrace]
#0 C:/Users/LENOVO/Downloads/sportmate/sportmate/vendor/laravel/framework/src/Illuminate/Database/Connection.php(794): Illuminate/Database/Connection->runQueryCallback('select `sports`...', Array, Object(Closure))
#1 C:/Users/LENOVO/Downloads/sportmate/sportmate/vendor/laravel/framework/src/Illuminate/Database/Connection.php(411): Illuminate/Database/Connection->run('select `sports`...', Array, Object(Closure))
#2 C:/Users/LENOVO/Downloads/sportmate/sportmate/vendor/laravel/framework/src/Illuminate/Database/Query/Builder.php(3505): Illuminate/Database/Connection->select('select `sports`...', Array, true)
#3 C:/Users/LENOVO/Downloads/sportmate/sportmate/vendor/laravel/framework/src/Illuminate/Database/Query/Builder.php(3490): Illuminate/Database/Query/Builder->runSelect()
#4 C:/Users/LENOVO/Downloads/sportmate/sportmate/vendor/laravel/framework/src/Illuminate/Database/Query/Builder.php(4080): Illuminate/Database/Query/Builder->{closure:Illuminate/Database/Query/Builder::get():3489}()
#5 C:/Users/LENOVO/Downloads/sportmate/sportmate/vendor/laravel/framework/src/Illuminate/Database/Query/Builder.php(3489): Illuminate/Database/Query/Builder->onceWithColumns(Array, Object(Closure))
#6 C:/Users/LENOVO/Downloads/sportmate/sportmate/vendor/laravel/framework/src/Illuminate/Database/Eloquent/Builder.php(902): Illuminate/Database/Query/Builder->get(Array)
#7 C:/Users/LENOVO/Downloads/sportmate/sportmate/vendor/laravel/framework/src/Illuminate/Database/Eloquent/Relations/BelongsToMany.php(932): Illuminate/Database/Eloquent/Builder->getModels()
#8 C:/Users/LENOVO/Downloads/sportmate/sportmate/vendor/laravel/framework/src/Illuminate/Database/Eloquent/Relations/Relation.php(175): Illuminate/Database/Eloquent/Relations/BelongsToMany->get()
#9 C:/Users/LENOVO/Downloads/sportmate/sportmate/vendor/laravel/framework/src/Illuminate/Database/Eloquent/Builder.php(950): Illuminate/Database/Eloquent/Relations/Relation->getEager()
#10 C:/Users/LENOVO/Downloads/sportmate/sportmate/vendor/laravel/framework/src/Illuminate/Database/Eloquent/Builder.php(919): Illuminate/Database/Eloquent/Builder->eagerLoadRelation(Array, 'sports', Object(Closure))
#11 C:/Users/LENOVO/Downloads/sportmate/sportmate/vendor/laravel/framework/src/Illuminate/Database/Eloquent/Builder.php(885): Illuminate/Database/Eloquent/Builder->eagerLoadRelations(Array)
#12 C:/Users/LENOVO/Downloads/sportmate/sportmate/app/Http/Controllers/DashboardController.php(32): Illuminate/Database/Eloquent/Builder->get()
#13 C:/Users/LENOVO/Downloads/sportmate/sportmate/vendor/laravel/framework/src/Illuminate/Routing/ControllerDispatcher.php(46): App/Http/Controllers/DashboardController->index()
#14 C:/Users/LENOVO/Downloads/sportmate/sportmate/vendor/laravel/framework/src/Illuminate/Routing/Route.php(265): Illuminate/Routing/ControllerDispatcher->dispatch(Object(Illuminate/Routing/Route), Object(App/Http/Controllers/DashboardController), 'index')
#15 C:/Users/LENOVO/Downloads/sportmate/sportmate/vendor/laravel/framework/src/Illuminate/Routing/Route.php(211): Illuminate/Routing/Route->runController()
#16 C:/Users/LENOVO/Downloads/sportmate/sportmate/vendor/laravel/framework/src/Illuminate/Routing/Router.php(822): Illuminate/Routing/Route->run()
#17 C:/Users/LENOVO/Downloads/sportmate/sportmate/vendor/laravel/framework/src/Illuminate/Pipeline/Pipeline.php(180): Illuminate/Routing/Router->{closure:Illuminate/Routing/Router::runRouteWithinStack():821}(Object(Illuminate/Http/Request))
#18 C:/Users/LENOVO/Downloads/sportmate/sportmate/vendor/laravel/framework/src/Illuminate/Routing/Middleware/SubstituteBindings.php(50): Illuminate/Pipeline/Pipeline->{closure:Illuminate/Pipeline/Pipeline::prepareDestination():178}(Object(Illuminate/Http/Request))
#19 C:/Users/LENOVO/Downloads/sportmate/sportmate/vendor/laravel/framework/src/Illuminate/Pipeline/Pipeline.php(219): Illuminate/Routing/Middleware/SubstituteBindings->handle(Object(Illuminate/Http/Request), Object(Closure))
#20 C:/Users/LENOVO/Downloads/sportmate/sportmate/vendor/laravel/framework/src/Illuminate/Auth/Middleware/Authenticate.php(63): Illuminate/Pipeline/Pipeline->{closure:{closure:Illuminate/Pipeline/Pipeline::carry():194}:195}(Object(Illuminate/Http/Request))
#21 C:/Users/LENOVO/Downloads/sportmate/sportmate/vendor/laravel/framework/src/Illuminate/Pipeline/Pipeline.php(219): Illuminate/Auth/Middleware/Authenticate->handle(Object(Illuminate/Http/Request), Object(Closure))
#22 C:/Users/LENOVO/Downloads/sportmate/sportmate/vendor/laravel/framework/src/Illuminate/Foundation/Http/Middleware/VerifyCsrfToken.php(87): Illuminate/Pipeline/Pipeline->{closure:{closure:Illuminate/Pipeline/Pipeline::carry():194}:195}(Object(Illuminate/Http/Request))
#23 C:/Users/LENOVO/Downloads/sportmate/sportmate/vendor/laravel/framework/src/Illuminate/Pipeline/Pipeline.php(219): Illuminate/Foundation/Http/Middleware/VerifyCsrfToken->handle(Object(Illuminate/Http/Request), Object(Closure))
#24 C:/Users/LENOVO/Downloads/sportmate/sportmate/vendor/laravel/framework/src/Illuminate/View/Middleware/ShareErrorsFromSession.php(48): Illuminate/Pipeline/Pipeline->{closure:{closure:Illuminate/Pipeline/Pipeline::carry():194}:195}(Object(Illuminate/Http/Request))
#25 C:/Users/LENOVO/Downloads/sportmate/sportmate/vendor/laravel/framework/src/Illuminate/Pipeline/Pipeline.php(219): Illuminate/View/Middleware/ShareErrorsFromSession->handle(Object(Illuminate/Http/Request), Object(Closure))
#26 C:/Users/LENOVO/Downloads/sportmate/sportmate/vendor/laravel/framework/src/Illuminate/Session/Middleware/StartSession.php(120): Illuminate/Pipeline/Pipeline->{closure:{closure:Illuminate/Pipeline/Pipeline::carry():194}:195}(Object(Illuminate/Http/Request))
#27 C:/Users/LENOVO/Downloads/sportmate/sportmate/vendor/laravel/framework/src/Illuminate/Session/Middleware/StartSession.php(63): Illuminate/Session/Middleware/StartSession->handleStatefulRequest(Object(Illuminate/Http/Request), Object(Illuminate/Session/Store), Object(Closure))
#28 C:/Users/LENOVO/Downloads/sportmate/sportmate/vendor/laravel/framework/src/Illuminate/Pipeline/Pipeline.php(219): Illuminate/Session/Middleware/StartSession->handle(Object(Illuminate/Http/Request), Object(Closure))
#29 C:/Users/LENOVO/Downloads/sportmate/sportmate/vendor/laravel/framework/src/Illuminate/Cookie/Middleware/AddQueuedCookiesToResponse.php(36): Illuminate/Pipeline/Pipeline->{closure:{closure:Illuminate/Pipeline/Pipeline::carry():194}:195}(Object(Illuminate/Http/Request))
#30 C:/Users/LENOVO/Downloads/sportmate/sportmate/vendor/laravel/framework/src/Illuminate/Pipeline/Pipeline.php(219): Illuminate/Cookie/Middleware/AddQueuedCookiesToResponse->handle(Object(Illuminate/Http/Request), Object(Closure))
#31 C:/Users/LENOVO/Downloads/sportmate/sportmate/vendor/laravel/framework/src/Illuminate/Cookie/Middleware/EncryptCookies.php(74): Illuminate/Pipeline/Pipeline->{closure:{closure:Illuminate/Pipeline/Pipeline::carry():194}:195}(Object(Illuminate/Http/Request))
#32 C:/Users/LENOVO/Downloads/sportmate/sportmate/vendor/laravel/framework/src/Illuminate/Pipeline/Pipeline.php(219): Illuminate/Cookie/Middleware/EncryptCookies->handle(Object(Illuminate/Http/Request), Object(Closure))
#33 C:/Users/LENOVO/Downloads/sportmate/sportmate/vendor/laravel/framework/src/Illuminate/Pipeline/Pipeline.php(137): Illuminate/Pipeline/Pipeline->{closure:{closure:Illuminate/Pipeline/Pipeline::carry():194}:195}(Object(Illuminate/Http/Request))
#34 C:/Users/LENOVO/Downloads/sportmate/sportmate/vendor/laravel/framework/src/Illuminate/Routing/Router.php(821): Illuminate/Pipeline/Pipeline->then(Object(Closure))
#35 C:/Users/LENOVO/Downloads/sportmate/sportmate/vendor/laravel/framework/src/Illuminate/Routing/Router.php(800): Illuminate/Routing/Router->runRouteWithinStack(Object(Illuminate/Routing/Route), Object(Illuminate/Http/Request))
#36 C:/Users/LENOVO/Downloads/sportmate/sportmate/vendor/laravel/framework/src/Illuminate/Routing/Router.php(764): Illuminate/Routing/Router->runRoute(Object(Illuminate/Http/Request), Object(Illuminate/Routing/Route))
#37 C:/Users/LENOVO/Downloads/sportmate/sportmate/vendor/laravel/framework/src/Illuminate/Routing/Router.php(753): Illuminate/Routing/Router->dispatchToRoute(Object(Illuminate/Http/Request))
#38 C:/Users/LENOVO/Downloads/sportmate/sportmate/vendor/laravel/framework/src/Illuminate/Foundation/Http/Kernel.php(200): Illuminate/Routing/Router->dispatch(Object(Illuminate/Http/Request))
#39 C:/Users/LENOVO/Downloads/sportmate/sportmate/vendor/laravel/framework/src/Illuminate/Pipeline/Pipeline.php(180): Illuminate/Foundation/Http/Kernel->{closure:Illuminate/Foundation/Http/Kernel::dispatchToRouter():197}(Object(Illuminate/Http/Request))
#40 C:/Users/LENOVO/Downloads/sportmate/sportmate/vendor/laravel/framework/src/Illuminate/Foundation/Http/Middleware/TransformsRequest.php(21): Illuminate/Pipeline/Pipeline->{closure:Illuminate/Pipeline/Pipeline::prepareDestination():178}(Object(Illuminate/Http/Request))
#41 C:/Users/LENOVO/Downloads/sportmate/sportmate/vendor/laravel/framework/src/Illuminate/Foundation/Http/Middleware/ConvertEmptyStringsToNull.php(31): Illuminate/Foundation/Http/Middleware/TransformsRequest->handle(Object(Illuminate/Http/Request), Object(Closure))
#42 C:/Users/LENOVO/Downloads/sportmate/sportmate/vendor/laravel/framework/src/Illuminate/Pipeline/Pipeline.php(219): Illuminate/Foundation/Http/Middleware/ConvertEmptyStringsToNull->handle(Object(Illuminate/Http/Request), Object(Closure))
#43 C:/Users/LENOVO/Downloads/sportmate/sportmate/vendor/laravel/framework/src/Illuminate/Foundation/Http/Middleware/TransformsRequest.php(21): Illuminate/Pipeline/Pipeline->{closure:{closure:Illuminate/Pipeline/Pipeline::carry():194}:195}(Object(Illuminate/Http/Request))
#44 C:/Users/LENOVO/Downloads/sportmate/sportmate/vendor/laravel/framework/src/Illuminate/Foundation/Http/Middleware/TrimStrings.php(51): Illuminate/Foundation/Http/Middleware/TransformsRequest->handle(Object(Illuminate/Http/Request), Object(Closure))
#45 C:/Users/LENOVO/Downloads/sportmate/sportmate/vendor/laravel/framework/src/Illuminate/Pipeline/Pipeline.php(219): Illuminate/Foundation/Http/Middleware/TrimStrings->handle(Object(Illuminate/Http/Request), Object(Closure))
#46 C:/Users/LENOVO/Downloads/sportmate/sportmate/vendor/laravel/framework/src/Illuminate/Http/Middleware/ValidatePostSize.php(27): Illuminate/Pipeline/Pipeline->{closure:{closure:Illuminate/Pipeline/Pipeline::carry():194}:195}(Object(Illuminate/Http/Request))
#47 C:/Users/LENOVO/Downloads/sportmate/sportmate/vendor/laravel/framework/src/Illuminate/Pipeline/Pipeline.php(219): Illuminate/Http/Middleware/ValidatePostSize->handle(Object(Illuminate/Http/Request), Object(Closure))
#48 C:/Users/LENOVO/Downloads/sportmate/sportmate/vendor/laravel/framework/src/Illuminate/Foundation/Http/Middleware/PreventRequestsDuringMaintenance.php(109): Illuminate/Pipeline/Pipeline->{closure:{closure:Illuminate/Pipeline/Pipeline::carry():194}:195}(Object(Illuminate/Http/Request))
#49 C:/Users/LENOVO/Downloads/sportmate/sportmate/vendor/laravel/framework/src/Illuminate/Pipeline/Pipeline.php(219): Illuminate/Foundation/Http/Middleware/PreventRequestsDuringMaintenance->handle(Object(Illuminate/Http/Request), Object(Closure))
#50 C:/Users/LENOVO/Downloads/sportmate/sportmate/vendor/laravel/framework/src/Illuminate/Http/Middleware/HandleCors.php(61): Illuminate/Pipeline/Pipeline->{closure:{closure:Illuminate/Pipeline/Pipeline::carry():194}:195}(Object(Illuminate/Http/Request))
#51 C:/Users/LENOVO/Downloads/sportmate/sportmate/vendor/laravel/framework/src/Illuminate/Pipeline/Pipeline.php(219): Illuminate/Http/Middleware/HandleCors->handle(Object(Illuminate/Http/Request), Object(Closure))
#52 C:/Users/LENOVO/Downloads/sportmate/sportmate/vendor/laravel/framework/src/Illuminate/Http/Middleware/TrustProxies.php(58): Illuminate/Pipeline/Pipeline->{closure:{closure:Illuminate/Pipeline/Pipeline::carry():194}:195}(Object(Illuminate/Http/Request))
#53 C:/Users/LENOVO/Downloads/sportmate/sportmate/vendor/laravel/framework/src/Illuminate/Pipeline/Pipeline.php(219): Illuminate/Http/Middleware/TrustProxies->handle(Object(Illuminate/Http/Request), Object(Closure))
#54 C:/Users/LENOVO/Downloads/sportmate/sportmate/vendor/laravel/framework/src/Illuminate/Foundation/Http/Middleware/InvokeDeferredCallbacks.php(22): Illuminate/Pipeline/Pipeline->{closure:{closure:Illuminate/Pipeline/Pipeline::carry():194}:195}(Object(Illuminate/Http/Request))
#55 C:/Users/LENOVO/Downloads/sportmate/sportmate/vendor/laravel/framework/src/Illuminate/Pipeline/Pipeline.php(219): Illuminate/Foundation/Http/Middleware/InvokeDeferredCallbacks->handle(Object(Illuminate/Http/Request), Object(Closure))
#56 C:/Users/LENOVO/Downloads/sportmate/sportmate/vendor/laravel/framework/src/Illuminate/Http/Middleware/ValidatePathEncoding.php(26): Illuminate/Pipeline/Pipeline->{closure:{closure:Illuminate/Pipeline/Pipeline::carry():194}:195}(Object(Illuminate/Http/Request))
#57 C:/Users/LENOVO/Downloads/sportmate/sportmate/vendor/laravel/framework/src/Illuminate/Pipeline/Pipeline.php(219): Illuminate/Http/Middleware/ValidatePathEncoding->handle(Object(Illuminate/Http/Request), Object(Closure))
#58 C:/Users/LENOVO/Downloads/sportmate/sportmate/vendor/laravel/framework/src/Illuminate/Pipeline/Pipeline.php(137): Illuminate/Pipeline/Pipeline->{closure:{closure:Illuminate/Pipeline/Pipeline::carry():194}:195}(Object(Illuminate/Http/Request))
#59 C:/Users/LENOVO/Downloads/sportmate/sportmate/vendor/laravel/framework/src/Illuminate/Foundation/Http/Kernel.php(175): Illuminate/Pipeline/Pipeline->then(Object(Closure))
#60 C:/Users/LENOVO/Downloads/sportmate/sportmate/vendor/laravel/framework/src/Illuminate/Foundation/Http/Kernel.php(144): Illuminate/Foundation/Http/Kernel->sendRequestThroughRouter(Object(Illuminate/Http/Request))
#61 C:/Users/LENOVO/Downloads/sportmate/sportmate/vendor/laravel/framework/src/Illuminate/Foundation/Application.php(1220): Illuminate/Foundation/Http/Kernel->handle(Object(Illuminate/Http/Request))
#62 C:/Users/LENOVO/Downloads/sportmate/sportmate/public/index.php(15): Illuminate/Foundation/Application->handleRequest(Object(Illuminate/Http/Request))
#63 C:/Users/LENOVO/Downloads/sportmate/sportmate/vendor/laravel/framework/src/Illuminate/Foundation/resources/server.php(23): require_once('C://Users//LENOVO...')
#64 {main}

[previous exception] [object] (PDOException(code: 42S22): SQLSTATE[42S22]: Column not found: 1054 Unknown column 'user_sports.jadwal' in 'field list' at C:/Users/LENOVO/Downloads/sportmate/sportmate/vendor/laravel/framework/src/Illuminate/Database/Connection.php:420)
[stacktrace]
#0 C:/Users/LENOVO/Downloads/sportmate/sportmate/vendor/laravel/framework/src/Illuminate/Database/Connection.php(420): PDO->prepare('select `sports`...')
#1 C:/Users/LENOVO/Downloads/sportmate/sportmate/vendor/laravel/framework/src/Illuminate/Database/Connection.php(827): Illuminate/Database/Connection->{closure:Illuminate/Database/Connection::select():411}('select `sports`...', Array)
#2 C:/Users/LENOVO/Downloads/sportmate/sportmate/vendor/laravel/framework/src/Illuminate/Database/Connection.php(794): Illuminate/Database/Connection->runQueryCallback('select `sports`...', Array, Object(Closure))
#3 C:/Users/LENOVO/Downloads/sportmate/sportmate/vendor/laravel/framework/src/Illuminate/Database/Connection.php(411): Illuminate/Database/Connection->run('select `sports`...', Array, Object(Closure))
#4 C:/Users/LENOVO/Downloads/sportmate/sportmate/vendor/laravel/framework/src/Illuminate/Database/Query/Builder.php(3505): Illuminate/Database/Connection->select('select `sports`...', Array, true)
#5 C:/Users/LENOVO/Downloads/sportmate/sportmate/vendor/laravel/framework/src/Illuminate/Database/Query/Builder.php(3490): Illuminate/Database/Query/Builder->runSelect()
#6 C:/Users/LENOVO/Downloads/sportmate/sportmate/vendor/laravel/framework/src/Illuminate/Database/Query/Builder.php(4080): Illuminate/Database/Query/Builder->{closure:Illuminate/Database/Query/Builder::get():3489}()
#7 C:/Users/LENOVO/Downloads/sportmate/sportmate/vendor/laravel/framework/src/Illuminate/Database/Query/Builder.php(3489): Illuminate/Database/Query/Builder->onceWithColumns(Array, Object(Closure))
#8 C:/Users/LENOVO/Downloads/sportmate/sportmate/vendor/laravel/framework/src/Illuminate/Database/Eloquent/Builder.php(902): Illuminate/Database/Query/Builder->get(Array)
#9 C:/Users/LENOVO/Downloads/sportmate/sportmate/vendor/laravel/framework/src/Illuminate/Database/Eloquent/Relations/BelongsToMany.php(932): Illuminate/Database/Eloquent/Builder->getModels()
#10 C:/Users/LENOVO/Downloads/sportmate/sportmate/vendor/laravel/framework/src/Illuminate/Database/Eloquent/Relations/Relation.php(175): Illuminate/Database/Eloquent/Relations/BelongsToMany->get()
#11 C:/Users/LENOVO/Downloads/sportmate/sportmate/vendor/laravel/framework/src/Illuminate/Database/Eloquent/Builder.php(950): Illuminate/Database/Eloquent/Relations/Relation->getEager()
#12 C:/Users/LENOVO/Downloads/sportmate/sportmate/vendor/laravel/framework/src/Illuminate/Database/Eloquent/Builder.php(919): Illuminate/Database/Eloquent/Builder->eagerLoadRelation(Array, 'sports', Object(Closure))
#13 C:/Users/LENOVO/Downloads/sportmate/sportmate/vendor/laravel/framework/src/Illuminate/Database/Eloquent/Builder.php(885): Illuminate/Database/Eloquent/Builder->eagerLoadRelations(Array)
#14 C:/Users/LENOVO/Downloads/sportmate/sportmate/app/Http/Controllers/DashboardController.php(32): Illuminate/Database/Eloquent/Builder->get()
#15 C:/Users/LENOVO/Downloads/sportmate/sportmate/vendor/laravel/framework/src/Illuminate/Routing/ControllerDispatcher.php(46): App/Http/Controllers/DashboardController->index()
#16 C:/Users/LENOVO/Downloads/sportmate/sportmate/vendor/laravel/framework/src/Illuminate/Routing/Route.php(265): Illuminate/Routing/ControllerDispatcher->dispatch(Object(Illuminate/Routing/Route), Object(App/Http/Controllers/DashboardController), 'index')
#17 C:/Users/LENOVO/Downloads/sportmate/sportmate/vendor/laravel/framework/src/Illuminate/Routing/Route.php(211): Illuminate/Routing/Route->runController()
#18 C:/Users/LENOVO/Downloads/sportmate/sportmate/vendor/laravel/framework/src/Illuminate/Routing/Router.php(822): Illuminate/Routing/Route->run()
#19 C:/Users/LENOVO/Downloads/sportmate/sportmate/vendor/laravel/framework/src/Illuminate/Pipeline/Pipeline.php(180): Illuminate/Routing/Router->{closure:Illuminate/Routing/Router::runRouteWithinStack():821}(Object(Illuminate/Http/Request))
#20 C:/Users/LENOVO/Downloads/sportmate/sportmate/vendor/laravel/framework/src/Illuminate/Routing/Middleware/SubstituteBindings.php(50): Illuminate/Pipeline/Pipeline->{closure:Illuminate/Pipeline/Pipeline::prepareDestination():178}(Object(Illuminate/Http/Request))
#21 C:/Users/LENOVO/Downloads/sportmate/sportmate/vendor/laravel/framework/src/Illuminate/Pipeline/Pipeline.php(219): Illuminate/Routing/Middleware/SubstituteBindings->handle(Object(Illuminate/Http/Request), Object(Closure))
#22 C:/Users/LENOVO/Downloads/sportmate/sportmate/vendor/laravel/framework/src/Illuminate/Auth/Middleware/Authenticate.php(63): Illuminate/Pipeline/Pipeline->{closure:{closure:Illuminate/Pipeline/Pipeline::carry():194}:195}(Object(Illuminate/Http/Request))
#23 C:/Users/LENOVO/Downloads/sportmate/sportmate/vendor/laravel/framework/src/Illuminate/Pipeline/Pipeline.php(219): Illuminate/Auth/Middleware/Authenticate->handle(Object(Illuminate/Http/Request), Object(Closure))
#24 C:/Users/LENOVO/Downloads/sportmate/sportmate/vendor/laravel/framework/src/Illuminate/Foundation/Http/Middleware/VerifyCsrfToken.php(87): Illuminate/Pipeline/Pipeline->{closure:{closure:Illuminate/Pipeline/Pipeline::carry():194}:195}(Object(Illuminate/Http/Request))
#25 C:/Users/LENOVO/Downloads/sportmate/sportmate/vendor/laravel/framework/src/Illuminate/Pipeline/Pipeline.php(219): Illuminate/Foundation/Http/Middleware/VerifyCsrfToken->handle(Object(Illuminate/Http/Request), Object(Closure))
#26 C:/Users/LENOVO/Downloads/sportmate/sportmate/vendor/laravel/framework/src/Illuminate/View/Middleware/ShareErrorsFromSession.php(48): Illuminate/Pipeline/Pipeline->{closure:{closure:Illuminate/Pipeline/Pipeline::carry():194}:195}(Object(Illuminate/Http/Request))
#27 C:/Users/LENOVO/Downloads/sportmate/sportmate/vendor/laravel/framework/src/Illuminate/Pipeline/Pipeline.php(219): Illuminate/View/Middleware/ShareErrorsFromSession->handle(Object(Illuminate/Http/Request), Object(Closure))
#28 C:/Users/LENOVO/Downloads/sportmate/sportmate/vendor/laravel/framework/src/Illuminate/Session/Middleware/StartSession.php(120): Illuminate/Pipeline/Pipeline->{closure:{closure:Illuminate/Pipeline/Pipeline::carry():194}:195}(Object(Illuminate/Http/Request))
#29 C:/Users/LENOVO/Downloads/sportmate/sportmate/vendor/laravel/framework/src/Illuminate/Session/Middleware/StartSession.php(63): Illuminate/Session/Middleware/StartSession->handleStatefulRequest(Object(Illuminate/Http/Request), Object(Illuminate/Session/Store), Object(Closure))
#30 C:/Users/LENOVO/Downloads/sportmate/sportmate/vendor/laravel/framework/src/Illuminate/Pipeline/Pipeline.php(219): Illuminate/Session/Middleware/StartSession->handle(Object(Illuminate/Http/Request), Object(Closure))
#31 C:/Users/LENOVO/Downloads/sportmate/sportmate/vendor/laravel/framework/src/Illuminate/Cookie/Middleware/AddQueuedCookiesToResponse.php(36): Illuminate/Pipeline/Pipeline->{closure:{closure:Illuminate/Pipeline/Pipeline::carry():194}:195}(Object(Illuminate/Http/Request))
#32 C:/Users/LENOVO/Downloads/sportmate/sportmate/vendor/laravel/framework/src/Illuminate/Pipeline/Pipeline.php(219): Illuminate/Cookie/Middleware/AddQueuedCookiesToResponse->handle(Object(Illuminate/Http/Request), Object(Closure))
#33 C:/Users/LENOVO/Downloads/sportmate/sportmate/vendor/laravel/framework/src/Illuminate/Cookie/Middleware/EncryptCookies.php(74): Illuminate/Pipeline/Pipeline->{closure:{closure:Illuminate/Pipeline/Pipeline::carry():194}:195}(Object(Illuminate/Http/Request))
#34 C:/Users/LENOVO/Downloads/sportmate/sportmate/vendor/laravel/framework/src/Illuminate/Pipeline/Pipeline.php(219): Illuminate/Cookie/Middleware/EncryptCookies->handle(Object(Illuminate/Http/Request), Object(Closure))
#35 C:/Users/LENOVO/Downloads/sportmate/sportmate/vendor/laravel/framework/src/Illuminate/Pipeline/Pipeline.php(137): Illuminate/Pipeline/Pipeline->{closure:{closure:Illuminate/Pipeline/Pipeline::carry():194}:195}(Object(Illuminate/Http/Request))
#36 C:/Users/LENOVO/Downloads/sportmate/sportmate/vendor/laravel/framework/src/Illuminate/Routing/Router.php(821): Illuminate/Pipeline/Pipeline->then(Object(Closure))
#37 C:/Users/LENOVO/Downloads/sportmate/sportmate/vendor/laravel/framework/src/Illuminate/Routing/Router.php(800): Illuminate/Routing/Router->runRouteWithinStack(Object(Illuminate/Routing/Route), Object(Illuminate/Http/Request))
#38 C:/Users/LENOVO/Downloads/sportmate/sportmate/vendor/laravel/framework/src/Illuminate/Routing/Router.php(764): Illuminate/Routing/Router->runRoute(Object(Illuminate/Http/Request), Object(Illuminate/Routing/Route))
#39 C:/Users/LENOVO/Downloads/sportmate/sportmate/vendor/laravel/framework/src/Illuminate/Routing/Router.php(753): Illuminate/Routing/Router->dispatchToRoute(Object(Illuminate/Http/Request))
#40 C:/Users/LENOVO/Downloads/sportmate/sportmate/vendor/laravel/framework/src/Illuminate/Foundation/Http/Kernel.php(200): Illuminate/Routing/Router->dispatch(Object(Illuminate/Http/Request))
#41 C:/Users/LENOVO/Downloads/sportmate/sportmate/vendor/laravel/framework/src/Illuminate/Pipeline/Pipeline.php(180): Illuminate/Foundation/Http/Kernel->{closure:Illuminate/Foundation/Http/Kernel::dispatchToRouter():197}(Object(Illuminate/Http/Request))
#42 C:/Users/LENOVO/Downloads/sportmate/sportmate/vendor/laravel/framework/src/Illuminate/Foundation/Http/Middleware/TransformsRequest.php(21): Illuminate/Pipeline/Pipeline->{closure:Illuminate/Pipeline/Pipeline::prepareDestination():178}(Object(Illuminate/Http/Request))
#43 C:/Users/LENOVO/Downloads/sportmate/sportmate/vendor/laravel/framework/src/Illuminate/Foundation/Http/Middleware/ConvertEmptyStringsToNull.php(31): Illuminate/Foundation/Http/Middleware/TransformsRequest->handle(Object(Illuminate/Http/Request), Object(Closure))
#44 C:/Users/LENOVO/Downloads/sportmate/sportmate/vendor/laravel/framework/src/Illuminate/Pipeline/Pipeline.php(219): Illuminate/Foundation/Http/Middleware/ConvertEmptyStringsToNull->handle(Object(Illuminate/Http/Request), Object(Closure))
#45 C:/Users/LENOVO/Downloads/sportmate/sportmate/vendor/laravel/framework/src/Illuminate/Foundation/Http/Middleware/TransformsRequest.php(21): Illuminate/Pipeline/Pipeline->{closure:{closure:Illuminate/Pipeline/Pipeline::carry():194}:195}(Object(Illuminate/Http/Request))
#46 C:/Users/LENOVO/Downloads/sportmate/sportmate/vendor/laravel/framework/src/Illuminate/Foundation/Http/Middleware/TrimStrings.php(51): Illuminate/Foundation/Http/Middleware/TransformsRequest->handle(Object(Illuminate/Http/Request), Object(Closure))
#47 C:/Users/LENOVO/Downloads/sportmate/sportmate/vendor/laravel/framework/src/Illuminate/Pipeline/Pipeline.php(219): Illuminate/Foundation/Http/Middleware/TrimStrings->handle(Object(Illuminate/Http/Request), Object(Closure))
#48 C:/Users/LENOVO/Downloads/sportmate/sportmate/vendor/laravel/framework/src/Illuminate/Http/Middleware/ValidatePostSize.php(27): Illuminate/Pipeline/Pipeline->{closure:{closure:Illuminate/Pipeline/Pipeline::carry():194}:195}(Object(Illuminate/Http/Request))
#49 C:/Users/LENOVO/Downloads/sportmate/sportmate/vendor/laravel/framework/src/Illuminate/Pipeline/Pipeline.php(219): Illuminate/Http/Middleware/ValidatePostSize->handle(Object(Illuminate/Http/Request), Object(Closure))
#50 C:/Users/LENOVO/Downloads/sportmate/sportmate/vendor/laravel/framework/src/Illuminate/Foundation/Http/Middleware/PreventRequestsDuringMaintenance.php(109): Illuminate/Pipeline/Pipeline->{closure:{closure:Illuminate/Pipeline/Pipeline::carry():194}:195}(Object(Illuminate/Http/Request))
#51 C:/Users/LENOVO/Downloads/sportmate/sportmate/vendor/laravel/framework/src/Illuminate/Pipeline/Pipeline.php(219): Illuminate/Foundation/Http/Middleware/PreventRequestsDuringMaintenance->handle(Object(Illuminate/Http/Request), Object(Closure))
#52 C:/Users/LENOVO/Downloads/sportmate/sportmate/vendor/laravel/framework/src/Illuminate/Http/Middleware/HandleCors.php(61): Illuminate/Pipeline/Pipeline->{closure:{closure:Illuminate/Pipeline/Pipeline::carry():194}:195}(Object(Illuminate/Http/Request))
#53 C:/Users/LENOVO/Downloads/sportmate/sportmate/vendor/laravel/framework/src/Illuminate/Pipeline/Pipeline.php(219): Illuminate/Http/Middleware/HandleCors->handle(Object(Illuminate/Http/Request), Object(Closure))
#54 C:/Users/LENOVO/Downloads/sportmate/sportmate/vendor/laravel/framework/src/Illuminate/Http/Middleware/TrustProxies.php(58): Illuminate/Pipeline/Pipeline->{closure:{closure:Illuminate/Pipeline/Pipeline::carry():194}:195}(Object(Illuminate/Http/Request))
#55 C:/Users/LENOVO/Downloads/sportmate/sportmate/vendor/laravel/framework/src/Illuminate/Pipeline/Pipeline.php(219): Illuminate/Http/Middleware/TrustProxies->handle(Object(Illuminate/Http/Request), Object(Closure))
#56 C:/Users/LENOVO/Downloads/sportmate/sportmate/vendor/laravel/framework/src/Illuminate/Foundation/Http/Middleware/InvokeDeferredCallbacks.php(22): Illuminate/Pipeline/Pipeline->{closure:{closure:Illuminate/Pipeline/Pipeline::carry():194}:195}(Object(Illuminate/Http/Request))
#57 C:/Users/LENOVO/Downloads/sportmate/sportmate/vendor/laravel/framework/src/Illuminate/Pipeline/Pipeline.php(219): Illuminate/Foundation/Http/Middleware/InvokeDeferredCallbacks->handle(Object(Illuminate/Http/Request), Object(Closure))
#58 C:/Users/LENOVO/Downloads/sportmate/sportmate/vendor/laravel/framework/src/Illuminate/Http/Middleware/ValidatePathEncoding.php(26): Illuminate/Pipeline/Pipeline->{closure:{closure:Illuminate/Pipeline/Pipeline::carry():194}:195}(Object(Illuminate/Http/Request))
#59 C:/Users/LENOVO/Downloads/sportmate/sportmate/vendor/laravel/framework/src/Illuminate/Pipeline/Pipeline.php(219): Illuminate/Http/Middleware/ValidatePathEncoding->handle(Object(Illuminate/Http/Request), Object(Closure))
#60 C:/Users/LENOVO/Downloads/sportmate/sportmate/vendor/laravel/framework/src/Illuminate/Pipeline/Pipeline.php(137): Illuminate/Pipeline/Pipeline->{closure:{closure:Illuminate/Pipeline/Pipeline::carry():194}:195}(Object(Illuminate/Http/Request))
#61 C:/Users/LENOVO/Downloads/sportmate/sportmate/vendor/laravel/framework/src/Illuminate/Foundation/Http/Kernel.php(175): Illuminate/Pipeline/Pipeline->then(Object(Closure))
#62 C:/Users/LENOVO/Downloads/sportmate/sportmate/vendor/laravel/framework/src/Illuminate/Foundation/Http/Kernel.php(144): Illuminate/Foundation/Http/Kernel->sendRequestThroughRouter(Object(Illuminate/Http/Request))
#63 C:/Users/LENOVO/Downloads/sportmate/sportmate/vendor/laravel/framework/src/Illuminate/Foundation/Application.php(1220): Illuminate/Foundation/Http/Kernel->handle(Object(Illuminate/Http/Request))
#64 C:/Users/LENOVO/Downloads/sportmate/sportmate/public/index.php(15): Illuminate/Foundation/Application->handleRequest(Object(Illuminate/Http/Request))
#65 C:/Users/LENOVO/Downloads/sportmate/sportmate/vendor/laravel/framework/src/Illuminate/Foundation/resources/server.php(23): require_once('C://Users//LENOVO...')
#66 {main}
"} 
[2026-07-04 14:44:23] local.ERROR: SQLSTATE[42S22]: Column not found: 1054 Unknown column 'user_sports.jadwal' in 'field list' (Connection: mysql, Host: 127.0.0.1, Port: 3306, Database: sportmate, SQL: select `sports`.*, `user_sports`.`user_id` as `pivot_user_id`, `user_sports`.`sport_id` as `pivot_sport_id`, `user_sports`.`jadwal` as `pivot_jadwal`, `user_sports`.`created_at` as `pivot_created_at`, `user_sports`.`updated_at` as `pivot_updated_at` from `sports` inner join `user_sports` on `sports`.`id` = `user_sports`.`sport_id` where `user_sports`.`user_id` in (3, 6)) {"userId":2,"exception":"[object] (Illuminate\\Database\\QueryException(code: 42S22): SQLSTATE[42S22]: Column not found: 1054 Unknown column 'user_sports.jadwal' in 'field list' (Connection: mysql, Host: 127.0.0.1, Port: 3306, Database: sportmate, SQL: select `sports`.*, `user_sports`.`user_id` as `pivot_user_id`, `user_sports`.`sport_id` as `pivot_sport_id`, `user_sports`.`jadwal` as `pivot_jadwal`, `user_sports`.`created_at` as `pivot_created_at`, `user_sports`.`updated_at` as `pivot_updated_at` from `sports` inner join `user_sports` on `sports`.`id` = `user_sports`.`sport_id` where `user_sports`.`user_id` in (3, 6)) at C:/Users/LENOVO/Downloads/sportmate/sportmate/vendor/laravel/framework/src/Illuminate/Database/Connection.php:838)
[stacktrace]
#0 C:/Users/LENOVO/Downloads/sportmate/sportmate/vendor/laravel/framework/src/Illuminate/Database/Connection.php(794): Illuminate/Database/Connection->runQueryCallback('select `sports`...', Array, Object(Closure))
#1 C:/Users/LENOVO/Downloads/sportmate/sportmate/vendor/laravel/framework/src/Illuminate/Database/Connection.php(411): Illuminate/Database/Connection->run('select `sports`...', Array, Object(Closure))
#2 C:/Users/LENOVO/Downloads/sportmate/sportmate/vendor/laravel/framework/src/Illuminate/Database/Query/Builder.php(3505): Illuminate/Database/Connection->select('select `sports`...', Array, true)
#3 C:/Users/LENOVO/Downloads/sportmate/sportmate/vendor/laravel/framework/src/Illuminate/Database/Query/Builder.php(3490): Illuminate/Database/Query/Builder->runSelect()
#4 C:/Users/LENOVO/Downloads/sportmate/sportmate/vendor/laravel/framework/src/Illuminate/Database/Query/Builder.php(4080): Illuminate/Database/Query/Builder->{closure:Illuminate/Database/Query/Builder::get():3489}()
#5 C:/Users/LENOVO/Downloads/sportmate/sportmate/vendor/laravel/framework/src/Illuminate/Database/Query/Builder.php(3489): Illuminate/Database/Query/Builder->onceWithColumns(Array, Object(Closure))
#6 C:/Users/LENOVO/Downloads/sportmate/sportmate/vendor/laravel/framework/src/Illuminate/Database/Eloquent/Builder.php(902): Illuminate/Database/Query/Builder->get(Array)
#7 C:/Users/LENOVO/Downloads/sportmate/sportmate/vendor/laravel/framework/src/Illuminate/Database/Eloquent/Relations/BelongsToMany.php(932): Illuminate/Database/Eloquent/Builder->getModels()
#8 C:/Users/LENOVO/Downloads/sportmate/sportmate/vendor/laravel/framework/src/Illuminate/Database/Eloquent/Relations/Relation.php(175): Illuminate/Database/Eloquent/Relations/BelongsToMany->get()
#9 C:/Users/LENOVO/Downloads/sportmate/sportmate/vendor/laravel/framework/src/Illuminate/Database/Eloquent/Builder.php(950): Illuminate/Database/Eloquent/Relations/Relation->getEager()
#10 C:/Users/LENOVO/Downloads/sportmate/sportmate/vendor/laravel/framework/src/Illuminate/Database/Eloquent/Builder.php(919): Illuminate/Database/Eloquent/Builder->eagerLoadRelation(Array, 'sports', Object(Closure))
#11 C:/Users/LENOVO/Downloads/sportmate/sportmate/vendor/laravel/framework/src/Illuminate/Database/Eloquent/Builder.php(885): Illuminate/Database/Eloquent/Builder->eagerLoadRelations(Array)
#12 C:/Users/LENOVO/Downloads/sportmate/sportmate/app/Http/Controllers/DashboardController.php(32): Illuminate/Database/Eloquent/Builder->get()
#13 C:/Users/LENOVO/Downloads/sportmate/sportmate/vendor/laravel/framework/src/Illuminate/Routing/ControllerDispatcher.php(46): App/Http/Controllers/DashboardController->index()
#14 C:/Users/LENOVO/Downloads/sportmate/sportmate/vendor/laravel/framework/src/Illuminate/Routing/Route.php(265): Illuminate/Routing/ControllerDispatcher->dispatch(Object(Illuminate/Routing/Route), Object(App/Http/Controllers/DashboardController), 'index')
#15 C:/Users/LENOVO/Downloads/sportmate/sportmate/vendor/laravel/framework/src/Illuminate/Routing/Route.php(211): Illuminate/Routing/Route->runController()
#16 C:/Users/LENOVO/Downloads/sportmate/sportmate/vendor/laravel/framework/src/Illuminate/Routing/Router.php(822): Illuminate/Routing/Route->run()
#17 C:/Users/LENOVO/Downloads/sportmate/sportmate/vendor/laravel/framework/src/Illuminate/Pipeline/Pipeline.php(180): Illuminate/Routing/Router->{closure:Illuminate/Routing/Router::runRouteWithinStack():821}(Object(Illuminate/Http/Request))
#18 C:/Users/LENOVO/Downloads/sportmate/sportmate/vendor/laravel/framework/src/Illuminate/Routing/Middleware/SubstituteBindings.php(50): Illuminate/Pipeline/Pipeline->{closure:Illuminate/Pipeline/Pipeline::prepareDestination():178}(Object(Illuminate/Http/Request))
#19 C:/Users/LENOVO/Downloads/sportmate/sportmate/vendor/laravel/framework/src/Illuminate/Pipeline/Pipeline.php(219): Illuminate/Routing/Middleware/SubstituteBindings->handle(Object(Illuminate/Http/Request), Object(Closure))
#20 C:/Users/LENOVO/Downloads/sportmate/sportmate/vendor/laravel/framework/src/Illuminate/Auth/Middleware/Authenticate.php(63): Illuminate/Pipeline/Pipeline->{closure:{closure:Illuminate/Pipeline/Pipeline::carry():194}:195}(Object(Illuminate/Http/Request))
#21 C:/Users/LENOVO/Downloads/sportmate/sportmate/vendor/laravel/framework/src/Illuminate/Pipeline/Pipeline.php(219): Illuminate/Auth/Middleware/Authenticate->handle(Object(Illuminate/Http/Request), Object(Closure))
#22 C:/Users/LENOVO/Downloads/sportmate/sportmate/vendor/laravel/framework/src/Illuminate/Foundation/Http/Middleware/VerifyCsrfToken.php(87): Illuminate/Pipeline/Pipeline->{closure:{closure:Illuminate/Pipeline/Pipeline::carry():194}:195}(Object(Illuminate/Http/Request))
#23 C:/Users/LENOVO/Downloads/sportmate/sportmate/vendor/laravel/framework/src/Illuminate/Pipeline/Pipeline.php(219): Illuminate/Foundation/Http/Middleware/VerifyCsrfToken->handle(Object(Illuminate/Http/Request), Object(Closure))
#24 C:/Users/LENOVO/Downloads/sportmate/sportmate/vendor/laravel/framework/src/Illuminate/View/Middleware/ShareErrorsFromSession.php(48): Illuminate/Pipeline/Pipeline->{closure:{closure:Illuminate/Pipeline/Pipeline::carry():194}:195}(Object(Illuminate/Http/Request))
#25 C:/Users/LENOVO/Downloads/sportmate/sportmate/vendor/laravel/framework/src/Illuminate/Pipeline/Pipeline.php(219): Illuminate/View/Middleware/ShareErrorsFromSession->handle(Object(Illuminate/Http/Request), Object(Closure))
#26 C:/Users/LENOVO/Downloads/sportmate/sportmate/vendor/laravel/framework/src/Illuminate/Session/Middleware/StartSession.php(120): Illuminate/Pipeline/Pipeline->{closure:{closure:Illuminate/Pipeline/Pipeline::carry():194}:195}(Object(Illuminate/Http/Request))
#27 C:/Users/LENOVO/Downloads/sportmate/sportmate/vendor/laravel/framework/src/Illuminate/Session/Middleware/StartSession.php(63): Illuminate/Session/Middleware/StartSession->handleStatefulRequest(Object(Illuminate/Http/Request), Object(Illuminate/Session/Store), Object(Closure))
#28 C:/Users/LENOVO/Downloads/sportmate/sportmate/vendor/laravel/framework/src/Illuminate/Pipeline/Pipeline.php(219): Illuminate/Session/Middleware/StartSession->handle(Object(Illuminate/Http/Request), Object(Closure))
#29 C:/Users/LENOVO/Downloads/sportmate/sportmate/vendor/laravel/framework/src/Illuminate/Cookie/Middleware/AddQueuedCookiesToResponse.php(36): Illuminate/Pipeline/Pipeline->{closure:{closure:Illuminate/Pipeline/Pipeline::carry():194}:195}(Object(Illuminate/Http/Request))
#30 C:/Users/LENOVO/Downloads/sportmate/sportmate/vendor/laravel/framework/src/Illuminate/Pipeline/Pipeline.php(219): Illuminate/Cookie/Middleware/AddQueuedCookiesToResponse->handle(Object(Illuminate/Http/Request), Object(Closure))
#31 C:/Users/LENOVO/Downloads/sportmate/sportmate/vendor/laravel/framework/src/Illuminate/Cookie/Middleware/EncryptCookies.php(74): Illuminate/Pipeline/Pipeline->{closure:{closure:Illuminate/Pipeline/Pipeline::carry():194}:195}(Object(Illuminate/Http/Request))
#32 C:/Users/LENOVO/Downloads/sportmate/sportmate/vendor/laravel/framework/src/Illuminate/Pipeline/Pipeline.php(219): Illuminate/Cookie/Middleware/EncryptCookies->handle(Object(Illuminate/Http/Request), Object(Closure))
#33 C:/Users/LENOVO/Downloads/sportmate/sportmate/vendor/laravel/framework/src/Illuminate/Pipeline/Pipeline.php(137): Illuminate/Pipeline/Pipeline->{closure:{closure:Illuminate/Pipeline/Pipeline::carry():194}:195}(Object(Illuminate/Http/Request))
#34 C:/Users/LENOVO/Downloads/sportmate/sportmate/vendor/laravel/framework/src/Illuminate/Routing/Router.php(821): Illuminate/Pipeline/Pipeline->then(Object(Closure))
#35 C:/Users/LENOVO/Downloads/sportmate/sportmate/vendor/laravel/framework/src/Illuminate/Routing/Router.php(800): Illuminate/Routing/Router->runRouteWithinStack(Object(Illuminate/Routing/Route), Object(Illuminate/Http/Request))
#36 C:/Users/LENOVO/Downloads/sportmate/sportmate/vendor/laravel/framework/src/Illuminate/Routing/Router.php(764): Illuminate/Routing/Router->runRoute(Object(Illuminate/Http/Request), Object(Illuminate/Routing/Route))
#37 C:/Users/LENOVO/Downloads/sportmate/sportmate/vendor/laravel/framework/src/Illuminate/Routing/Router.php(753): Illuminate/Routing/Router->dispatchToRoute(Object(Illuminate/Http/Request))
#38 C:/Users/LENOVO/Downloads/sportmate/sportmate/vendor/laravel/framework/src/Illuminate/Foundation/Http/Kernel.php(200): Illuminate/Routing/Router->dispatch(Object(Illuminate/Http/Request))
#39 C:/Users/LENOVO/Downloads/sportmate/sportmate/vendor/laravel/framework/src/Illuminate/Pipeline/Pipeline.php(180): Illuminate/Foundation/Http/Kernel->{closure:Illuminate/Foundation/Http/Kernel::dispatchToRouter():197}(Object(Illuminate/Http/Request))
#40 C:/Users/LENOVO/Downloads/sportmate/sportmate/vendor/laravel/framework/src/Illuminate/Foundation/Http/Middleware/TransformsRequest.php(21): Illuminate/Pipeline/Pipeline->{closure:Illuminate/Pipeline/Pipeline::prepareDestination():178}(Object(Illuminate/Http/Request))
#41 C:/Users/LENOVO/Downloads/sportmate/sportmate/vendor/laravel/framework/src/Illuminate/Foundation/Http/Middleware/ConvertEmptyStringsToNull.php(31): Illuminate/Foundation/Http/Middleware/TransformsRequest->handle(Object(Illuminate/Http/Request), Object(Closure))
#42 C:/Users/LENOVO/Downloads/sportmate/sportmate/vendor/laravel/framework/src/Illuminate/Pipeline/Pipeline.php(219): Illuminate/Foundation/Http/Middleware/ConvertEmptyStringsToNull->handle(Object(Illuminate/Http/Request), Object(Closure))
#43 C:/Users/LENOVO/Downloads/sportmate/sportmate/vendor/laravel/framework/src/Illuminate/Foundation/Http/Middleware/TransformsRequest.php(21): Illuminate/Pipeline/Pipeline->{closure:{closure:Illuminate/Pipeline/Pipeline::carry():194}:195}(Object(Illuminate/Http/Request))
#44 C:/Users/LENOVO/Downloads/sportmate/sportmate/vendor/laravel/framework/src/Illuminate/Foundation/Http/Middleware/TrimStrings.php(51): Illuminate/Foundation/Http/Middleware/TransformsRequest->handle(Object(Illuminate/Http/Request), Object(Closure))
#45 C:/Users/LENOVO/Downloads/sportmate/sportmate/vendor/laravel/framework/src/Illuminate/Pipeline/Pipeline.php(219): Illuminate/Foundation/Http/Middleware/TrimStrings->handle(Object(Illuminate/Http/Request), Object(Closure))
#46 C:/Users/LENOVO/Downloads/sportmate/sportmate/vendor/laravel/framework/src/Illuminate/Http/Middleware/ValidatePostSize.php(27): Illuminate/Pipeline/Pipeline->{closure:{closure:Illuminate/Pipeline/Pipeline::carry():194}:195}(Object(Illuminate/Http/Request))
#47 C:/Users/LENOVO/Downloads/sportmate/sportmate/vendor/laravel/framework/src/Illuminate/Pipeline/Pipeline.php(219): Illuminate/Http/Middleware/ValidatePostSize->handle(Object(Illuminate/Http/Request), Object(Closure))
#48 C:/Users/LENOVO/Downloads/sportmate/sportmate/vendor/laravel/framework/src/Illuminate/Foundation/Http/Middleware/PreventRequestsDuringMaintenance.php(109): Illuminate/Pipeline/Pipeline->{closure:{closure:Illuminate/Pipeline/Pipeline::carry():194}:195}(Object(Illuminate/Http/Request))
#49 C:/Users/LENOVO/Downloads/sportmate/sportmate/vendor/laravel/framework/src/Illuminate/Pipeline/Pipeline.php(219): Illuminate/Foundation/Http/Middleware/PreventRequestsDuringMaintenance->handle(Object(Illuminate/Http/Request), Object(Closure))
#50 C:/Users/LENOVO/Downloads/sportmate/sportmate/vendor/laravel/framework/src/Illuminate/Http/Middleware/HandleCors.php(61): Illuminate/Pipeline/Pipeline->{closure:{closure:Illuminate/Pipeline/Pipeline::carry():194}:195}(Object(Illuminate/Http/Request))
#51 C:/Users/LENOVO/Downloads/sportmate/sportmate/vendor/laravel/framework/src/Illuminate/Pipeline/Pipeline.php(219): Illuminate/Http/Middleware/HandleCors->handle(Object(Illuminate/Http/Request), Object(Closure))
#52 C:/Users/LENOVO/Downloads/sportmate/sportmate/vendor/laravel/framework/src/Illuminate/Http/Middleware/TrustProxies.php(58): Illuminate/Pipeline/Pipeline->{closure:{closure:Illuminate/Pipeline/Pipeline::carry():194}:195}(Object(Illuminate/Http/Request))
#53 C:/Users/LENOVO/Downloads/sportmate/sportmate/vendor/laravel/framework/src/Illuminate/Pipeline/Pipeline.php(219): Illuminate/Http/Middleware/TrustProxies->handle(Object(Illuminate/Http/Request), Object(Closure))
#54 C:/Users/LENOVO/Downloads/sportmate/sportmate/vendor/laravel/framework/src/Illuminate/Foundation/Http/Middleware/InvokeDeferredCallbacks.php(22): Illuminate/Pipeline/Pipeline->{closure:{closure:Illuminate/Pipeline/Pipeline::carry():194}:195}(Object(Illuminate/Http/Request))
#55 C:/Users/LENOVO/Downloads/sportmate/sportmate/vendor/laravel/framework/src/Illuminate/Pipeline/Pipeline.php(219): Illuminate/Foundation/Http/Middleware/InvokeDeferredCallbacks->handle(Object(Illuminate/Http/Request), Object(Closure))
#56 C:/Users/LENOVO/Downloads/sportmate/sportmate/vendor/laravel/framework/src/Illuminate/Http/Middleware/ValidatePathEncoding.php(26): Illuminate/Pipeline/Pipeline->{closure:{closure:Illuminate/Pipeline/Pipeline::carry():194}:195}(Object(Illuminate/Http/Request))
#57 C:/Users/LENOVO/Downloads/sportmate/sportmate/vendor/laravel/framework/src/Illuminate/Pipeline/Pipeline.php(219): Illuminate/Http/Middleware/ValidatePathEncoding->handle(Object(Illuminate/Http/Request), Object(Closure))
#58 C:/Users/LENOVO/Downloads/sportmate/sportmate/vendor/laravel/framework/src/Illuminate/Pipeline/Pipeline.php(137): Illuminate/Pipeline/Pipeline->{closure:{closure:Illuminate/Pipeline/Pipeline::carry():194}:195}(Object(Illuminate/Http/Request))
#59 C:/Users/LENOVO/Downloads/sportmate/sportmate/vendor/laravel/framework/src/Illuminate/Foundation/Http/Kernel.php(175): Illuminate/Pipeline/Pipeline->then(Object(Closure))
#60 C:/Users/LENOVO/Downloads/sportmate/sportmate/vendor/laravel/framework/src/Illuminate/Foundation/Http/Kernel.php(144): Illuminate/Foundation/Http/Kernel->sendRequestThroughRouter(Object(Illuminate/Http/Request))
#61 C:/Users/LENOVO/Downloads/sportmate/sportmate/vendor/laravel/framework/src/Illuminate/Foundation/Application.php(1220): Illuminate/Foundation/Http/Kernel->handle(Object(Illuminate/Http/Request))
#62 C:/Users/LENOVO/Downloads/sportmate/sportmate/public/index.php(15): Illuminate/Foundation/Application->handleRequest(Object(Illuminate/Http/Request))
#63 C:/Users/LENOVO/Downloads/sportmate/sportmate/vendor/laravel/framework/src/Illuminate/Foundation/resources/server.php(23): require_once('C://Users//LENOVO...')
#64 {main}

[previous exception] [object] (PDOException(code: 42S22): SQLSTATE[42S22]: Column not found: 1054 Unknown column 'user_sports.jadwal' in 'field list' at C:/Users/LENOVO/Downloads/sportmate/sportmate/vendor/laravel/framework/src/Illuminate/Database/Connection.php:420)
[stacktrace]
#0 C:/Users/LENOVO/Downloads/sportmate/sportmate/vendor/laravel/framework/src/Illuminate/Database/Connection.php(420): PDO->prepare('select `sports`...')
#1 C:/Users/LENOVO/Downloads/sportmate/sportmate/vendor/laravel/framework/src/Illuminate/Database/Connection.php(827): Illuminate/Database/Connection->{closure:Illuminate/Database/Connection::select():411}('select `sports`...', Array)
#2 C:/Users/LENOVO/Downloads/sportmate/sportmate/vendor/laravel/framework/src/Illuminate/Database/Connection.php(794): Illuminate/Database/Connection->runQueryCallback('select `sports`...', Array, Object(Closure))
#3 C:/Users/LENOVO/Downloads/sportmate/sportmate/vendor/laravel/framework/src/Illuminate/Database/Connection.php(411): Illuminate/Database/Connection->run('select `sports`...', Array, Object(Closure))
#4 C:/Users/LENOVO/Downloads/sportmate/sportmate/vendor/laravel/framework/src/Illuminate/Database/Query/Builder.php(3505): Illuminate/Database/Connection->select('select `sports`...', Array, true)
#5 C:/Users/LENOVO/Downloads/sportmate/sportmate/vendor/laravel/framework/src/Illuminate/Database/Query/Builder.php(3490): Illuminate/Database/Query/Builder->runSelect()
#6 C:/Users/LENOVO/Downloads/sportmate/sportmate/vendor/laravel/framework/src/Illuminate/Database/Query/Builder.php(4080): Illuminate/Database/Query/Builder->{closure:Illuminate/Database/Query/Builder::get():3489}()
#7 C:/Users/LENOVO/Downloads/sportmate/sportmate/vendor/laravel/framework/src/Illuminate/Database/Query/Builder.php(3489): Illuminate/Database/Query/Builder->onceWithColumns(Array, Object(Closure))
#8 C:/Users/LENOVO/Downloads/sportmate/sportmate/vendor/laravel/framework/src/Illuminate/Database/Eloquent/Builder.php(902): Illuminate/Database/Query/Builder->get(Array)
#9 C:/Users/LENOVO/Downloads/sportmate/sportmate/vendor/laravel/framework/src/Illuminate/Database/Eloquent/Relations/BelongsToMany.php(932): Illuminate/Database/Eloquent/Builder->getModels()
#10 C:/Users/LENOVO/Downloads/sportmate/sportmate/vendor/laravel/framework/src/Illuminate/Database/Eloquent/Relations/Relation.php(175): Illuminate/Database/Eloquent/Relations/BelongsToMany->get()
#11 C:/Users/LENOVO/Downloads/sportmate/sportmate/vendor/laravel/framework/src/Illuminate/Database/Eloquent/Builder.php(950): Illuminate/Database/Eloquent/Relations/Relation->getEager()
#12 C:/Users/LENOVO/Downloads/sportmate/sportmate/vendor/laravel/framework/src/Illuminate/Database/Eloquent/Builder.php(919): Illuminate/Database/Eloquent/Builder->eagerLoadRelation(Array, 'sports', Object(Closure))
#13 C:/Users/LENOVO/Downloads/sportmate/sportmate/vendor/laravel/framework/src/Illuminate/Database/Eloquent/Builder.php(885): Illuminate/Database/Eloquent/Builder->eagerLoadRelations(Array)
#14 C:/Users/LENOVO/Downloads/sportmate/sportmate/app/Http/Controllers/DashboardController.php(32): Illuminate/Database/Eloquent/Builder->get()
#15 C:/Users/LENOVO/Downloads/sportmate/sportmate/vendor/laravel/framework/src/Illuminate/Routing/ControllerDispatcher.php(46): App/Http/Controllers/DashboardController->index()
#16 C:/Users/LENOVO/Downloads/sportmate/sportmate/vendor/laravel/framework/src/Illuminate/Routing/Route.php(265): Illuminate/Routing/ControllerDispatcher->dispatch(Object(Illuminate/Routing/Route), Object(App/Http/Controllers/DashboardController), 'index')
#17 C:/Users/LENOVO/Downloads/sportmate/sportmate/vendor/laravel/framework/src/Illuminate/Routing/Route.php(211): Illuminate/Routing/Route->runController()
#18 C:/Users/LENOVO/Downloads/sportmate/sportmate/vendor/laravel/framework/src/Illuminate/Routing/Router.php(822): Illuminate/Routing/Route->run()
#19 C:/Users/LENOVO/Downloads/sportmate/sportmate/vendor/laravel/framework/src/Illuminate/Pipeline/Pipeline.php(180): Illuminate/Routing/Router->{closure:Illuminate/Routing/Router::runRouteWithinStack():821}(Object(Illuminate/Http/Request))
#20 C:/Users/LENOVO/Downloads/sportmate/sportmate/vendor/laravel/framework/src/Illuminate/Routing/Middleware/SubstituteBindings.php(50): Illuminate/Pipeline/Pipeline->{closure:Illuminate/Pipeline/Pipeline::prepareDestination():178}(Object(Illuminate/Http/Request))
#21 C:/Users/LENOVO/Downloads/sportmate/sportmate/vendor/laravel/framework/src/Illuminate/Pipeline/Pipeline.php(219): Illuminate/Routing/Middleware/SubstituteBindings->handle(Object(Illuminate/Http/Request), Object(Closure))
#22 C:/Users/LENOVO/Downloads/sportmate/sportmate/vendor/laravel/framework/src/Illuminate/Auth/Middleware/Authenticate.php(63): Illuminate/Pipeline/Pipeline->{closure:{closure:Illuminate/Pipeline/Pipeline::carry():194}:195}(Object(Illuminate/Http/Request))
#23 C:/Users/LENOVO/Downloads/sportmate/sportmate/vendor/laravel/framework/src/Illuminate/Pipeline/Pipeline.php(219): Illuminate/Auth/Middleware/Authenticate->handle(Object(Illuminate/Http/Request), Object(Closure))
#24 C:/Users/LENOVO/Downloads/sportmate/sportmate/vendor/laravel/framework/src/Illuminate/Foundation/Http/Middleware/VerifyCsrfToken.php(87): Illuminate/Pipeline/Pipeline->{closure:{closure:Illuminate/Pipeline/Pipeline::carry():194}:195}(Object(Illuminate/Http/Request))
#25 C:/Users/LENOVO/Downloads/sportmate/sportmate/vendor/laravel/framework/src/Illuminate/Pipeline/Pipeline.php(219): Illuminate/Foundation/Http/Middleware/VerifyCsrfToken->handle(Object(Illuminate/Http/Request), Object(Closure))
#26 C:/Users/LENOVO/Downloads/sportmate/sportmate/vendor/laravel/framework/src/Illuminate/View/Middleware/ShareErrorsFromSession.php(48): Illuminate/Pipeline/Pipeline->{closure:{closure:Illuminate/Pipeline/Pipeline::carry():194}:195}(Object(Illuminate/Http/Request))
#27 C:/Users/LENOVO/Downloads/sportmate/sportmate/vendor/laravel/framework/src/Illuminate/Pipeline/Pipeline.php(219): Illuminate/View/Middleware/ShareErrorsFromSession->handle(Object(Illuminate/Http/Request), Object(Closure))
#28 C:/Users/LENOVO/Downloads/sportmate/sportmate/vendor/laravel/framework/src/Illuminate/Session/Middleware/StartSession.php(120): Illuminate/Pipeline/Pipeline->{closure:{closure:Illuminate/Pipeline/Pipeline::carry():194}:195}(Object(Illuminate/Http/Request))
#29 C:/Users/LENOVO/Downloads/sportmate/sportmate/vendor/laravel/framework/src/Illuminate/Session/Middleware/StartSession.php(63): Illuminate/Session/Middleware/StartSession->handleStatefulRequest(Object(Illuminate/Http/Request), Object(Illuminate/Session/Store), Object(Closure))
#30 C:/Users/LENOVO/Downloads/sportmate/sportmate/vendor/laravel/framework/src/Illuminate/Pipeline/Pipeline.php(219): Illuminate/Session/Middleware/StartSession->handle(Object(Illuminate/Http/Request), Object(Closure))
#31 C:/Users/LENOVO/Downloads/sportmate/sportmate/vendor/laravel/framework/src/Illuminate/Cookie/Middleware/AddQueuedCookiesToResponse.php(36): Illuminate/Pipeline/Pipeline->{closure:{closure:Illuminate/Pipeline/Pipeline::carry():194}:195}(Object(Illuminate/Http/Request))
#32 C:/Users/LENOVO/Downloads/sportmate/sportmate/vendor/laravel/framework/src/Illuminate/Pipeline/Pipeline.php(219): Illuminate/Cookie/Middleware/AddQueuedCookiesToResponse->handle(Object(Illuminate/Http/Request), Object(Closure))
#33 C:/Users/LENOVO/Downloads/sportmate/sportmate/vendor/laravel/framework/src/Illuminate/Cookie/Middleware/EncryptCookies.php(74): Illuminate/Pipeline/Pipeline->{closure:{closure:Illuminate/Pipeline/Pipeline::carry():194}:195}(Object(Illuminate/Http/Request))
#34 C:/Users/LENOVO/Downloads/sportmate/sportmate/vendor/laravel/framework/src/Illuminate/Pipeline/Pipeline.php(219): Illuminate/Cookie/Middleware/EncryptCookies->handle(Object(Illuminate/Http/Request), Object(Closure))
#35 C:/Users/LENOVO/Downloads/sportmate/sportmate/vendor/laravel/framework/src/Illuminate/Pipeline/Pipeline.php(137): Illuminate/Pipeline/Pipeline->{closure:{closure:Illuminate/Pipeline/Pipeline::carry():194}:195}(Object(Illuminate/Http/Request))
#36 C:/Users/LENOVO/Downloads/sportmate/sportmate/vendor/laravel/framework/src/Illuminate/Routing/Router.php(821): Illuminate/Pipeline/Pipeline->then(Object(Closure))
#37 C:/Users/LENOVO/Downloads/sportmate/sportmate/vendor/laravel/framework/src/Illuminate/Routing/Router.php(800): Illuminate/Routing/Router->runRouteWithinStack(Object(Illuminate/Routing/Route), Object(Illuminate/Http/Request))
#38 C:/Users/LENOVO/Downloads/sportmate/sportmate/vendor/laravel/framework/src/Illuminate/Routing/Router.php(764): Illuminate/Routing/Router->runRoute(Object(Illuminate/Http/Request), Object(Illuminate/Routing/Route))
#39 C:/Users/LENOVO/Downloads/sportmate/sportmate/vendor/laravel/framework/src/Illuminate/Routing/Router.php(753): Illuminate/Routing/Router->dispatchToRoute(Object(Illuminate/Http/Request))
#40 C:/Users/LENOVO/Downloads/sportmate/sportmate/vendor/laravel/framework/src/Illuminate/Foundation/Http/Kernel.php(200): Illuminate/Routing/Router->dispatch(Object(Illuminate/Http/Request))
#41 C:/Users/LENOVO/Downloads/sportmate/sportmate/vendor/laravel/framework/src/Illuminate/Pipeline/Pipeline.php(180): Illuminate/Foundation/Http/Kernel->{closure:Illuminate/Foundation/Http/Kernel::dispatchToRouter():197}(Object(Illuminate/Http/Request))
#42 C:/Users/LENOVO/Downloads/sportmate/sportmate/vendor/laravel/framework/src/Illuminate/Foundation/Http/Middleware/TransformsRequest.php(21): Illuminate/Pipeline/Pipeline->{closure:Illuminate/Pipeline/Pipeline::prepareDestination():178}(Object(Illuminate/Http/Request))
#43 C:/Users/LENOVO/Downloads/sportmate/sportmate/vendor/laravel/framework/src/Illuminate/Foundation/Http/Middleware/ConvertEmptyStringsToNull.php(31): Illuminate/Foundation/Http/Middleware/TransformsRequest->handle(Object(Illuminate/Http/Request), Object(Closure))
#44 C:/Users/LENOVO/Downloads/sportmate/sportmate/vendor/laravel/framework/src/Illuminate/Pipeline/Pipeline.php(219): Illuminate/Foundation/Http/Middleware/ConvertEmptyStringsToNull->handle(Object(Illuminate/Http/Request), Object(Closure))
#45 C:/Users/LENOVO/Downloads/sportmate/sportmate/vendor/laravel/framework/src/Illuminate/Foundation/Http/Middleware/TransformsRequest.php(21): Illuminate/Pipeline/Pipeline->{closure:{closure:Illuminate/Pipeline/Pipeline::carry():194}:195}(Object(Illuminate/Http/Request))
#46 C:/Users/LENOVO/Downloads/sportmate/sportmate/vendor/laravel/framework/src/Illuminate/Foundation/Http/Middleware/TrimStrings.php(51): Illuminate/Foundation/Http/Middleware/TransformsRequest->handle(Object(Illuminate/Http/Request), Object(Closure))
#47 C:/Users/LENOVO/Downloads/sportmate/sportmate/vendor/laravel/framework/src/Illuminate/Pipeline/Pipeline.php(219): Illuminate/Foundation/Http/Middleware/TrimStrings->handle(Object(Illuminate/Http/Request), Object(Closure))
#48 C:/Users/LENOVO/Downloads/sportmate/sportmate/vendor/laravel/framework/src/Illuminate/Http/Middleware/ValidatePostSize.php(27): Illuminate/Pipeline/Pipeline->{closure:{closure:Illuminate/Pipeline/Pipeline::carry():194}:195}(Object(Illuminate/Http/Request))
#49 C:/Users/LENOVO/Downloads/sportmate/sportmate/vendor/laravel/framework/src/Illuminate/Pipeline/Pipeline.php(219): Illuminate/Http/Middleware/ValidatePostSize->handle(Object(Illuminate/Http/Request), Object(Closure))
#50 C:/Users/LENOVO/Downloads/sportmate/sportmate/vendor/laravel/framework/src/Illuminate/Foundation/Http/Middleware/PreventRequestsDuringMaintenance.php(109): Illuminate/Pipeline/Pipeline->{closure:{closure:Illuminate/Pipeline/Pipeline::carry():194}:195}(Object(Illuminate/Http/Request))
#51 C:/Users/LENOVO/Downloads/sportmate/sportmate/vendor/laravel/framework/src/Illuminate/Pipeline/Pipeline.php(219): Illuminate/Foundation/Http/Middleware/PreventRequestsDuringMaintenance->handle(Object(Illuminate/Http/Request), Object(Closure))
#52 C:/Users/LENOVO/Downloads/sportmate/sportmate/vendor/laravel/framework/src/Illuminate/Http/Middleware/HandleCors.php(61): Illuminate/Pipeline/Pipeline->{closure:{closure:Illuminate/Pipeline/Pipeline::carry():194}:195}(Object(Illuminate/Http/Request))
#53 C:/Users/LENOVO/Downloads/sportmate/sportmate/vendor/laravel/framework/src/Illuminate/Pipeline/Pipeline.php(219): Illuminate/Http/Middleware/HandleCors->handle(Object(Illuminate/Http/Request), Object(Closure))
#54 C:/Users/LENOVO/Downloads/sportmate/sportmate/vendor/laravel/framework/src/Illuminate/Http/Middleware/TrustProxies.php(58): Illuminate/Pipeline/Pipeline->{closure:{closure:Illuminate/Pipeline/Pipeline::carry():194}:195}(Object(Illuminate/Http/Request))
#55 C:/Users/LENOVO/Downloads/sportmate/sportmate/vendor/laravel/framework/src/Illuminate/Pipeline/Pipeline.php(219): Illuminate/Http/Middleware/TrustProxies->handle(Object(Illuminate/Http/Request), Object(Closure))
#56 C:/Users/LENOVO/Downloads/sportmate/sportmate/vendor/laravel/framework/src/Illuminate/Foundation/Http/Middleware/InvokeDeferredCallbacks.php(22): Illuminate/Pipeline/Pipeline->{closure:{closure:Illuminate/Pipeline/Pipeline::carry():194}:195}(Object(Illuminate/Http/Request))
#57 C:/Users/LENOVO/Downloads/sportmate/sportmate/vendor/laravel/framework/src/Illuminate/Pipeline/Pipeline.php(219): Illuminate/Foundation/Http/Middleware/InvokeDeferredCallbacks->handle(Object(Illuminate/Http/Request), Object(Closure))
#58 C:/Users/LENOVO/Downloads/sportmate/sportmate/vendor/laravel/framework/src/Illuminate/Http/Middleware/ValidatePathEncoding.php(26): Illuminate/Pipeline/Pipeline->{closure:{closure:Illuminate/Pipeline/Pipeline::carry():194}:195}(Object(Illuminate/Http/Request))
#59 C:/Users/LENOVO/Downloads/sportmate/sportmate/vendor/laravel/framework/src/Illuminate/Pipeline/Pipeline.php(219): Illuminate/Http/Middleware/ValidatePathEncoding->handle(Object(Illuminate/Http/Request), Object(Closure))
#60 C:/Users/LENOVO/Downloads/sportmate/sportmate/vendor/laravel/framework/src/Illuminate/Pipeline/Pipeline.php(137): Illuminate/Pipeline/Pipeline->{closure:{closure:Illuminate/Pipeline/Pipeline::carry():194}:195}(Object(Illuminate/Http/Request))
#61 C:/Users/LENOVO/Downloads/sportmate/sportmate/vendor/laravel/framework/src/Illuminate/Foundation/Http/Kernel.php(175): Illuminate/Pipeline/Pipeline->then(Object(Closure))
#62 C:/Users/LENOVO/Downloads/sportmate/sportmate/vendor/laravel/framework/src/Illuminate/Foundation/Http/Kernel.php(144): Illuminate/Foundation/Http/Kernel->sendRequestThroughRouter(Object(Illuminate/Http/Request))
#63 C:/Users/LENOVO/Downloads/sportmate/sportmate/vendor/laravel/framework/src/Illuminate/Foundation/Application.php(1220): Illuminate/Foundation/Http/Kernel->handle(Object(Illuminate/Http/Request))
#64 C:/Users/LENOVO/Downloads/sportmate/sportmate/public/index.php(15): Illuminate/Foundation/Application->handleRequest(Object(Illuminate/Http/Request))
#65 C:/Users/LENOVO/Downloads/sportmate/sportmate/vendor/laravel/framework/src/Illuminate/Foundation/resources/server.php(23): require_once('C://Users//LENOVO...')
#66 {main}
"} 
[2026-07-04 14:44:36] local.ERROR: SQLSTATE[42S22]: Column not found: 1054 Unknown column 'user_sports.jadwal' in 'field list' (Connection: mysql, Host: 127.0.0.1, Port: 3306, Database: sportmate, SQL: select `sports`.*, `user_sports`.`user_id` as `pivot_user_id`, `user_sports`.`sport_id` as `pivot_sport_id`, `user_sports`.`jadwal` as `pivot_jadwal`, `user_sports`.`created_at` as `pivot_created_at`, `user_sports`.`updated_at` as `pivot_updated_at` from `sports` inner join `user_sports` on `sports`.`id` = `user_sports`.`sport_id` where `user_sports`.`user_id` in (3, 6)) {"userId":2,"exception":"[object] (Illuminate\\Database\\QueryException(code: 42S22): SQLSTATE[42S22]: Column not found: 1054 Unknown column 'user_sports.jadwal' in 'field list' (Connection: mysql, Host: 127.0.0.1, Port: 3306, Database: sportmate, SQL: select `sports`.*, `user_sports`.`user_id` as `pivot_user_id`, `user_sports`.`sport_id` as `pivot_sport_id`, `user_sports`.`jadwal` as `pivot_jadwal`, `user_sports`.`created_at` as `pivot_created_at`, `user_sports`.`updated_at` as `pivot_updated_at` from `sports` inner join `user_sports` on `sports`.`id` = `user_sports`.`sport_id` where `user_sports`.`user_id` in (3, 6)) at C:/Users/LENOVO/Downloads/sportmate/sportmate/vendor/laravel/framework/src/Illuminate/Database/Connection.php:838)
[stacktrace]
#0 C:/Users/LENOVO/Downloads/sportmate/sportmate/vendor/laravel/framework/src/Illuminate/Database/Connection.php(794): Illuminate/Database/Connection->runQueryCallback('select `sports`...', Array, Object(Closure))
#1 C:/Users/LENOVO/Downloads/sportmate/sportmate/vendor/laravel/framework/src/Illuminate/Database/Connection.php(411): Illuminate/Database/Connection->run('select `sports`...', Array, Object(Closure))
#2 C:/Users/LENOVO/Downloads/sportmate/sportmate/vendor/laravel/framework/src/Illuminate/Database/Query/Builder.php(3505): Illuminate/Database/Connection->select('select `sports`...', Array, true)
#3 C:/Users/LENOVO/Downloads/sportmate/sportmate/vendor/laravel/framework/src/Illuminate/Database/Query/Builder.php(3490): Illuminate/Database/Query/Builder->runSelect()
#4 C:/Users/LENOVO/Downloads/sportmate/sportmate/vendor/laravel/framework/src/Illuminate/Database/Query/Builder.php(4080): Illuminate/Database/Query/Builder->{closure:Illuminate/Database/Query/Builder::get():3489}()
#5 C:/Users/LENOVO/Downloads/sportmate/sportmate/vendor/laravel/framework/src/Illuminate/Database/Query/Builder.php(3489): Illuminate/Database/Query/Builder->onceWithColumns(Array, Object(Closure))
#6 C:/Users/LENOVO/Downloads/sportmate/sportmate/vendor/laravel/framework/src/Illuminate/Database/Eloquent/Builder.php(902): Illuminate/Database/Query/Builder->get(Array)
#7 C:/Users/LENOVO/Downloads/sportmate/sportmate/vendor/laravel/framework/src/Illuminate/Database/Eloquent/Relations/BelongsToMany.php(932): Illuminate/Database/Eloquent/Builder->getModels()
#8 C:/Users/LENOVO/Downloads/sportmate/sportmate/vendor/laravel/framework/src/Illuminate/Database/Eloquent/Relations/Relation.php(175): Illuminate/Database/Eloquent/Relations/BelongsToMany->get()
#9 C:/Users/LENOVO/Downloads/sportmate/sportmate/vendor/laravel/framework/src/Illuminate/Database/Eloquent/Builder.php(950): Illuminate/Database/Eloquent/Relations/Relation->getEager()
#10 C:/Users/LENOVO/Downloads/sportmate/sportmate/vendor/laravel/framework/src/Illuminate/Database/Eloquent/Builder.php(919): Illuminate/Database/Eloquent/Builder->eagerLoadRelation(Array, 'sports', Object(Closure))
#11 C:/Users/LENOVO/Downloads/sportmate/sportmate/vendor/laravel/framework/src/Illuminate/Database/Eloquent/Builder.php(885): Illuminate/Database/Eloquent/Builder->eagerLoadRelations(Array)
#12 C:/Users/LENOVO/Downloads/sportmate/sportmate/app/Http/Controllers/DashboardController.php(32): Illuminate/Database/Eloquent/Builder->get()
#13 C:/Users/LENOVO/Downloads/sportmate/sportmate/vendor/laravel/framework/src/Illuminate/Routing/ControllerDispatcher.php(46): App/Http/Controllers/DashboardController->index()
#14 C:/Users/LENOVO/Downloads/sportmate/sportmate/vendor/laravel/framework/src/Illuminate/Routing/Route.php(265): Illuminate/Routing/ControllerDispatcher->dispatch(Object(Illuminate/Routing/Route), Object(App/Http/Controllers/DashboardController), 'index')
#15 C:/Users/LENOVO/Downloads/sportmate/sportmate/vendor/laravel/framework/src/Illuminate/Routing/Route.php(211): Illuminate/Routing/Route->runController()
#16 C:/Users/LENOVO/Downloads/sportmate/sportmate/vendor/laravel/framework/src/Illuminate/Routing/Router.php(822): Illuminate/Routing/Route->run()
#17 C:/Users/LENOVO/Downloads/sportmate/sportmate/vendor/laravel/framework/src/Illuminate/Pipeline/Pipeline.php(180): Illuminate/Routing/Router->{closure:Illuminate/Routing/Router::runRouteWithinStack():821}(Object(Illuminate/Http/Request))
#18 C:/Users/LENOVO/Downloads/sportmate/sportmate/vendor/laravel/framework/src/Illuminate/Routing/Middleware/SubstituteBindings.php(50): Illuminate/Pipeline/Pipeline->{closure:Illuminate/Pipeline/Pipeline::prepareDestination():178}(Object(Illuminate/Http/Request))
#19 C:/Users/LENOVO/Downloads/sportmate/sportmate/vendor/laravel/framework/src/Illuminate/Pipeline/Pipeline.php(219): Illuminate/Routing/Middleware/SubstituteBindings->handle(Object(Illuminate/Http/Request), Object(Closure))
#20 C:/Users/LENOVO/Downloads/sportmate/sportmate/vendor/laravel/framework/src/Illuminate/Auth/Middleware/Authenticate.php(63): Illuminate/Pipeline/Pipeline->{closure:{closure:Illuminate/Pipeline/Pipeline::carry():194}:195}(Object(Illuminate/Http/Request))
#21 C:/Users/LENOVO/Downloads/sportmate/sportmate/vendor/laravel/framework/src/Illuminate/Pipeline/Pipeline.php(219): Illuminate/Auth/Middleware/Authenticate->handle(Object(Illuminate/Http/Request), Object(Closure))
#22 C:/Users/LENOVO/Downloads/sportmate/sportmate/vendor/laravel/framework/src/Illuminate/Foundation/Http/Middleware/VerifyCsrfToken.php(87): Illuminate/Pipeline/Pipeline->{closure:{closure:Illuminate/Pipeline/Pipeline::carry():194}:195}(Object(Illuminate/Http/Request))
#23 C:/Users/LENOVO/Downloads/sportmate/sportmate/vendor/laravel/framework/src/Illuminate/Pipeline/Pipeline.php(219): Illuminate/Foundation/Http/Middleware/VerifyCsrfToken->handle(Object(Illuminate/Http/Request), Object(Closure))
#24 C:/Users/LENOVO/Downloads/sportmate/sportmate/vendor/laravel/framework/src/Illuminate/View/Middleware/ShareErrorsFromSession.php(48): Illuminate/Pipeline/Pipeline->{closure:{closure:Illuminate/Pipeline/Pipeline::carry():194}:195}(Object(Illuminate/Http/Request))
#25 C:/Users/LENOVO/Downloads/sportmate/sportmate/vendor/laravel/framework/src/Illuminate/Pipeline/Pipeline.php(219): Illuminate/View/Middleware/ShareErrorsFromSession->handle(Object(Illuminate/Http/Request), Object(Closure))
#26 C:/Users/LENOVO/Downloads/sportmate/sportmate/vendor/laravel/framework/src/Illuminate/Session/Middleware/StartSession.php(120): Illuminate/Pipeline/Pipeline->{closure:{closure:Illuminate/Pipeline/Pipeline::carry():194}:195}(Object(Illuminate/Http/Request))
#27 C:/Users/LENOVO/Downloads/sportmate/sportmate/vendor/laravel/framework/src/Illuminate/Session/Middleware/StartSession.php(63): Illuminate/Session/Middleware/StartSession->handleStatefulRequest(Object(Illuminate/Http/Request), Object(Illuminate/Session/Store), Object(Closure))
#28 C:/Users/LENOVO/Downloads/sportmate/sportmate/vendor/laravel/framework/src/Illuminate/Pipeline/Pipeline.php(219): Illuminate/Session/Middleware/StartSession->handle(Object(Illuminate/Http/Request), Object(Closure))
#29 C:/Users/LENOVO/Downloads/sportmate/sportmate/vendor/laravel/framework/src/Illuminate/Cookie/Middleware/AddQueuedCookiesToResponse.php(36): Illuminate/Pipeline/Pipeline->{closure:{closure:Illuminate/Pipeline/Pipeline::carry():194}:195}(Object(Illuminate/Http/Request))
#30 C:/Users/LENOVO/Downloads/sportmate/sportmate/vendor/laravel/framework/src/Illuminate/Pipeline/Pipeline.php(219): Illuminate/Cookie/Middleware/AddQueuedCookiesToResponse->handle(Object(Illuminate/Http/Request), Object(Closure))
#31 C:/Users/LENOVO/Downloads/sportmate/sportmate/vendor/laravel/framework/src/Illuminate/Cookie/Middleware/EncryptCookies.php(74): Illuminate/Pipeline/Pipeline->{closure:{closure:Illuminate/Pipeline/Pipeline::carry():194}:195}(Object(Illuminate/Http/Request))
#32 C:/Users/LENOVO/Downloads/sportmate/sportmate/vendor/laravel/framework/src/Illuminate/Pipeline/Pipeline.php(219): Illuminate/Cookie/Middleware/EncryptCookies->handle(Object(Illuminate/Http/Request), Object(Closure))
#33 C:/Users/LENOVO/Downloads/sportmate/sportmate/vendor/laravel/framework/src/Illuminate/Pipeline/Pipeline.php(137): Illuminate/Pipeline/Pipeline->{closure:{closure:Illuminate/Pipeline/Pipeline::carry():194}:195}(Object(Illuminate/Http/Request))
#34 C:/Users/LENOVO/Downloads/sportmate/sportmate/vendor/laravel/framework/src/Illuminate/Routing/Router.php(821): Illuminate/Pipeline/Pipeline->then(Object(Closure))
#35 C:/Users/LENOVO/Downloads/sportmate/sportmate/vendor/laravel/framework/src/Illuminate/Routing/Router.php(800): Illuminate/Routing/Router->runRouteWithinStack(Object(Illuminate/Routing/Route), Object(Illuminate/Http/Request))
#36 C:/Users/LENOVO/Downloads/sportmate/sportmate/vendor/laravel/framework/src/Illuminate/Routing/Router.php(764): Illuminate/Routing/Router->runRoute(Object(Illuminate/Http/Request), Object(Illuminate/Routing/Route))
#37 C:/Users/LENOVO/Downloads/sportmate/sportmate/vendor/laravel/framework/src/Illuminate/Routing/Router.php(753): Illuminate/Routing/Router->dispatchToRoute(Object(Illuminate/Http/Request))
#38 C:/Users/LENOVO/Downloads/sportmate/sportmate/vendor/laravel/framework/src/Illuminate/Foundation/Http/Kernel.php(200): Illuminate/Routing/Router->dispatch(Object(Illuminate/Http/Request))
#39 C:/Users/LENOVO/Downloads/sportmate/sportmate/vendor/laravel/framework/src/Illuminate/Pipeline/Pipeline.php(180): Illuminate/Foundation/Http/Kernel->{closure:Illuminate/Foundation/Http/Kernel::dispatchToRouter():197}(Object(Illuminate/Http/Request))
#40 C:/Users/LENOVO/Downloads/sportmate/sportmate/vendor/laravel/framework/src/Illuminate/Foundation/Http/Middleware/TransformsRequest.php(21): Illuminate/Pipeline/Pipeline->{closure:Illuminate/Pipeline/Pipeline::prepareDestination():178}(Object(Illuminate/Http/Request))
#41 C:/Users/LENOVO/Downloads/sportmate/sportmate/vendor/laravel/framework/src/Illuminate/Foundation/Http/Middleware/ConvertEmptyStringsToNull.php(31): Illuminate/Foundation/Http/Middleware/TransformsRequest->handle(Object(Illuminate/Http/Request), Object(Closure))
#42 C:/Users/LENOVO/Downloads/sportmate/sportmate/vendor/laravel/framework/src/Illuminate/Pipeline/Pipeline.php(219): Illuminate/Foundation/Http/Middleware/ConvertEmptyStringsToNull->handle(Object(Illuminate/Http/Request), Object(Closure))
#43 C:/Users/LENOVO/Downloads/sportmate/sportmate/vendor/laravel/framework/src/Illuminate/Foundation/Http/Middleware/TransformsRequest.php(21): Illuminate/Pipeline/Pipeline->{closure:{closure:Illuminate/Pipeline/Pipeline::carry():194}:195}(Object(Illuminate/Http/Request))
#44 C:/Users/LENOVO/Downloads/sportmate/sportmate/vendor/laravel/framework/src/Illuminate/Foundation/Http/Middleware/TrimStrings.php(51): Illuminate/Foundation/Http/Middleware/TransformsRequest->handle(Object(Illuminate/Http/Request), Object(Closure))
#45 C:/Users/LENOVO/Downloads/sportmate/sportmate/vendor/laravel/framework/src/Illuminate/Pipeline/Pipeline.php(219): Illuminate/Foundation/Http/Middleware/TrimStrings->handle(Object(Illuminate/Http/Request), Object(Closure))
#46 C:/Users/LENOVO/Downloads/sportmate/sportmate/vendor/laravel/framework/src/Illuminate/Http/Middleware/ValidatePostSize.php(27): Illuminate/Pipeline/Pipeline->{closure:{closure:Illuminate/Pipeline/Pipeline::carry():194}:195}(Object(Illuminate/Http/Request))
#47 C:/Users/LENOVO/Downloads/sportmate/sportmate/vendor/laravel/framework/src/Illuminate/Pipeline/Pipeline.php(219): Illuminate/Http/Middleware/ValidatePostSize->handle(Object(Illuminate/Http/Request), Object(Closure))
#48 C:/Users/LENOVO/Downloads/sportmate/sportmate/vendor/laravel/framework/src/Illuminate/Foundation/Http/Middleware/PreventRequestsDuringMaintenance.php(109): Illuminate/Pipeline/Pipeline->{closure:{closure:Illuminate/Pipeline/Pipeline::carry():194}:195}(Object(Illuminate/Http/Request))
#49 C:/Users/LENOVO/Downloads/sportmate/sportmate/vendor/laravel/framework/src/Illuminate/Pipeline/Pipeline.php(219): Illuminate/Foundation/Http/Middleware/PreventRequestsDuringMaintenance->handle(Object(Illuminate/Http/Request), Object(Closure))
#50 C:/Users/LENOVO/Downloads/sportmate/sportmate/vendor/laravel/framework/src/Illuminate/Http/Middleware/HandleCors.php(61): Illuminate/Pipeline/Pipeline->{closure:{closure:Illuminate/Pipeline/Pipeline::carry():194}:195}(Object(Illuminate/Http/Request))
#51 C:/Users/LENOVO/Downloads/sportmate/sportmate/vendor/laravel/framework/src/Illuminate/Pipeline/Pipeline.php(219): Illuminate/Http/Middleware/HandleCors->handle(Object(Illuminate/Http/Request), Object(Closure))
#52 C:/Users/LENOVO/Downloads/sportmate/sportmate/vendor/laravel/framework/src/Illuminate/Http/Middleware/TrustProxies.php(58): Illuminate/Pipeline/Pipeline->{closure:{closure:Illuminate/Pipeline/Pipeline::carry():194}:195}(Object(Illuminate/Http/Request))
#53 C:/Users/LENOVO/Downloads/sportmate/sportmate/vendor/laravel/framework/src/Illuminate/Pipeline/Pipeline.php(219): Illuminate/Http/Middleware/TrustProxies->handle(Object(Illuminate/Http/Request), Object(Closure))
#54 C:/Users/LENOVO/Downloads/sportmate/sportmate/vendor/laravel/framework/src/Illuminate/Foundation/Http/Middleware/InvokeDeferredCallbacks.php(22): Illuminate/Pipeline/Pipeline->{closure:{closure:Illuminate/Pipeline/Pipeline::carry():194}:195}(Object(Illuminate/Http/Request))
#55 C:/Users/LENOVO/Downloads/sportmate/sportmate/vendor/laravel/framework/src/Illuminate/Pipeline/Pipeline.php(219): Illuminate/Foundation/Http/Middleware/InvokeDeferredCallbacks->handle(Object(Illuminate/Http/Request), Object(Closure))
#56 C:/Users/LENOVO/Downloads/sportmate/sportmate/vendor/laravel/framework/src/Illuminate/Http/Middleware/ValidatePathEncoding.php(26): Illuminate/Pipeline/Pipeline->{closure:{closure:Illuminate/Pipeline/Pipeline::carry():194}:195}(Object(Illuminate/Http/Request))
#57 C:/Users/LENOVO/Downloads/sportmate/sportmate/vendor/laravel/framework/src/Illuminate/Pipeline/Pipeline.php(219): Illuminate/Http/Middleware/ValidatePathEncoding->handle(Object(Illuminate/Http/Request), Object(Closure))
#58 C:/Users/LENOVO/Downloads/sportmate/sportmate/vendor/laravel/framework/src/Illuminate/Pipeline/Pipeline.php(137): Illuminate/Pipeline/Pipeline->{closure:{closure:Illuminate/Pipeline/Pipeline::carry():194}:195}(Object(Illuminate/Http/Request))
#59 C:/Users/LENOVO/Downloads/sportmate/sportmate/vendor/laravel/framework/src/Illuminate/Foundation/Http/Kernel.php(175): Illuminate/Pipeline/Pipeline->then(Object(Closure))
#60 C:/Users/LENOVO/Downloads/sportmate/sportmate/vendor/laravel/framework/src/Illuminate/Foundation/Http/Kernel.php(144): Illuminate/Foundation/Http/Kernel->sendRequestThroughRouter(Object(Illuminate/Http/Request))
#61 C:/Users/LENOVO/Downloads/sportmate/sportmate/vendor/laravel/framework/src/Illuminate/Foundation/Application.php(1220): Illuminate/Foundation/Http/Kernel->handle(Object(Illuminate/Http/Request))
#62 C:/Users/LENOVO/Downloads/sportmate/sportmate/public/index.php(15): Illuminate/Foundation/Application->handleRequest(Object(Illuminate/Http/Request))
#63 C:/Users/LENOVO/Downloads/sportmate/sportmate/vendor/laravel/framework/src/Illuminate/Foundation/resources/server.php(23): require_once('C://Users//LENOVO...')
#64 {main}

[previous exception] [object] (PDOException(code: 42S22): SQLSTATE[42S22]: Column not found: 1054 Unknown column 'user_sports.jadwal' in 'field list' at C:/Users/LENOVO/Downloads/sportmate/sportmate/vendor/laravel/framework/src/Illuminate/Database/Connection.php:420)
[stacktrace]
#0 C:/Users/LENOVO/Downloads/sportmate/sportmate/vendor/laravel/framework/src/Illuminate/Database/Connection.php(420): PDO->prepare('select `sports`...')
#1 C:/Users/LENOVO/Downloads/sportmate/sportmate/vendor/laravel/framework/src/Illuminate/Database/Connection.php(827): Illuminate/Database/Connection->{closure:Illuminate/Database/Connection::select():411}('select `sports`...', Array)
#2 C:/Users/LENOVO/Downloads/sportmate/sportmate/vendor/laravel/framework/src/Illuminate/Database/Connection.php(794): Illuminate/Database/Connection->runQueryCallback('select `sports`...', Array, Object(Closure))
#3 C:/Users/LENOVO/Downloads/sportmate/sportmate/vendor/laravel/framework/src/Illuminate/Database/Connection.php(411): Illuminate/Database/Connection->run('select `sports`...', Array, Object(Closure))
#4 C:/Users/LENOVO/Downloads/sportmate/sportmate/vendor/laravel/framework/src/Illuminate/Database/Query/Builder.php(3505): Illuminate/Database/Connection->select('select `sports`...', Array, true)
#5 C:/Users/LENOVO/Downloads/sportmate/sportmate/vendor/laravel/framework/src/Illuminate/Database/Query/Builder.php(3490): Illuminate/Database/Query/Builder->runSelect()
#6 C:/Users/LENOVO/Downloads/sportmate/sportmate/vendor/laravel/framework/src/Illuminate/Database/Query/Builder.php(4080): Illuminate/Database/Query/Builder->{closure:Illuminate/Database/Query/Builder::get():3489}()
#7 C:/Users/LENOVO/Downloads/sportmate/sportmate/vendor/laravel/framework/src/Illuminate/Database/Query/Builder.php(3489): Illuminate/Database/Query/Builder->onceWithColumns(Array, Object(Closure))
#8 C:/Users/LENOVO/Downloads/sportmate/sportmate/vendor/laravel/framework/src/Illuminate/Database/Eloquent/Builder.php(902): Illuminate/Database/Query/Builder->get(Array)
#9 C:/Users/LENOVO/Downloads/sportmate/sportmate/vendor/laravel/framework/src/Illuminate/Database/Eloquent/Relations/BelongsToMany.php(932): Illuminate/Database/Eloquent/Builder->getModels()
#10 C:/Users/LENOVO/Downloads/sportmate/sportmate/vendor/laravel/framework/src/Illuminate/Database/Eloquent/Relations/Relation.php(175): Illuminate/Database/Eloquent/Relations/BelongsToMany->get()
#11 C:/Users/LENOVO/Downloads/sportmate/sportmate/vendor/laravel/framework/src/Illuminate/Database/Eloquent/Builder.php(950): Illuminate/Database/Eloquent/Relations/Relation->getEager()
#12 C:/Users/LENOVO/Downloads/sportmate/sportmate/vendor/laravel/framework/src/Illuminate/Database/Eloquent/Builder.php(919): Illuminate/Database/Eloquent/Builder->eagerLoadRelation(Array, 'sports', Object(Closure))
#13 C:/Users/LENOVO/Downloads/sportmate/sportmate/vendor/laravel/framework/src/Illuminate/Database/Eloquent/Builder.php(885): Illuminate/Database/Eloquent/Builder->eagerLoadRelations(Array)
#14 C:/Users/LENOVO/Downloads/sportmate/sportmate/app/Http/Controllers/DashboardController.php(32): Illuminate/Database/Eloquent/Builder->get()
#15 C:/Users/LENOVO/Downloads/sportmate/sportmate/vendor/laravel/framework/src/Illuminate/Routing/ControllerDispatcher.php(46): App/Http/Controllers/DashboardController->index()
#16 C:/Users/LENOVO/Downloads/sportmate/sportmate/vendor/laravel/framework/src/Illuminate/Routing/Route.php(265): Illuminate/Routing/ControllerDispatcher->dispatch(Object(Illuminate/Routing/Route), Object(App/Http/Controllers/DashboardController), 'index')
#17 C:/Users/LENOVO/Downloads/sportmate/sportmate/vendor/laravel/framework/src/Illuminate/Routing/Route.php(211): Illuminate/Routing/Route->runController()
#18 C:/Users/LENOVO/Downloads/sportmate/sportmate/vendor/laravel/framework/src/Illuminate/Routing/Router.php(822): Illuminate/Routing/Route->run()
#19 C:/Users/LENOVO/Downloads/sportmate/sportmate/vendor/laravel/framework/src/Illuminate/Pipeline/Pipeline.php(180): Illuminate/Routing/Router->{closure:Illuminate/Routing/Router::runRouteWithinStack():821}(Object(Illuminate/Http/Request))
#20 C:/Users/LENOVO/Downloads/sportmate/sportmate/vendor/laravel/framework/src/Illuminate/Routing/Middleware/SubstituteBindings.php(50): Illuminate/Pipeline/Pipeline->{closure:Illuminate/Pipeline/Pipeline::prepareDestination():178}(Object(Illuminate/Http/Request))
#21 C:/Users/LENOVO/Downloads/sportmate/sportmate/vendor/laravel/framework/src/Illuminate/Pipeline/Pipeline.php(219): Illuminate/Routing/Middleware/SubstituteBindings->handle(Object(Illuminate/Http/Request), Object(Closure))
#22 C:/Users/LENOVO/Downloads/sportmate/sportmate/vendor/laravel/framework/src/Illuminate/Auth/Middleware/Authenticate.php(63): Illuminate/Pipeline/Pipeline->{closure:{closure:Illuminate/Pipeline/Pipeline::carry():194}:195}(Object(Illuminate/Http/Request))
#23 C:/Users/LENOVO/Downloads/sportmate/sportmate/vendor/laravel/framework/src/Illuminate/Pipeline/Pipeline.php(219): Illuminate/Auth/Middleware/Authenticate->handle(Object(Illuminate/Http/Request), Object(Closure))
#24 C:/Users/LENOVO/Downloads/sportmate/sportmate/vendor/laravel/framework/src/Illuminate/Foundation/Http/Middleware/VerifyCsrfToken.php(87): Illuminate/Pipeline/Pipeline->{closure:{closure:Illuminate/Pipeline/Pipeline::carry():194}:195}(Object(Illuminate/Http/Request))
#25 C:/Users/LENOVO/Downloads/sportmate/sportmate/vendor/laravel/framework/src/Illuminate/Pipeline/Pipeline.php(219): Illuminate/Foundation/Http/Middleware/VerifyCsrfToken->handle(Object(Illuminate/Http/Request), Object(Closure))
#26 C:/Users/LENOVO/Downloads/sportmate/sportmate/vendor/laravel/framework/src/Illuminate/View/Middleware/ShareErrorsFromSession.php(48): Illuminate/Pipeline/Pipeline->{closure:{closure:Illuminate/Pipeline/Pipeline::carry():194}:195}(Object(Illuminate/Http/Request))
#27 C:/Users/LENOVO/Downloads/sportmate/sportmate/vendor/laravel/framework/src/Illuminate/Pipeline/Pipeline.php(219): Illuminate/View/Middleware/ShareErrorsFromSession->handle(Object(Illuminate/Http/Request), Object(Closure))
#28 C:/Users/LENOVO/Downloads/sportmate/sportmate/vendor/laravel/framework/src/Illuminate/Session/Middleware/StartSession.php(120): Illuminate/Pipeline/Pipeline->{closure:{closure:Illuminate/Pipeline/Pipeline::carry():194}:195}(Object(Illuminate/Http/Request))
#29 C:/Users/LENOVO/Downloads/sportmate/sportmate/vendor/laravel/framework/src/Illuminate/Session/Middleware/StartSession.php(63): Illuminate/Session/Middleware/StartSession->handleStatefulRequest(Object(Illuminate/Http/Request), Object(Illuminate/Session/Store), Object(Closure))
#30 C:/Users/LENOVO/Downloads/sportmate/sportmate/vendor/laravel/framework/src/Illuminate/Pipeline/Pipeline.php(219): Illuminate/Session/Middleware/StartSession->handle(Object(Illuminate/Http/Request), Object(Closure))
#31 C:/Users/LENOVO/Downloads/sportmate/sportmate/vendor/laravel/framework/src/Illuminate/Cookie/Middleware/AddQueuedCookiesToResponse.php(36): Illuminate/Pipeline/Pipeline->{closure:{closure:Illuminate/Pipeline/Pipeline::carry():194}:195}(Object(Illuminate/Http/Request))
#32 C:/Users/LENOVO/Downloads/sportmate/sportmate/vendor/laravel/framework/src/Illuminate/Pipeline/Pipeline.php(219): Illuminate/Cookie/Middleware/AddQueuedCookiesToResponse->handle(Object(Illuminate/Http/Request), Object(Closure))
#33 C:/Users/LENOVO/Downloads/sportmate/sportmate/vendor/laravel/framework/src/Illuminate/Cookie/Middleware/EncryptCookies.php(74): Illuminate/Pipeline/Pipeline->{closure:{closure:Illuminate/Pipeline/Pipeline::carry():194}:195}(Object(Illuminate/Http/Request))
#34 C:/Users/LENOVO/Downloads/sportmate/sportmate/vendor/laravel/framework/src/Illuminate/Pipeline/Pipeline.php(219): Illuminate/Cookie/Middleware/EncryptCookies->handle(Object(Illuminate/Http/Request), Object(Closure))
#35 C:/Users/LENOVO/Downloads/sportmate/sportmate/vendor/laravel/framework/src/Illuminate/Pipeline/Pipeline.php(137): Illuminate/Pipeline/Pipeline->{closure:{closure:Illuminate/Pipeline/Pipeline::carry():194}:195}(Object(Illuminate/Http/Request))
#36 C:/Users/LENOVO/Downloads/sportmate/sportmate/vendor/laravel/framework/src/Illuminate/Routing/Router.php(821): Illuminate/Pipeline/Pipeline->then(Object(Closure))
#37 C:/Users/LENOVO/Downloads/sportmate/sportmate/vendor/laravel/framework/src/Illuminate/Routing/Router.php(800): Illuminate/Routing/Router->runRouteWithinStack(Object(Illuminate/Routing/Route), Object(Illuminate/Http/Request))
#38 C:/Users/LENOVO/Downloads/sportmate/sportmate/vendor/laravel/framework/src/Illuminate/Routing/Router.php(764): Illuminate/Routing/Router->runRoute(Object(Illuminate/Http/Request), Object(Illuminate/Routing/Route))
#39 C:/Users/LENOVO/Downloads/sportmate/sportmate/vendor/laravel/framework/src/Illuminate/Routing/Router.php(753): Illuminate/Routing/Router->dispatchToRoute(Object(Illuminate/Http/Request))
#40 C:/Users/LENOVO/Downloads/sportmate/sportmate/vendor/laravel/framework/src/Illuminate/Foundation/Http/Kernel.php(200): Illuminate/Routing/Router->dispatch(Object(Illuminate/Http/Request))
#41 C:/Users/LENOVO/Downloads/sportmate/sportmate/vendor/laravel/framework/src/Illuminate/Pipeline/Pipeline.php(180): Illuminate/Foundation/Http/Kernel->{closure:Illuminate/Foundation/Http/Kernel::dispatchToRouter():197}(Object(Illuminate/Http/Request))
#42 C:/Users/LENOVO/Downloads/sportmate/sportmate/vendor/laravel/framework/src/Illuminate/Foundation/Http/Middleware/TransformsRequest.php(21): Illuminate/Pipeline/Pipeline->{closure:Illuminate/Pipeline/Pipeline::prepareDestination():178}(Object(Illuminate/Http/Request))
#43 C:/Users/LENOVO/Downloads/sportmate/sportmate/vendor/laravel/framework/src/Illuminate/Foundation/Http/Middleware/ConvertEmptyStringsToNull.php(31): Illuminate/Foundation/Http/Middleware/TransformsRequest->handle(Object(Illuminate/Http/Request), Object(Closure))
#44 C:/Users/LENOVO/Downloads/sportmate/sportmate/vendor/laravel/framework/src/Illuminate/Pipeline/Pipeline.php(219): Illuminate/Foundation/Http/Middleware/ConvertEmptyStringsToNull->handle(Object(Illuminate/Http/Request), Object(Closure))
#45 C:/Users/LENOVO/Downloads/sportmate/sportmate/vendor/laravel/framework/src/Illuminate/Foundation/Http/Middleware/TransformsRequest.php(21): Illuminate/Pipeline/Pipeline->{closure:{closure:Illuminate/Pipeline/Pipeline::carry():194}:195}(Object(Illuminate/Http/Request))
#46 C:/Users/LENOVO/Downloads/sportmate/sportmate/vendor/laravel/framework/src/Illuminate/Foundation/Http/Middleware/TrimStrings.php(51): Illuminate/Foundation/Http/Middleware/TransformsRequest->handle(Object(Illuminate/Http/Request), Object(Closure))
#47 C:/Users/LENOVO/Downloads/sportmate/sportmate/vendor/laravel/framework/src/Illuminate/Pipeline/Pipeline.php(219): Illuminate/Foundation/Http/Middleware/TrimStrings->handle(Object(Illuminate/Http/Request), Object(Closure))
#48 C:/Users/LENOVO/Downloads/sportmate/sportmate/vendor/laravel/framework/src/Illuminate/Http/Middleware/ValidatePostSize.php(27): Illuminate/Pipeline/Pipeline->{closure:{closure:Illuminate/Pipeline/Pipeline::carry():194}:195}(Object(Illuminate/Http/Request))
#49 C:/Users/LENOVO/Downloads/sportmate/sportmate/vendor/laravel/framework/src/Illuminate/Pipeline/Pipeline.php(219): Illuminate/Http/Middleware/ValidatePostSize->handle(Object(Illuminate/Http/Request), Object(Closure))
#50 C:/Users/LENOVO/Downloads/sportmate/sportmate/vendor/laravel/framework/src/Illuminate/Foundation/Http/Middleware/PreventRequestsDuringMaintenance.php(109): Illuminate/Pipeline/Pipeline->{closure:{closure:Illuminate/Pipeline/Pipeline::carry():194}:195}(Object(Illuminate/Http/Request))
#51 C:/Users/LENOVO/Downloads/sportmate/sportmate/vendor/laravel/framework/src/Illuminate/Pipeline/Pipeline.php(219): Illuminate/Foundation/Http/Middleware/PreventRequestsDuringMaintenance->handle(Object(Illuminate/Http/Request), Object(Closure))
#52 C:/Users/LENOVO/Downloads/sportmate/sportmate/vendor/laravel/framework/src/Illuminate/Http/Middleware/HandleCors.php(61): Illuminate/Pipeline/Pipeline->{closure:{closure:Illuminate/Pipeline/Pipeline::carry():194}:195}(Object(Illuminate/Http/Request))
#53 C:/Users/LENOVO/Downloads/sportmate/sportmate/vendor/laravel/framework/src/Illuminate/Pipeline/Pipeline.php(219): Illuminate/Http/Middleware/HandleCors->handle(Object(Illuminate/Http/Request), Object(Closure))
#54 C:/Users/LENOVO/Downloads/sportmate/sportmate/vendor/laravel/framework/src/Illuminate/Http/Middleware/TrustProxies.php(58): Illuminate/Pipeline/Pipeline->{closure:{closure:Illuminate/Pipeline/Pipeline::carry():194}:195}(Object(Illuminate/Http/Request))
#55 C:/Users/LENOVO/Downloads/sportmate/sportmate/vendor/laravel/framework/src/Illuminate/Pipeline/Pipeline.php(219): Illuminate/Http/Middleware/TrustProxies->handle(Object(Illuminate/Http/Request), Object(Closure))
#56 C:/Users/LENOVO/Downloads/sportmate/sportmate/vendor/laravel/framework/src/Illuminate/Foundation/Http/Middleware/InvokeDeferredCallbacks.php(22): Illuminate/Pipeline/Pipeline->{closure:{closure:Illuminate/Pipeline/Pipeline::carry():194}:195}(Object(Illuminate/Http/Request))
#57 C:/Users/LENOVO/Downloads/sportmate/sportmate/vendor/laravel/framework/src/Illuminate/Pipeline/Pipeline.php(219): Illuminate/Foundation/Http/Middleware/InvokeDeferredCallbacks->handle(Object(Illuminate/Http/Request), Object(Closure))
#58 C:/Users/LENOVO/Downloads/sportmate/sportmate/vendor/laravel/framework/src/Illuminate/Http/Middleware/ValidatePathEncoding.php(26): Illuminate/Pipeline/Pipeline->{closure:{closure:Illuminate/Pipeline/Pipeline::carry():194}:195}(Object(Illuminate/Http/Request))
#59 C:/Users/LENOVO/Downloads/sportmate/sportmate/vendor/laravel/framework/src/Illuminate/Pipeline/Pipeline.php(219): Illuminate/Http/Middleware/ValidatePathEncoding->handle(Object(Illuminate/Http/Request), Object(Closure))
#60 C:/Users/LENOVO/Downloads/sportmate/sportmate/vendor/laravel/framework/src/Illuminate/Pipeline/Pipeline.php(137): Illuminate/Pipeline/Pipeline->{closure:{closure:Illuminate/Pipeline/Pipeline::carry():194}:195}(Object(Illuminate/Http/Request))
#61 C:/Users/LENOVO/Downloads/sportmate/sportmate/vendor/laravel/framework/src/Illuminate/Foundation/Http/Kernel.php(175): Illuminate/Pipeline/Pipeline->then(Object(Closure))
#62 C:/Users/LENOVO/Downloads/sportmate/sportmate/vendor/laravel/framework/src/Illuminate/Foundation/Http/Kernel.php(144): Illuminate/Foundation/Http/Kernel->sendRequestThroughRouter(Object(Illuminate/Http/Request))
#63 C:/Users/LENOVO/Downloads/sportmate/sportmate/vendor/laravel/framework/src/Illuminate/Foundation/Application.php(1220): Illuminate/Foundation/Http/Kernel->handle(Object(Illuminate/Http/Request))
#64 C:/Users/LENOVO/Downloads/sportmate/sportmate/public/index.php(15): Illuminate/Foundation/Application->handleRequest(Object(Illuminate/Http/Request))
#65 C:/Users/LENOVO/Downloads/sportmate/sportmate/vendor/laravel/framework/src/Illuminate/Foundation/resources/server.php(23): require_once('C://Users//LENOVO...')
#66 {main}
"} 
[2026-07-04 14:45:13] local.ERROR: SQLSTATE[42S22]: Column not found: 1054 Unknown column 'user_sports.jadwal' in 'field list' (Connection: mysql, Host: 127.0.0.1, Port: 3306, Database: sportmate, SQL: select `sports`.*, `user_sports`.`user_id` as `pivot_user_id`, `user_sports`.`sport_id` as `pivot_sport_id`, `user_sports`.`jadwal` as `pivot_jadwal`, `user_sports`.`created_at` as `pivot_created_at`, `user_sports`.`updated_at` as `pivot_updated_at` from `sports` inner join `user_sports` on `sports`.`id` = `user_sports`.`sport_id` where `user_sports`.`user_id` in (3, 6)) {"userId":2,"exception":"[object] (Illuminate\\Database\\QueryException(code: 42S22): SQLSTATE[42S22]: Column not found: 1054 Unknown column 'user_sports.jadwal' in 'field list' (Connection: mysql, Host: 127.0.0.1, Port: 3306, Database: sportmate, SQL: select `sports`.*, `user_sports`.`user_id` as `pivot_user_id`, `user_sports`.`sport_id` as `pivot_sport_id`, `user_sports`.`jadwal` as `pivot_jadwal`, `user_sports`.`created_at` as `pivot_created_at`, `user_sports`.`updated_at` as `pivot_updated_at` from `sports` inner join `user_sports` on `sports`.`id` = `user_sports`.`sport_id` where `user_sports`.`user_id` in (3, 6)) at C:/Users/LENOVO/Downloads/sportmate/sportmate/vendor/laravel/framework/src/Illuminate/Database/Connection.php:838)
[stacktrace]
#0 C:/Users/LENOVO/Downloads/sportmate/sportmate/vendor/laravel/framework/src/Illuminate/Database/Connection.php(794): Illuminate/Database/Connection->runQueryCallback('select `sports`...', Array, Object(Closure))
#1 C:/Users/LENOVO/Downloads/sportmate/sportmate/vendor/laravel/framework/src/Illuminate/Database/Connection.php(411): Illuminate/Database/Connection->run('select `sports`...', Array, Object(Closure))
#2 C:/Users/LENOVO/Downloads/sportmate/sportmate/vendor/laravel/framework/src/Illuminate/Database/Query/Builder.php(3505): Illuminate/Database/Connection->select('select `sports`...', Array, true)
#3 C:/Users/LENOVO/Downloads/sportmate/sportmate/vendor/laravel/framework/src/Illuminate/Database/Query/Builder.php(3490): Illuminate/Database/Query/Builder->runSelect()
#4 C:/Users/LENOVO/Downloads/sportmate/sportmate/vendor/laravel/framework/src/Illuminate/Database/Query/Builder.php(4080): Illuminate/Database/Query/Builder->{closure:Illuminate/Database/Query/Builder::get():3489}()
#5 C:/Users/LENOVO/Downloads/sportmate/sportmate/vendor/laravel/framework/src/Illuminate/Database/Query/Builder.php(3489): Illuminate/Database/Query/Builder->onceWithColumns(Array, Object(Closure))
#6 C:/Users/LENOVO/Downloads/sportmate/sportmate/vendor/laravel/framework/src/Illuminate/Database/Eloquent/Builder.php(902): Illuminate/Database/Query/Builder->get(Array)
#7 C:/Users/LENOVO/Downloads/sportmate/sportmate/vendor/laravel/framework/src/Illuminate/Database/Eloquent/Relations/BelongsToMany.php(932): Illuminate/Database/Eloquent/Builder->getModels()
#8 C:/Users/LENOVO/Downloads/sportmate/sportmate/vendor/laravel/framework/src/Illuminate/Database/Eloquent/Relations/Relation.php(175): Illuminate/Database/Eloquent/Relations/BelongsToMany->get()
#9 C:/Users/LENOVO/Downloads/sportmate/sportmate/vendor/laravel/framework/src/Illuminate/Database/Eloquent/Builder.php(950): Illuminate/Database/Eloquent/Relations/Relation->getEager()
#10 C:/Users/LENOVO/Downloads/sportmate/sportmate/vendor/laravel/framework/src/Illuminate/Database/Eloquent/Builder.php(919): Illuminate/Database/Eloquent/Builder->eagerLoadRelation(Array, 'sports', Object(Closure))
#11 C:/Users/LENOVO/Downloads/sportmate/sportmate/vendor/laravel/framework/src/Illuminate/Database/Eloquent/Builder.php(885): Illuminate/Database/Eloquent/Builder->eagerLoadRelations(Array)
#12 C:/Users/LENOVO/Downloads/sportmate/sportmate/app/Http/Controllers/DashboardController.php(32): Illuminate/Database/Eloquent/Builder->get()
#13 C:/Users/LENOVO/Downloads/sportmate/sportmate/vendor/laravel/framework/src/Illuminate/Routing/ControllerDispatcher.php(46): App/Http/Controllers/DashboardController->index()
#14 C:/Users/LENOVO/Downloads/sportmate/sportmate/vendor/laravel/framework/src/Illuminate/Routing/Route.php(265): Illuminate/Routing/ControllerDispatcher->dispatch(Object(Illuminate/Routing/Route), Object(App/Http/Controllers/DashboardController), 'index')
#15 C:/Users/LENOVO/Downloads/sportmate/sportmate/vendor/laravel/framework/src/Illuminate/Routing/Route.php(211): Illuminate/Routing/Route->runController()
#16 C:/Users/LENOVO/Downloads/sportmate/sportmate/vendor/laravel/framework/src/Illuminate/Routing/Router.php(822): Illuminate/Routing/Route->run()
#17 C:/Users/LENOVO/Downloads/sportmate/sportmate/vendor/laravel/framework/src/Illuminate/Pipeline/Pipeline.php(180): Illuminate/Routing/Router->{closure:Illuminate/Routing/Router::runRouteWithinStack():821}(Object(Illuminate/Http/Request))
#18 C:/Users/LENOVO/Downloads/sportmate/sportmate/vendor/laravel/framework/src/Illuminate/Routing/Middleware/SubstituteBindings.php(50): Illuminate/Pipeline/Pipeline->{closure:Illuminate/Pipeline/Pipeline::prepareDestination():178}(Object(Illuminate/Http/Request))
#19 C:/Users/LENOVO/Downloads/sportmate/sportmate/vendor/laravel/framework/src/Illuminate/Pipeline/Pipeline.php(219): Illuminate/Routing/Middleware/SubstituteBindings->handle(Object(Illuminate/Http/Request), Object(Closure))
#20 C:/Users/LENOVO/Downloads/sportmate/sportmate/vendor/laravel/framework/src/Illuminate/Auth/Middleware/Authenticate.php(63): Illuminate/Pipeline/Pipeline->{closure:{closure:Illuminate/Pipeline/Pipeline::carry():194}:195}(Object(Illuminate/Http/Request))
#21 C:/Users/LENOVO/Downloads/sportmate/sportmate/vendor/laravel/framework/src/Illuminate/Pipeline/Pipeline.php(219): Illuminate/Auth/Middleware/Authenticate->handle(Object(Illuminate/Http/Request), Object(Closure))
#22 C:/Users/LENOVO/Downloads/sportmate/sportmate/vendor/laravel/framework/src/Illuminate/Foundation/Http/Middleware/VerifyCsrfToken.php(87): Illuminate/Pipeline/Pipeline->{closure:{closure:Illuminate/Pipeline/Pipeline::carry():194}:195}(Object(Illuminate/Http/Request))
#23 C:/Users/LENOVO/Downloads/sportmate/sportmate/vendor/laravel/framework/src/Illuminate/Pipeline/Pipeline.php(219): Illuminate/Foundation/Http/Middleware/VerifyCsrfToken->handle(Object(Illuminate/Http/Request), Object(Closure))
#24 C:/Users/LENOVO/Downloads/sportmate/sportmate/vendor/laravel/framework/src/Illuminate/View/Middleware/ShareErrorsFromSession.php(48): Illuminate/Pipeline/Pipeline->{closure:{closure:Illuminate/Pipeline/Pipeline::carry():194}:195}(Object(Illuminate/Http/Request))
#25 C:/Users/LENOVO/Downloads/sportmate/sportmate/vendor/laravel/framework/src/Illuminate/Pipeline/Pipeline.php(219): Illuminate/View/Middleware/ShareErrorsFromSession->handle(Object(Illuminate/Http/Request), Object(Closure))
#26 C:/Users/LENOVO/Downloads/sportmate/sportmate/vendor/laravel/framework/src/Illuminate/Session/Middleware/StartSession.php(120): Illuminate/Pipeline/Pipeline->{closure:{closure:Illuminate/Pipeline/Pipeline::carry():194}:195}(Object(Illuminate/Http/Request))
#27 C:/Users/LENOVO/Downloads/sportmate/sportmate/vendor/laravel/framework/src/Illuminate/Session/Middleware/StartSession.php(63): Illuminate/Session/Middleware/StartSession->handleStatefulRequest(Object(Illuminate/Http/Request), Object(Illuminate/Session/Store), Object(Closure))
#28 C:/Users/LENOVO/Downloads/sportmate/sportmate/vendor/laravel/framework/src/Illuminate/Pipeline/Pipeline.php(219): Illuminate/Session/Middleware/StartSession->handle(Object(Illuminate/Http/Request), Object(Closure))
#29 C:/Users/LENOVO/Downloads/sportmate/sportmate/vendor/laravel/framework/src/Illuminate/Cookie/Middleware/AddQueuedCookiesToResponse.php(36): Illuminate/Pipeline/Pipeline->{closure:{closure:Illuminate/Pipeline/Pipeline::carry():194}:195}(Object(Illuminate/Http/Request))
#30 C:/Users/LENOVO/Downloads/sportmate/sportmate/vendor/laravel/framework/src/Illuminate/Pipeline/Pipeline.php(219): Illuminate/Cookie/Middleware/AddQueuedCookiesToResponse->handle(Object(Illuminate/Http/Request), Object(Closure))
#31 C:/Users/LENOVO/Downloads/sportmate/sportmate/vendor/laravel/framework/src/Illuminate/Cookie/Middleware/EncryptCookies.php(74): Illuminate/Pipeline/Pipeline->{closure:{closure:Illuminate/Pipeline/Pipeline::carry():194}:195}(Object(Illuminate/Http/Request))
#32 C:/Users/LENOVO/Downloads/sportmate/sportmate/vendor/laravel/framework/src/Illuminate/Pipeline/Pipeline.php(219): Illuminate/Cookie/Middleware/EncryptCookies->handle(Object(Illuminate/Http/Request), Object(Closure))
#33 C:/Users/LENOVO/Downloads/sportmate/sportmate/vendor/laravel/framework/src/Illuminate/Pipeline/Pipeline.php(137): Illuminate/Pipeline/Pipeline->{closure:{closure:Illuminate/Pipeline/Pipeline::carry():194}:195}(Object(Illuminate/Http/Request))
#34 C:/Users/LENOVO/Downloads/sportmate/sportmate/vendor/laravel/framework/src/Illuminate/Routing/Router.php(821): Illuminate/Pipeline/Pipeline->then(Object(Closure))
#35 C:/Users/LENOVO/Downloads/sportmate/sportmate/vendor/laravel/framework/src/Illuminate/Routing/Router.php(800): Illuminate/Routing/Router->runRouteWithinStack(Object(Illuminate/Routing/Route), Object(Illuminate/Http/Request))
#36 C:/Users/LENOVO/Downloads/sportmate/sportmate/vendor/laravel/framework/src/Illuminate/Routing/Router.php(764): Illuminate/Routing/Router->runRoute(Object(Illuminate/Http/Request), Object(Illuminate/Routing/Route))
#37 C:/Users/LENOVO/Downloads/sportmate/sportmate/vendor/laravel/framework/src/Illuminate/Routing/Router.php(753): Illuminate/Routing/Router->dispatchToRoute(Object(Illuminate/Http/Request))
#38 C:/Users/LENOVO/Downloads/sportmate/sportmate/vendor/laravel/framework/src/Illuminate/Foundation/Http/Kernel.php(200): Illuminate/Routing/Router->dispatch(Object(Illuminate/Http/Request))
#39 C:/Users/LENOVO/Downloads/sportmate/sportmate/vendor/laravel/framework/src/Illuminate/Pipeline/Pipeline.php(180): Illuminate/Foundation/Http/Kernel->{closure:Illuminate/Foundation/Http/Kernel::dispatchToRouter():197}(Object(Illuminate/Http/Request))
#40 C:/Users/LENOVO/Downloads/sportmate/sportmate/vendor/laravel/framework/src/Illuminate/Foundation/Http/Middleware/TransformsRequest.php(21): Illuminate/Pipeline/Pipeline->{closure:Illuminate/Pipeline/Pipeline::prepareDestination():178}(Object(Illuminate/Http/Request))
#41 C:/Users/LENOVO/Downloads/sportmate/sportmate/vendor/laravel/framework/src/Illuminate/Foundation/Http/Middleware/ConvertEmptyStringsToNull.php(31): Illuminate/Foundation/Http/Middleware/TransformsRequest->handle(Object(Illuminate/Http/Request), Object(Closure))
#42 C:/Users/LENOVO/Downloads/sportmate/sportmate/vendor/laravel/framework/src/Illuminate/Pipeline/Pipeline.php(219): Illuminate/Foundation/Http/Middleware/ConvertEmptyStringsToNull->handle(Object(Illuminate/Http/Request), Object(Closure))
#43 C:/Users/LENOVO/Downloads/sportmate/sportmate/vendor/laravel/framework/src/Illuminate/Foundation/Http/Middleware/TransformsRequest.php(21): Illuminate/Pipeline/Pipeline->{closure:{closure:Illuminate/Pipeline/Pipeline::carry():194}:195}(Object(Illuminate/Http/Request))
#44 C:/Users/LENOVO/Downloads/sportmate/sportmate/vendor/laravel/framework/src/Illuminate/Foundation/Http/Middleware/TrimStrings.php(51): Illuminate/Foundation/Http/Middleware/TransformsRequest->handle(Object(Illuminate/Http/Request), Object(Closure))
#45 C:/Users/LENOVO/Downloads/sportmate/sportmate/vendor/laravel/framework/src/Illuminate/Pipeline/Pipeline.php(219): Illuminate/Foundation/Http/Middleware/TrimStrings->handle(Object(Illuminate/Http/Request), Object(Closure))
#46 C:/Users/LENOVO/Downloads/sportmate/sportmate/vendor/laravel/framework/src/Illuminate/Http/Middleware/ValidatePostSize.php(27): Illuminate/Pipeline/Pipeline->{closure:{closure:Illuminate/Pipeline/Pipeline::carry():194}:195}(Object(Illuminate/Http/Request))
#47 C:/Users/LENOVO/Downloads/sportmate/sportmate/vendor/laravel/framework/src/Illuminate/Pipeline/Pipeline.php(219): Illuminate/Http/Middleware/ValidatePostSize->handle(Object(Illuminate/Http/Request), Object(Closure))
#48 C:/Users/LENOVO/Downloads/sportmate/sportmate/vendor/laravel/framework/src/Illuminate/Foundation/Http/Middleware/PreventRequestsDuringMaintenance.php(109): Illuminate/Pipeline/Pipeline->{closure:{closure:Illuminate/Pipeline/Pipeline::carry():194}:195}(Object(Illuminate/Http/Request))
#49 C:/Users/LENOVO/Downloads/sportmate/sportmate/vendor/laravel/framework/src/Illuminate/Pipeline/Pipeline.php(219): Illuminate/Foundation/Http/Middleware/PreventRequestsDuringMaintenance->handle(Object(Illuminate/Http/Request), Object(Closure))
#50 C:/Users/LENOVO/Downloads/sportmate/sportmate/vendor/laravel/framework/src/Illuminate/Http/Middleware/HandleCors.php(61): Illuminate/Pipeline/Pipeline->{closure:{closure:Illuminate/Pipeline/Pipeline::carry():194}:195}(Object(Illuminate/Http/Request))
#51 C:/Users/LENOVO/Downloads/sportmate/sportmate/vendor/laravel/framework/src/Illuminate/Pipeline/Pipeline.php(219): Illuminate/Http/Middleware/HandleCors->handle(Object(Illuminate/Http/Request), Object(Closure))
#52 C:/Users/LENOVO/Downloads/sportmate/sportmate/vendor/laravel/framework/src/Illuminate/Http/Middleware/TrustProxies.php(58): Illuminate/Pipeline/Pipeline->{closure:{closure:Illuminate/Pipeline/Pipeline::carry():194}:195}(Object(Illuminate/Http/Request))
#53 C:/Users/LENOVO/Downloads/sportmate/sportmate/vendor/laravel/framework/src/Illuminate/Pipeline/Pipeline.php(219): Illuminate/Http/Middleware/TrustProxies->handle(Object(Illuminate/Http/Request), Object(Closure))
#54 C:/Users/LENOVO/Downloads/sportmate/sportmate/vendor/laravel/framework/src/Illuminate/Foundation/Http/Middleware/InvokeDeferredCallbacks.php(22): Illuminate/Pipeline/Pipeline->{closure:{closure:Illuminate/Pipeline/Pipeline::carry():194}:195}(Object(Illuminate/Http/Request))
#55 C:/Users/LENOVO/Downloads/sportmate/sportmate/vendor/laravel/framework/src/Illuminate/Pipeline/Pipeline.php(219): Illuminate/Foundation/Http/Middleware/InvokeDeferredCallbacks->handle(Object(Illuminate/Http/Request), Object(Closure))
#56 C:/Users/LENOVO/Downloads/sportmate/sportmate/vendor/laravel/framework/src/Illuminate/Http/Middleware/ValidatePathEncoding.php(26): Illuminate/Pipeline/Pipeline->{closure:{closure:Illuminate/Pipeline/Pipeline::carry():194}:195}(Object(Illuminate/Http/Request))
#57 C:/Users/LENOVO/Downloads/sportmate/sportmate/vendor/laravel/framework/src/Illuminate/Pipeline/Pipeline.php(219): Illuminate/Http/Middleware/ValidatePathEncoding->handle(Object(Illuminate/Http/Request), Object(Closure))
#58 C:/Users/LENOVO/Downloads/sportmate/sportmate/vendor/laravel/framework/src/Illuminate/Pipeline/Pipeline.php(137): Illuminate/Pipeline/Pipeline->{closure:{closure:Illuminate/Pipeline/Pipeline::carry():194}:195}(Object(Illuminate/Http/Request))
#59 C:/Users/LENOVO/Downloads/sportmate/sportmate/vendor/laravel/framework/src/Illuminate/Foundation/Http/Kernel.php(175): Illuminate/Pipeline/Pipeline->then(Object(Closure))
#60 C:/Users/LENOVO/Downloads/sportmate/sportmate/vendor/laravel/framework/src/Illuminate/Foundation/Http/Kernel.php(144): Illuminate/Foundation/Http/Kernel->sendRequestThroughRouter(Object(Illuminate/Http/Request))
#61 C:/Users/LENOVO/Downloads/sportmate/sportmate/vendor/laravel/framework/src/Illuminate/Foundation/Application.php(1220): Illuminate/Foundation/Http/Kernel->handle(Object(Illuminate/Http/Request))
#62 C:/Users/LENOVO/Downloads/sportmate/sportmate/public/index.php(15): Illuminate/Foundation/Application->handleRequest(Object(Illuminate/Http/Request))
#63 C:/Users/LENOVO/Downloads/sportmate/sportmate/vendor/laravel/framework/src/Illuminate/Foundation/resources/server.php(23): require_once('C://Users//LENOVO...')
#64 {main}

[previous exception] [object] (PDOException(code: 42S22): SQLSTATE[42S22]: Column not found: 1054 Unknown column 'user_sports.jadwal' in 'field list' at C:/Users/LENOVO/Downloads/sportmate/sportmate/vendor/laravel/framework/src/Illuminate/Database/Connection.php:420)
[stacktrace]
#0 C:/Users/LENOVO/Downloads/sportmate/sportmate/vendor/laravel/framework/src/Illuminate/Database/Connection.php(420): PDO->prepare('select `sports`...')
#1 C:/Users/LENOVO/Downloads/sportmate/sportmate/vendor/laravel/framework/src/Illuminate/Database/Connection.php(827): Illuminate/Database/Connection->{closure:Illuminate/Database/Connection::select():411}('select `sports`...', Array)
#2 C:/Users/LENOVO/Downloads/sportmate/sportmate/vendor/laravel/framework/src/Illuminate/Database/Connection.php(794): Illuminate/Database/Connection->runQueryCallback('select `sports`...', Array, Object(Closure))
#3 C:/Users/LENOVO/Downloads/sportmate/sportmate/vendor/laravel/framework/src/Illuminate/Database/Connection.php(411): Illuminate/Database/Connection->run('select `sports`...', Array, Object(Closure))
#4 C:/Users/LENOVO/Downloads/sportmate/sportmate/vendor/laravel/framework/src/Illuminate/Database/Query/Builder.php(3505): Illuminate/Database/Connection->select('select `sports`...', Array, true)
#5 C:/Users/LENOVO/Downloads/sportmate/sportmate/vendor/laravel/framework/src/Illuminate/Database/Query/Builder.php(3490): Illuminate/Database/Query/Builder->runSelect()
#6 C:/Users/LENOVO/Downloads/sportmate/sportmate/vendor/laravel/framework/src/Illuminate/Database/Query/Builder.php(4080): Illuminate/Database/Query/Builder->{closure:Illuminate/Database/Query/Builder::get():3489}()
#7 C:/Users/LENOVO/Downloads/sportmate/sportmate/vendor/laravel/framework/src/Illuminate/Database/Query/Builder.php(3489): Illuminate/Database/Query/Builder->onceWithColumns(Array, Object(Closure))
#8 C:/Users/LENOVO/Downloads/sportmate/sportmate/vendor/laravel/framework/src/Illuminate/Database/Eloquent/Builder.php(902): Illuminate/Database/Query/Builder->get(Array)
#9 C:/Users/LENOVO/Downloads/sportmate/sportmate/vendor/laravel/framework/src/Illuminate/Database/Eloquent/Relations/BelongsToMany.php(932): Illuminate/Database/Eloquent/Builder->getModels()
#10 C:/Users/LENOVO/Downloads/sportmate/sportmate/vendor/laravel/framework/src/Illuminate/Database/Eloquent/Relations/Relation.php(175): Illuminate/Database/Eloquent/Relations/BelongsToMany->get()
#11 C:/Users/LENOVO/Downloads/sportmate/sportmate/vendor/laravel/framework/src/Illuminate/Database/Eloquent/Builder.php(950): Illuminate/Database/Eloquent/Relations/Relation->getEager()
#12 C:/Users/LENOVO/Downloads/sportmate/sportmate/vendor/laravel/framework/src/Illuminate/Database/Eloquent/Builder.php(919): Illuminate/Database/Eloquent/Builder->eagerLoadRelation(Array, 'sports', Object(Closure))
#13 C:/Users/LENOVO/Downloads/sportmate/sportmate/vendor/laravel/framework/src/Illuminate/Database/Eloquent/Builder.php(885): Illuminate/Database/Eloquent/Builder->eagerLoadRelations(Array)
#14 C:/Users/LENOVO/Downloads/sportmate/sportmate/app/Http/Controllers/DashboardController.php(32): Illuminate/Database/Eloquent/Builder->get()
#15 C:/Users/LENOVO/Downloads/sportmate/sportmate/vendor/laravel/framework/src/Illuminate/Routing/ControllerDispatcher.php(46): App/Http/Controllers/DashboardController->index()
#16 C:/Users/LENOVO/Downloads/sportmate/sportmate/vendor/laravel/framework/src/Illuminate/Routing/Route.php(265): Illuminate/Routing/ControllerDispatcher->dispatch(Object(Illuminate/Routing/Route), Object(App/Http/Controllers/DashboardController), 'index')
#17 C:/Users/LENOVO/Downloads/sportmate/sportmate/vendor/laravel/framework/src/Illuminate/Routing/Route.php(211): Illuminate/Routing/Route->runController()
#18 C:/Users/LENOVO/Downloads/sportmate/sportmate/vendor/laravel/framework/src/Illuminate/Routing/Router.php(822): Illuminate/Routing/Route->run()
#19 C:/Users/LENOVO/Downloads/sportmate/sportmate/vendor/laravel/framework/src/Illuminate/Pipeline/Pipeline.php(180): Illuminate/Routing/Router->{closure:Illuminate/Routing/Router::runRouteWithinStack():821}(Object(Illuminate/Http/Request))
#20 C:/Users/LENOVO/Downloads/sportmate/sportmate/vendor/laravel/framework/src/Illuminate/Routing/Middleware/SubstituteBindings.php(50): Illuminate/Pipeline/Pipeline->{closure:Illuminate/Pipeline/Pipeline::prepareDestination():178}(Object(Illuminate/Http/Request))
#21 C:/Users/LENOVO/Downloads/sportmate/sportmate/vendor/laravel/framework/src/Illuminate/Pipeline/Pipeline.php(219): Illuminate/Routing/Middleware/SubstituteBindings->handle(Object(Illuminate/Http/Request), Object(Closure))
#22 C:/Users/LENOVO/Downloads/sportmate/sportmate/vendor/laravel/framework/src/Illuminate/Auth/Middleware/Authenticate.php(63): Illuminate/Pipeline/Pipeline->{closure:{closure:Illuminate/Pipeline/Pipeline::carry():194}:195}(Object(Illuminate/Http/Request))
#23 C:/Users/LENOVO/Downloads/sportmate/sportmate/vendor/laravel/framework/src/Illuminate/Pipeline/Pipeline.php(219): Illuminate/Auth/Middleware/Authenticate->handle(Object(Illuminate/Http/Request), Object(Closure))
#24 C:/Users/LENOVO/Downloads/sportmate/sportmate/vendor/laravel/framework/src/Illuminate/Foundation/Http/Middleware/VerifyCsrfToken.php(87): Illuminate/Pipeline/Pipeline->{closure:{closure:Illuminate/Pipeline/Pipeline::carry():194}:195}(Object(Illuminate/Http/Request))
#25 C:/Users/LENOVO/Downloads/sportmate/sportmate/vendor/laravel/framework/src/Illuminate/Pipeline/Pipeline.php(219): Illuminate/Foundation/Http/Middleware/VerifyCsrfToken->handle(Object(Illuminate/Http/Request), Object(Closure))
#26 C:/Users/LENOVO/Downloads/sportmate/sportmate/vendor/laravel/framework/src/Illuminate/View/Middleware/ShareErrorsFromSession.php(48): Illuminate/Pipeline/Pipeline->{closure:{closure:Illuminate/Pipeline/Pipeline::carry():194}:195}(Object(Illuminate/Http/Request))
#27 C:/Users/LENOVO/Downloads/sportmate/sportmate/vendor/laravel/framework/src/Illuminate/Pipeline/Pipeline.php(219): Illuminate/View/Middleware/ShareErrorsFromSession->handle(Object(Illuminate/Http/Request), Object(Closure))
#28 C:/Users/LENOVO/Downloads/sportmate/sportmate/vendor/laravel/framework/src/Illuminate/Session/Middleware/StartSession.php(120): Illuminate/Pipeline/Pipeline->{closure:{closure:Illuminate/Pipeline/Pipeline::carry():194}:195}(Object(Illuminate/Http/Request))
#29 C:/Users/LENOVO/Downloads/sportmate/sportmate/vendor/laravel/framework/src/Illuminate/Session/Middleware/StartSession.php(63): Illuminate/Session/Middleware/StartSession->handleStatefulRequest(Object(Illuminate/Http/Request), Object(Illuminate/Session/Store), Object(Closure))
#30 C:/Users/LENOVO/Downloads/sportmate/sportmate/vendor/laravel/framework/src/Illuminate/Pipeline/Pipeline.php(219): Illuminate/Session/Middleware/StartSession->handle(Object(Illuminate/Http/Request), Object(Closure))
#31 C:/Users/LENOVO/Downloads/sportmate/sportmate/vendor/laravel/framework/src/Illuminate/Cookie/Middleware/AddQueuedCookiesToResponse.php(36): Illuminate/Pipeline/Pipeline->{closure:{closure:Illuminate/Pipeline/Pipeline::carry():194}:195}(Object(Illuminate/Http/Request))
#32 C:/Users/LENOVO/Downloads/sportmate/sportmate/vendor/laravel/framework/src/Illuminate/Pipeline/Pipeline.php(219): Illuminate/Cookie/Middleware/AddQueuedCookiesToResponse->handle(Object(Illuminate/Http/Request), Object(Closure))
#33 C:/Users/LENOVO/Downloads/sportmate/sportmate/vendor/laravel/framework/src/Illuminate/Cookie/Middleware/EncryptCookies.php(74): Illuminate/Pipeline/Pipeline->{closure:{closure:Illuminate/Pipeline/Pipeline::carry():194}:195}(Object(Illuminate/Http/Request))
#34 C:/Users/LENOVO/Downloads/sportmate/sportmate/vendor/laravel/framework/src/Illuminate/Pipeline/Pipeline.php(219): Illuminate/Cookie/Middleware/EncryptCookies->handle(Object(Illuminate/Http/Request), Object(Closure))
#35 C:/Users/LENOVO/Downloads/sportmate/sportmate/vendor/laravel/framework/src/Illuminate/Pipeline/Pipeline.php(137): Illuminate/Pipeline/Pipeline->{closure:{closure:Illuminate/Pipeline/Pipeline::carry():194}:195}(Object(Illuminate/Http/Request))
#36 C:/Users/LENOVO/Downloads/sportmate/sportmate/vendor/laravel/framework/src/Illuminate/Routing/Router.php(821): Illuminate/Pipeline/Pipeline->then(Object(Closure))
#37 C:/Users/LENOVO/Downloads/sportmate/sportmate/vendor/laravel/framework/src/Illuminate/Routing/Router.php(800): Illuminate/Routing/Router->runRouteWithinStack(Object(Illuminate/Routing/Route), Object(Illuminate/Http/Request))
#38 C:/Users/LENOVO/Downloads/sportmate/sportmate/vendor/laravel/framework/src/Illuminate/Routing/Router.php(764): Illuminate/Routing/Router->runRoute(Object(Illuminate/Http/Request), Object(Illuminate/Routing/Route))
#39 C:/Users/LENOVO/Downloads/sportmate/sportmate/vendor/laravel/framework/src/Illuminate/Routing/Router.php(753): Illuminate/Routing/Router->dispatchToRoute(Object(Illuminate/Http/Request))
#40 C:/Users/LENOVO/Downloads/sportmate/sportmate/vendor/laravel/framework/src/Illuminate/Foundation/Http/Kernel.php(200): Illuminate/Routing/Router->dispatch(Object(Illuminate/Http/Request))
#41 C:/Users/LENOVO/Downloads/sportmate/sportmate/vendor/laravel/framework/src/Illuminate/Pipeline/Pipeline.php(180): Illuminate/Foundation/Http/Kernel->{closure:Illuminate/Foundation/Http/Kernel::dispatchToRouter():197}(Object(Illuminate/Http/Request))
#42 C:/Users/LENOVO/Downloads/sportmate/sportmate/vendor/laravel/framework/src/Illuminate/Foundation/Http/Middleware/TransformsRequest.php(21): Illuminate/Pipeline/Pipeline->{closure:Illuminate/Pipeline/Pipeline::prepareDestination():178}(Object(Illuminate/Http/Request))
#43 C:/Users/LENOVO/Downloads/sportmate/sportmate/vendor/laravel/framework/src/Illuminate/Foundation/Http/Middleware/ConvertEmptyStringsToNull.php(31): Illuminate/Foundation/Http/Middleware/TransformsRequest->handle(Object(Illuminate/Http/Request), Object(Closure))
#44 C:/Users/LENOVO/Downloads/sportmate/sportmate/vendor/laravel/framework/src/Illuminate/Pipeline/Pipeline.php(219): Illuminate/Foundation/Http/Middleware/ConvertEmptyStringsToNull->handle(Object(Illuminate/Http/Request), Object(Closure))
#45 C:/Users/LENOVO/Downloads/sportmate/sportmate/vendor/laravel/framework/src/Illuminate/Foundation/Http/Middleware/TransformsRequest.php(21): Illuminate/Pipeline/Pipeline->{closure:{closure:Illuminate/Pipeline/Pipeline::carry():194}:195}(Object(Illuminate/Http/Request))
#46 C:/Users/LENOVO/Downloads/sportmate/sportmate/vendor/laravel/framework/src/Illuminate/Foundation/Http/Middleware/TrimStrings.php(51): Illuminate/Foundation/Http/Middleware/TransformsRequest->handle(Object(Illuminate/Http/Request), Object(Closure))
#47 C:/Users/LENOVO/Downloads/sportmate/sportmate/vendor/laravel/framework/src/Illuminate/Pipeline/Pipeline.php(219): Illuminate/Foundation/Http/Middleware/TrimStrings->handle(Object(Illuminate/Http/Request), Object(Closure))
#48 C:/Users/LENOVO/Downloads/sportmate/sportmate/vendor/laravel/framework/src/Illuminate/Http/Middleware/ValidatePostSize.php(27): Illuminate/Pipeline/Pipeline->{closure:{closure:Illuminate/Pipeline/Pipeline::carry():194}:195}(Object(Illuminate/Http/Request))
#49 C:/Users/LENOVO/Downloads/sportmate/sportmate/vendor/laravel/framework/src/Illuminate/Pipeline/Pipeline.php(219): Illuminate/Http/Middleware/ValidatePostSize->handle(Object(Illuminate/Http/Request), Object(Closure))
#50 C:/Users/LENOVO/Downloads/sportmate/sportmate/vendor/laravel/framework/src/Illuminate/Foundation/Http/Middleware/PreventRequestsDuringMaintenance.php(109): Illuminate/Pipeline/Pipeline->{closure:{closure:Illuminate/Pipeline/Pipeline::carry():194}:195}(Object(Illuminate/Http/Request))
#51 C:/Users/LENOVO/Downloads/sportmate/sportmate/vendor/laravel/framework/src/Illuminate/Pipeline/Pipeline.php(219): Illuminate/Foundation/Http/Middleware/PreventRequestsDuringMaintenance->handle(Object(Illuminate/Http/Request), Object(Closure))
#52 C:/Users/LENOVO/Downloads/sportmate/sportmate/vendor/laravel/framework/src/Illuminate/Http/Middleware/HandleCors.php(61): Illuminate/Pipeline/Pipeline->{closure:{closure:Illuminate/Pipeline/Pipeline::carry():194}:195}(Object(Illuminate/Http/Request))
#53 C:/Users/LENOVO/Downloads/sportmate/sportmate/vendor/laravel/framework/src/Illuminate/Pipeline/Pipeline.php(219): Illuminate/Http/Middleware/HandleCors->handle(Object(Illuminate/Http/Request), Object(Closure))
#54 C:/Users/LENOVO/Downloads/sportmate/sportmate/vendor/laravel/framework/src/Illuminate/Http/Middleware/TrustProxies.php(58): Illuminate/Pipeline/Pipeline->{closure:{closure:Illuminate/Pipeline/Pipeline::carry():194}:195}(Object(Illuminate/Http/Request))
#55 C:/Users/LENOVO/Downloads/sportmate/sportmate/vendor/laravel/framework/src/Illuminate/Pipeline/Pipeline.php(219): Illuminate/Http/Middleware/TrustProxies->handle(Object(Illuminate/Http/Request), Object(Closure))
#56 C:/Users/LENOVO/Downloads/sportmate/sportmate/vendor/laravel/framework/src/Illuminate/Foundation/Http/Middleware/InvokeDeferredCallbacks.php(22): Illuminate/Pipeline/Pipeline->{closure:{closure:Illuminate/Pipeline/Pipeline::carry():194}:195}(Object(Illuminate/Http/Request))
#57 C:/Users/LENOVO/Downloads/sportmate/sportmate/vendor/laravel/framework/src/Illuminate/Pipeline/Pipeline.php(219): Illuminate/Foundation/Http/Middleware/InvokeDeferredCallbacks->handle(Object(Illuminate/Http/Request), Object(Closure))
#58 C:/Users/LENOVO/Downloads/sportmate/sportmate/vendor/laravel/framework/src/Illuminate/Http/Middleware/ValidatePathEncoding.php(26): Illuminate/Pipeline/Pipeline->{closure:{closure:Illuminate/Pipeline/Pipeline::carry():194}:195}(Object(Illuminate/Http/Request))
#59 C:/Users/LENOVO/Downloads/sportmate/sportmate/vendor/laravel/framework/src/Illuminate/Pipeline/Pipeline.php(219): Illuminate/Http/Middleware/ValidatePathEncoding->handle(Object(Illuminate/Http/Request), Object(Closure))
#60 C:/Users/LENOVO/Downloads/sportmate/sportmate/vendor/laravel/framework/src/Illuminate/Pipeline/Pipeline.php(137): Illuminate/Pipeline/Pipeline->{closure:{closure:Illuminate/Pipeline/Pipeline::carry():194}:195}(Object(Illuminate/Http/Request))
#61 C:/Users/LENOVO/Downloads/sportmate/sportmate/vendor/laravel/framework/src/Illuminate/Foundation/Http/Kernel.php(175): Illuminate/Pipeline/Pipeline->then(Object(Closure))
#62 C:/Users/LENOVO/Downloads/sportmate/sportmate/vendor/laravel/framework/src/Illuminate/Foundation/Http/Kernel.php(144): Illuminate/Foundation/Http/Kernel->sendRequestThroughRouter(Object(Illuminate/Http/Request))
#63 C:/Users/LENOVO/Downloads/sportmate/sportmate/vendor/laravel/framework/src/Illuminate/Foundation/Application.php(1220): Illuminate/Foundation/Http/Kernel->handle(Object(Illuminate/Http/Request))
#64 C:/Users/LENOVO/Downloads/sportmate/sportmate/public/index.php(15): Illuminate/Foundation/Application->handleRequest(Object(Illuminate/Http/Request))
#65 C:/Users/LENOVO/Downloads/sportmate/sportmate/vendor/laravel/framework/src/Illuminate/Foundation/resources/server.php(23): require_once('C://Users//LENOVO...')
#66 {main}
"} 
[2026-07-04 14:45:25] local.ERROR: SQLSTATE[42S22]: Column not found: 1054 Unknown column 'user_sports.jadwal' in 'field list' (Connection: mysql, Host: 127.0.0.1, Port: 3306, Database: sportmate, SQL: select `sports`.*, `user_sports`.`user_id` as `pivot_user_id`, `user_sports`.`sport_id` as `pivot_sport_id`, `user_sports`.`jadwal` as `pivot_jadwal`, `user_sports`.`created_at` as `pivot_created_at`, `user_sports`.`updated_at` as `pivot_updated_at` from `sports` inner join `user_sports` on `sports`.`id` = `user_sports`.`sport_id` where `user_sports`.`user_id` in (3, 6)) {"userId":2,"exception":"[object] (Illuminate\\Database\\QueryException(code: 42S22): SQLSTATE[42S22]: Column not found: 1054 Unknown column 'user_sports.jadwal' in 'field list' (Connection: mysql, Host: 127.0.0.1, Port: 3306, Database: sportmate, SQL: select `sports`.*, `user_sports`.`user_id` as `pivot_user_id`, `user_sports`.`sport_id` as `pivot_sport_id`, `user_sports`.`jadwal` as `pivot_jadwal`, `user_sports`.`created_at` as `pivot_created_at`, `user_sports`.`updated_at` as `pivot_updated_at` from `sports` inner join `user_sports` on `sports`.`id` = `user_sports`.`sport_id` where `user_sports`.`user_id` in (3, 6)) at C:/Users/LENOVO/Downloads/sportmate/sportmate/vendor/laravel/framework/src/Illuminate/Database/Connection.php:838)
[stacktrace]
#0 C:/Users/LENOVO/Downloads/sportmate/sportmate/vendor/laravel/framework/src/Illuminate/Database/Connection.php(794): Illuminate/Database/Connection->runQueryCallback('select `sports`...', Array, Object(Closure))
#1 C:/Users/LENOVO/Downloads/sportmate/sportmate/vendor/laravel/framework/src/Illuminate/Database/Connection.php(411): Illuminate/Database/Connection->run('select `sports`...', Array, Object(Closure))
#2 C:/Users/LENOVO/Downloads/sportmate/sportmate/vendor/laravel/framework/src/Illuminate/Database/Query/Builder.php(3505): Illuminate/Database/Connection->select('select `sports`...', Array, true)
#3 C:/Users/LENOVO/Downloads/sportmate/sportmate/vendor/laravel/framework/src/Illuminate/Database/Query/Builder.php(3490): Illuminate/Database/Query/Builder->runSelect()
#4 C:/Users/LENOVO/Downloads/sportmate/sportmate/vendor/laravel/framework/src/Illuminate/Database/Query/Builder.php(4080): Illuminate/Database/Query/Builder->{closure:Illuminate/Database/Query/Builder::get():3489}()
#5 C:/Users/LENOVO/Downloads/sportmate/sportmate/vendor/laravel/framework/src/Illuminate/Database/Query/Builder.php(3489): Illuminate/Database/Query/Builder->onceWithColumns(Array, Object(Closure))
#6 C:/Users/LENOVO/Downloads/sportmate/sportmate/vendor/laravel/framework/src/Illuminate/Database/Eloquent/Builder.php(902): Illuminate/Database/Query/Builder->get(Array)
#7 C:/Users/LENOVO/Downloads/sportmate/sportmate/vendor/laravel/framework/src/Illuminate/Database/Eloquent/Relations/BelongsToMany.php(932): Illuminate/Database/Eloquent/Builder->getModels()
#8 C:/Users/LENOVO/Downloads/sportmate/sportmate/vendor/laravel/framework/src/Illuminate/Database/Eloquent/Relations/Relation.php(175): Illuminate/Database/Eloquent/Relations/BelongsToMany->get()
#9 C:/Users/LENOVO/Downloads/sportmate/sportmate/vendor/laravel/framework/src/Illuminate/Database/Eloquent/Builder.php(950): Illuminate/Database/Eloquent/Relations/Relation->getEager()
#10 C:/Users/LENOVO/Downloads/sportmate/sportmate/vendor/laravel/framework/src/Illuminate/Database/Eloquent/Builder.php(919): Illuminate/Database/Eloquent/Builder->eagerLoadRelation(Array, 'sports', Object(Closure))
#11 C:/Users/LENOVO/Downloads/sportmate/sportmate/vendor/laravel/framework/src/Illuminate/Database/Eloquent/Builder.php(885): Illuminate/Database/Eloquent/Builder->eagerLoadRelations(Array)
#12 C:/Users/LENOVO/Downloads/sportmate/sportmate/app/Http/Controllers/DashboardController.php(32): Illuminate/Database/Eloquent/Builder->get()
#13 C:/Users/LENOVO/Downloads/sportmate/sportmate/vendor/laravel/framework/src/Illuminate/Routing/ControllerDispatcher.php(46): App/Http/Controllers/DashboardController->index()
#14 C:/Users/LENOVO/Downloads/sportmate/sportmate/vendor/laravel/framework/src/Illuminate/Routing/Route.php(265): Illuminate/Routing/ControllerDispatcher->dispatch(Object(Illuminate/Routing/Route), Object(App/Http/Controllers/DashboardController), 'index')
#15 C:/Users/LENOVO/Downloads/sportmate/sportmate/vendor/laravel/framework/src/Illuminate/Routing/Route.php(211): Illuminate/Routing/Route->runController()
#16 C:/Users/LENOVO/Downloads/sportmate/sportmate/vendor/laravel/framework/src/Illuminate/Routing/Router.php(822): Illuminate/Routing/Route->run()
#17 C:/Users/LENOVO/Downloads/sportmate/sportmate/vendor/laravel/framework/src/Illuminate/Pipeline/Pipeline.php(180): Illuminate/Routing/Router->{closure:Illuminate/Routing/Router::runRouteWithinStack():821}(Object(Illuminate/Http/Request))
#18 C:/Users/LENOVO/Downloads/sportmate/sportmate/vendor/laravel/framework/src/Illuminate/Routing/Middleware/SubstituteBindings.php(50): Illuminate/Pipeline/Pipeline->{closure:Illuminate/Pipeline/Pipeline::prepareDestination():178}(Object(Illuminate/Http/Request))
#19 C:/Users/LENOVO/Downloads/sportmate/sportmate/vendor/laravel/framework/src/Illuminate/Pipeline/Pipeline.php(219): Illuminate/Routing/Middleware/SubstituteBindings->handle(Object(Illuminate/Http/Request), Object(Closure))
#20 C:/Users/LENOVO/Downloads/sportmate/sportmate/vendor/laravel/framework/src/Illuminate/Auth/Middleware/Authenticate.php(63): Illuminate/Pipeline/Pipeline->{closure:{closure:Illuminate/Pipeline/Pipeline::carry():194}:195}(Object(Illuminate/Http/Request))
#21 C:/Users/LENOVO/Downloads/sportmate/sportmate/vendor/laravel/framework/src/Illuminate/Pipeline/Pipeline.php(219): Illuminate/Auth/Middleware/Authenticate->handle(Object(Illuminate/Http/Request), Object(Closure))
#22 C:/Users/LENOVO/Downloads/sportmate/sportmate/vendor/laravel/framework/src/Illuminate/Foundation/Http/Middleware/VerifyCsrfToken.php(87): Illuminate/Pipeline/Pipeline->{closure:{closure:Illuminate/Pipeline/Pipeline::carry():194}:195}(Object(Illuminate/Http/Request))
#23 C:/Users/LENOVO/Downloads/sportmate/sportmate/vendor/laravel/framework/src/Illuminate/Pipeline/Pipeline.php(219): Illuminate/Foundation/Http/Middleware/VerifyCsrfToken->handle(Object(Illuminate/Http/Request), Object(Closure))
#24 C:/Users/LENOVO/Downloads/sportmate/sportmate/vendor/laravel/framework/src/Illuminate/View/Middleware/ShareErrorsFromSession.php(48): Illuminate/Pipeline/Pipeline->{closure:{closure:Illuminate/Pipeline/Pipeline::carry():194}:195}(Object(Illuminate/Http/Request))
#25 C:/Users/LENOVO/Downloads/sportmate/sportmate/vendor/laravel/framework/src/Illuminate/Pipeline/Pipeline.php(219): Illuminate/View/Middleware/ShareErrorsFromSession->handle(Object(Illuminate/Http/Request), Object(Closure))
#26 C:/Users/LENOVO/Downloads/sportmate/sportmate/vendor/laravel/framework/src/Illuminate/Session/Middleware/StartSession.php(120): Illuminate/Pipeline/Pipeline->{closure:{closure:Illuminate/Pipeline/Pipeline::carry():194}:195}(Object(Illuminate/Http/Request))
#27 C:/Users/LENOVO/Downloads/sportmate/sportmate/vendor/laravel/framework/src/Illuminate/Session/Middleware/StartSession.php(63): Illuminate/Session/Middleware/StartSession->handleStatefulRequest(Object(Illuminate/Http/Request), Object(Illuminate/Session/Store), Object(Closure))
#28 C:/Users/LENOVO/Downloads/sportmate/sportmate/vendor/laravel/framework/src/Illuminate/Pipeline/Pipeline.php(219): Illuminate/Session/Middleware/StartSession->handle(Object(Illuminate/Http/Request), Object(Closure))
#29 C:/Users/LENOVO/Downloads/sportmate/sportmate/vendor/laravel/framework/src/Illuminate/Cookie/Middleware/AddQueuedCookiesToResponse.php(36): Illuminate/Pipeline/Pipeline->{closure:{closure:Illuminate/Pipeline/Pipeline::carry():194}:195}(Object(Illuminate/Http/Request))
#30 C:/Users/LENOVO/Downloads/sportmate/sportmate/vendor/laravel/framework/src/Illuminate/Pipeline/Pipeline.php(219): Illuminate/Cookie/Middleware/AddQueuedCookiesToResponse->handle(Object(Illuminate/Http/Request), Object(Closure))
#31 C:/Users/LENOVO/Downloads/sportmate/sportmate/vendor/laravel/framework/src/Illuminate/Cookie/Middleware/EncryptCookies.php(74): Illuminate/Pipeline/Pipeline->{closure:{closure:Illuminate/Pipeline/Pipeline::carry():194}:195}(Object(Illuminate/Http/Request))
#32 C:/Users/LENOVO/Downloads/sportmate/sportmate/vendor/laravel/framework/src/Illuminate/Pipeline/Pipeline.php(219): Illuminate/Cookie/Middleware/EncryptCookies->handle(Object(Illuminate/Http/Request), Object(Closure))
#33 C:/Users/LENOVO/Downloads/sportmate/sportmate/vendor/laravel/framework/src/Illuminate/Pipeline/Pipeline.php(137): Illuminate/Pipeline/Pipeline->{closure:{closure:Illuminate/Pipeline/Pipeline::carry():194}:195}(Object(Illuminate/Http/Request))
#34 C:/Users/LENOVO/Downloads/sportmate/sportmate/vendor/laravel/framework/src/Illuminate/Routing/Router.php(821): Illuminate/Pipeline/Pipeline->then(Object(Closure))
#35 C:/Users/LENOVO/Downloads/sportmate/sportmate/vendor/laravel/framework/src/Illuminate/Routing/Router.php(800): Illuminate/Routing/Router->runRouteWithinStack(Object(Illuminate/Routing/Route), Object(Illuminate/Http/Request))
#36 C:/Users/LENOVO/Downloads/sportmate/sportmate/vendor/laravel/framework/src/Illuminate/Routing/Router.php(764): Illuminate/Routing/Router->runRoute(Object(Illuminate/Http/Request), Object(Illuminate/Routing/Route))
#37 C:/Users/LENOVO/Downloads/sportmate/sportmate/vendor/laravel/framework/src/Illuminate/Routing/Router.php(753): Illuminate/Routing/Router->dispatchToRoute(Object(Illuminate/Http/Request))
#38 C:/Users/LENOVO/Downloads/sportmate/sportmate/vendor/laravel/framework/src/Illuminate/Foundation/Http/Kernel.php(200): Illuminate/Routing/Router->dispatch(Object(Illuminate/Http/Request))
#39 C:/Users/LENOVO/Downloads/sportmate/sportmate/vendor/laravel/framework/src/Illuminate/Pipeline/Pipeline.php(180): Illuminate/Foundation/Http/Kernel->{closure:Illuminate/Foundation/Http/Kernel::dispatchToRouter():197}(Object(Illuminate/Http/Request))
#40 C:/Users/LENOVO/Downloads/sportmate/sportmate/vendor/laravel/framework/src/Illuminate/Foundation/Http/Middleware/TransformsRequest.php(21): Illuminate/Pipeline/Pipeline->{closure:Illuminate/Pipeline/Pipeline::prepareDestination():178}(Object(Illuminate/Http/Request))
#41 C:/Users/LENOVO/Downloads/sportmate/sportmate/vendor/laravel/framework/src/Illuminate/Foundation/Http/Middleware/ConvertEmptyStringsToNull.php(31): Illuminate/Foundation/Http/Middleware/TransformsRequest->handle(Object(Illuminate/Http/Request), Object(Closure))
#42 C:/Users/LENOVO/Downloads/sportmate/sportmate/vendor/laravel/framework/src/Illuminate/Pipeline/Pipeline.php(219): Illuminate/Foundation/Http/Middleware/ConvertEmptyStringsToNull->handle(Object(Illuminate/Http/Request), Object(Closure))
#43 C:/Users/LENOVO/Downloads/sportmate/sportmate/vendor/laravel/framework/src/Illuminate/Foundation/Http/Middleware/TransformsRequest.php(21): Illuminate/Pipeline/Pipeline->{closure:{closure:Illuminate/Pipeline/Pipeline::carry():194}:195}(Object(Illuminate/Http/Request))
#44 C:/Users/LENOVO/Downloads/sportmate/sportmate/vendor/laravel/framework/src/Illuminate/Foundation/Http/Middleware/TrimStrings.php(51): Illuminate/Foundation/Http/Middleware/TransformsRequest->handle(Object(Illuminate/Http/Request), Object(Closure))
#45 C:/Users/LENOVO/Downloads/sportmate/sportmate/vendor/laravel/framework/src/Illuminate/Pipeline/Pipeline.php(219): Illuminate/Foundation/Http/Middleware/TrimStrings->handle(Object(Illuminate/Http/Request), Object(Closure))
#46 C:/Users/LENOVO/Downloads/sportmate/sportmate/vendor/laravel/framework/src/Illuminate/Http/Middleware/ValidatePostSize.php(27): Illuminate/Pipeline/Pipeline->{closure:{closure:Illuminate/Pipeline/Pipeline::carry():194}:195}(Object(Illuminate/Http/Request))
#47 C:/Users/LENOVO/Downloads/sportmate/sportmate/vendor/laravel/framework/src/Illuminate/Pipeline/Pipeline.php(219): Illuminate/Http/Middleware/ValidatePostSize->handle(Object(Illuminate/Http/Request), Object(Closure))
#48 C:/Users/LENOVO/Downloads/sportmate/sportmate/vendor/laravel/framework/src/Illuminate/Foundation/Http/Middleware/PreventRequestsDuringMaintenance.php(109): Illuminate/Pipeline/Pipeline->{closure:{closure:Illuminate/Pipeline/Pipeline::carry():194}:195}(Object(Illuminate/Http/Request))
#49 C:/Users/LENOVO/Downloads/sportmate/sportmate/vendor/laravel/framework/src/Illuminate/Pipeline/Pipeline.php(219): Illuminate/Foundation/Http/Middleware/PreventRequestsDuringMaintenance->handle(Object(Illuminate/Http/Request), Object(Closure))
#50 C:/Users/LENOVO/Downloads/sportmate/sportmate/vendor/laravel/framework/src/Illuminate/Http/Middleware/HandleCors.php(61): Illuminate/Pipeline/Pipeline->{closure:{closure:Illuminate/Pipeline/Pipeline::carry():194}:195}(Object(Illuminate/Http/Request))
#51 C:/Users/LENOVO/Downloads/sportmate/sportmate/vendor/laravel/framework/src/Illuminate/Pipeline/Pipeline.php(219): Illuminate/Http/Middleware/HandleCors->handle(Object(Illuminate/Http/Request), Object(Closure))
#52 C:/Users/LENOVO/Downloads/sportmate/sportmate/vendor/laravel/framework/src/Illuminate/Http/Middleware/TrustProxies.php(58): Illuminate/Pipeline/Pipeline->{closure:{closure:Illuminate/Pipeline/Pipeline::carry():194}:195}(Object(Illuminate/Http/Request))
#53 C:/Users/LENOVO/Downloads/sportmate/sportmate/vendor/laravel/framework/src/Illuminate/Pipeline/Pipeline.php(219): Illuminate/Http/Middleware/TrustProxies->handle(Object(Illuminate/Http/Request), Object(Closure))
#54 C:/Users/LENOVO/Downloads/sportmate/sportmate/vendor/laravel/framework/src/Illuminate/Foundation/Http/Middleware/InvokeDeferredCallbacks.php(22): Illuminate/Pipeline/Pipeline->{closure:{closure:Illuminate/Pipeline/Pipeline::carry():194}:195}(Object(Illuminate/Http/Request))
#55 C:/Users/LENOVO/Downloads/sportmate/sportmate/vendor/laravel/framework/src/Illuminate/Pipeline/Pipeline.php(219): Illuminate/Foundation/Http/Middleware/InvokeDeferredCallbacks->handle(Object(Illuminate/Http/Request), Object(Closure))
#56 C:/Users/LENOVO/Downloads/sportmate/sportmate/vendor/laravel/framework/src/Illuminate/Http/Middleware/ValidatePathEncoding.php(26): Illuminate/Pipeline/Pipeline->{closure:{closure:Illuminate/Pipeline/Pipeline::carry():194}:195}(Object(Illuminate/Http/Request))
#57 C:/Users/LENOVO/Downloads/sportmate/sportmate/vendor/laravel/framework/src/Illuminate/Pipeline/Pipeline.php(219): Illuminate/Http/Middleware/ValidatePathEncoding->handle(Object(Illuminate/Http/Request), Object(Closure))
#58 C:/Users/LENOVO/Downloads/sportmate/sportmate/vendor/laravel/framework/src/Illuminate/Pipeline/Pipeline.php(137): Illuminate/Pipeline/Pipeline->{closure:{closure:Illuminate/Pipeline/Pipeline::carry():194}:195}(Object(Illuminate/Http/Request))
#59 C:/Users/LENOVO/Downloads/sportmate/sportmate/vendor/laravel/framework/src/Illuminate/Foundation/Http/Kernel.php(175): Illuminate/Pipeline/Pipeline->then(Object(Closure))
#60 C:/Users/LENOVO/Downloads/sportmate/sportmate/vendor/laravel/framework/src/Illuminate/Foundation/Http/Kernel.php(144): Illuminate/Foundation/Http/Kernel->sendRequestThroughRouter(Object(Illuminate/Http/Request))
#61 C:/Users/LENOVO/Downloads/sportmate/sportmate/vendor/laravel/framework/src/Illuminate/Foundation/Application.php(1220): Illuminate/Foundation/Http/Kernel->handle(Object(Illuminate/Http/Request))
#62 C:/Users/LENOVO/Downloads/sportmate/sportmate/public/index.php(15): Illuminate/Foundation/Application->handleRequest(Object(Illuminate/Http/Request))
#63 C:/Users/LENOVO/Downloads/sportmate/sportmate/vendor/laravel/framework/src/Illuminate/Foundation/resources/server.php(23): require_once('C://Users//LENOVO...')
#64 {main}

[previous exception] [object] (PDOException(code: 42S22): SQLSTATE[42S22]: Column not found: 1054 Unknown column 'user_sports.jadwal' in 'field list' at C:/Users/LENOVO/Downloads/sportmate/sportmate/vendor/laravel/framework/src/Illuminate/Database/Connection.php:420)
[stacktrace]
#0 C:/Users/LENOVO/Downloads/sportmate/sportmate/vendor/laravel/framework/src/Illuminate/Database/Connection.php(420): PDO->prepare('select `sports`...')
#1 C:/Users/LENOVO/Downloads/sportmate/sportmate/vendor/laravel/framework/src/Illuminate/Database/Connection.php(827): Illuminate/Database/Connection->{closure:Illuminate/Database/Connection::select():411}('select `sports`...', Array)
#2 C:/Users/LENOVO/Downloads/sportmate/sportmate/vendor/laravel/framework/src/Illuminate/Database/Connection.php(794): Illuminate/Database/Connection->runQueryCallback('select `sports`...', Array, Object(Closure))
#3 C:/Users/LENOVO/Downloads/sportmate/sportmate/vendor/laravel/framework/src/Illuminate/Database/Connection.php(411): Illuminate/Database/Connection->run('select `sports`...', Array, Object(Closure))
#4 C:/Users/LENOVO/Downloads/sportmate/sportmate/vendor/laravel/framework/src/Illuminate/Database/Query/Builder.php(3505): Illuminate/Database/Connection->select('select `sports`...', Array, true)
#5 C:/Users/LENOVO/Downloads/sportmate/sportmate/vendor/laravel/framework/src/Illuminate/Database/Query/Builder.php(3490): Illuminate/Database/Query/Builder->runSelect()
#6 C:/Users/LENOVO/Downloads/sportmate/sportmate/vendor/laravel/framework/src/Illuminate/Database/Query/Builder.php(4080): Illuminate/Database/Query/Builder->{closure:Illuminate/Database/Query/Builder::get():3489}()
#7 C:/Users/LENOVO/Downloads/sportmate/sportmate/vendor/laravel/framework/src/Illuminate/Database/Query/Builder.php(3489): Illuminate/Database/Query/Builder->onceWithColumns(Array, Object(Closure))
#8 C:/Users/LENOVO/Downloads/sportmate/sportmate/vendor/laravel/framework/src/Illuminate/Database/Eloquent/Builder.php(902): Illuminate/Database/Query/Builder->get(Array)
#9 C:/Users/LENOVO/Downloads/sportmate/sportmate/vendor/laravel/framework/src/Illuminate/Database/Eloquent/Relations/BelongsToMany.php(932): Illuminate/Database/Eloquent/Builder->getModels()
#10 C:/Users/LENOVO/Downloads/sportmate/sportmate/vendor/laravel/framework/src/Illuminate/Database/Eloquent/Relations/Relation.php(175): Illuminate/Database/Eloquent/Relations/BelongsToMany->get()
#11 C:/Users/LENOVO/Downloads/sportmate/sportmate/vendor/laravel/framework/src/Illuminate/Database/Eloquent/Builder.php(950): Illuminate/Database/Eloquent/Relations/Relation->getEager()
#12 C:/Users/LENOVO/Downloads/sportmate/sportmate/vendor/laravel/framework/src/Illuminate/Database/Eloquent/Builder.php(919): Illuminate/Database/Eloquent/Builder->eagerLoadRelation(Array, 'sports', Object(Closure))
#13 C:/Users/LENOVO/Downloads/sportmate/sportmate/vendor/laravel/framework/src/Illuminate/Database/Eloquent/Builder.php(885): Illuminate/Database/Eloquent/Builder->eagerLoadRelations(Array)
#14 C:/Users/LENOVO/Downloads/sportmate/sportmate/app/Http/Controllers/DashboardController.php(32): Illuminate/Database/Eloquent/Builder->get()
#15 C:/Users/LENOVO/Downloads/sportmate/sportmate/vendor/laravel/framework/src/Illuminate/Routing/ControllerDispatcher.php(46): App/Http/Controllers/DashboardController->index()
#16 C:/Users/LENOVO/Downloads/sportmate/sportmate/vendor/laravel/framework/src/Illuminate/Routing/Route.php(265): Illuminate/Routing/ControllerDispatcher->dispatch(Object(Illuminate/Routing/Route), Object(App/Http/Controllers/DashboardController), 'index')
#17 C:/Users/LENOVO/Downloads/sportmate/sportmate/vendor/laravel/framework/src/Illuminate/Routing/Route.php(211): Illuminate/Routing/Route->runController()
#18 C:/Users/LENOVO/Downloads/sportmate/sportmate/vendor/laravel/framework/src/Illuminate/Routing/Router.php(822): Illuminate/Routing/Route->run()
#19 C:/Users/LENOVO/Downloads/sportmate/sportmate/vendor/laravel/framework/src/Illuminate/Pipeline/Pipeline.php(180): Illuminate/Routing/Router->{closure:Illuminate/Routing/Router::runRouteWithinStack():821}(Object(Illuminate/Http/Request))
#20 C:/Users/LENOVO/Downloads/sportmate/sportmate/vendor/laravel/framework/src/Illuminate/Routing/Middleware/SubstituteBindings.php(50): Illuminate/Pipeline/Pipeline->{closure:Illuminate/Pipeline/Pipeline::prepareDestination():178}(Object(Illuminate/Http/Request))
#21 C:/Users/LENOVO/Downloads/sportmate/sportmate/vendor/laravel/framework/src/Illuminate/Pipeline/Pipeline.php(219): Illuminate/Routing/Middleware/SubstituteBindings->handle(Object(Illuminate/Http/Request), Object(Closure))
#22 C:/Users/LENOVO/Downloads/sportmate/sportmate/vendor/laravel/framework/src/Illuminate/Auth/Middleware/Authenticate.php(63): Illuminate/Pipeline/Pipeline->{closure:{closure:Illuminate/Pipeline/Pipeline::carry():194}:195}(Object(Illuminate/Http/Request))
#23 C:/Users/LENOVO/Downloads/sportmate/sportmate/vendor/laravel/framework/src/Illuminate/Pipeline/Pipeline.php(219): Illuminate/Auth/Middleware/Authenticate->handle(Object(Illuminate/Http/Request), Object(Closure))
#24 C:/Users/LENOVO/Downloads/sportmate/sportmate/vendor/laravel/framework/src/Illuminate/Foundation/Http/Middleware/VerifyCsrfToken.php(87): Illuminate/Pipeline/Pipeline->{closure:{closure:Illuminate/Pipeline/Pipeline::carry():194}:195}(Object(Illuminate/Http/Request))
#25 C:/Users/LENOVO/Downloads/sportmate/sportmate/vendor/laravel/framework/src/Illuminate/Pipeline/Pipeline.php(219): Illuminate/Foundation/Http/Middleware/VerifyCsrfToken->handle(Object(Illuminate/Http/Request), Object(Closure))
#26 C:/Users/LENOVO/Downloads/sportmate/sportmate/vendor/laravel/framework/src/Illuminate/View/Middleware/ShareErrorsFromSession.php(48): Illuminate/Pipeline/Pipeline->{closure:{closure:Illuminate/Pipeline/Pipeline::carry():194}:195}(Object(Illuminate/Http/Request))
#27 C:/Users/LENOVO/Downloads/sportmate/sportmate/vendor/laravel/framework/src/Illuminate/Pipeline/Pipeline.php(219): Illuminate/View/Middleware/ShareErrorsFromSession->handle(Object(Illuminate/Http/Request), Object(Closure))
#28 C:/Users/LENOVO/Downloads/sportmate/sportmate/vendor/laravel/framework/src/Illuminate/Session/Middleware/StartSession.php(120): Illuminate/Pipeline/Pipeline->{closure:{closure:Illuminate/Pipeline/Pipeline::carry():194}:195}(Object(Illuminate/Http/Request))
#29 C:/Users/LENOVO/Downloads/sportmate/sportmate/vendor/laravel/framework/src/Illuminate/Session/Middleware/StartSession.php(63): Illuminate/Session/Middleware/StartSession->handleStatefulRequest(Object(Illuminate/Http/Request), Object(Illuminate/Session/Store), Object(Closure))
#30 C:/Users/LENOVO/Downloads/sportmate/sportmate/vendor/laravel/framework/src/Illuminate/Pipeline/Pipeline.php(219): Illuminate/Session/Middleware/StartSession->handle(Object(Illuminate/Http/Request), Object(Closure))
#31 C:/Users/LENOVO/Downloads/sportmate/sportmate/vendor/laravel/framework/src/Illuminate/Cookie/Middleware/AddQueuedCookiesToResponse.php(36): Illuminate/Pipeline/Pipeline->{closure:{closure:Illuminate/Pipeline/Pipeline::carry():194}:195}(Object(Illuminate/Http/Request))
#32 C:/Users/LENOVO/Downloads/sportmate/sportmate/vendor/laravel/framework/src/Illuminate/Pipeline/Pipeline.php(219): Illuminate/Cookie/Middleware/AddQueuedCookiesToResponse->handle(Object(Illuminate/Http/Request), Object(Closure))
#33 C:/Users/LENOVO/Downloads/sportmate/sportmate/vendor/laravel/framework/src/Illuminate/Cookie/Middleware/EncryptCookies.php(74): Illuminate/Pipeline/Pipeline->{closure:{closure:Illuminate/Pipeline/Pipeline::carry():194}:195}(Object(Illuminate/Http/Request))
#34 C:/Users/LENOVO/Downloads/sportmate/sportmate/vendor/laravel/framework/src/Illuminate/Pipeline/Pipeline.php(219): Illuminate/Cookie/Middleware/EncryptCookies->handle(Object(Illuminate/Http/Request), Object(Closure))
#35 C:/Users/LENOVO/Downloads/sportmate/sportmate/vendor/laravel/framework/src/Illuminate/Pipeline/Pipeline.php(137): Illuminate/Pipeline/Pipeline->{closure:{closure:Illuminate/Pipeline/Pipeline::carry():194}:195}(Object(Illuminate/Http/Request))
#36 C:/Users/LENOVO/Downloads/sportmate/sportmate/vendor/laravel/framework/src/Illuminate/Routing/Router.php(821): Illuminate/Pipeline/Pipeline->then(Object(Closure))
#37 C:/Users/LENOVO/Downloads/sportmate/sportmate/vendor/laravel/framework/src/Illuminate/Routing/Router.php(800): Illuminate/Routing/Router->runRouteWithinStack(Object(Illuminate/Routing/Route), Object(Illuminate/Http/Request))
#38 C:/Users/LENOVO/Downloads/sportmate/sportmate/vendor/laravel/framework/src/Illuminate/Routing/Router.php(764): Illuminate/Routing/Router->runRoute(Object(Illuminate/Http/Request), Object(Illuminate/Routing/Route))
#39 C:/Users/LENOVO/Downloads/sportmate/sportmate/vendor/laravel/framework/src/Illuminate/Routing/Router.php(753): Illuminate/Routing/Router->dispatchToRoute(Object(Illuminate/Http/Request))
#40 C:/Users/LENOVO/Downloads/sportmate/sportmate/vendor/laravel/framework/src/Illuminate/Foundation/Http/Kernel.php(200): Illuminate/Routing/Router->dispatch(Object(Illuminate/Http/Request))
#41 C:/Users/LENOVO/Downloads/sportmate/sportmate/vendor/laravel/framework/src/Illuminate/Pipeline/Pipeline.php(180): Illuminate/Foundation/Http/Kernel->{closure:Illuminate/Foundation/Http/Kernel::dispatchToRouter():197}(Object(Illuminate/Http/Request))
#42 C:/Users/LENOVO/Downloads/sportmate/sportmate/vendor/laravel/framework/src/Illuminate/Foundation/Http/Middleware/TransformsRequest.php(21): Illuminate/Pipeline/Pipeline->{closure:Illuminate/Pipeline/Pipeline::prepareDestination():178}(Object(Illuminate/Http/Request))
#43 C:/Users/LENOVO/Downloads/sportmate/sportmate/vendor/laravel/framework/src/Illuminate/Foundation/Http/Middleware/ConvertEmptyStringsToNull.php(31): Illuminate/Foundation/Http/Middleware/TransformsRequest->handle(Object(Illuminate/Http/Request), Object(Closure))
#44 C:/Users/LENOVO/Downloads/sportmate/sportmate/vendor/laravel/framework/src/Illuminate/Pipeline/Pipeline.php(219): Illuminate/Foundation/Http/Middleware/ConvertEmptyStringsToNull->handle(Object(Illuminate/Http/Request), Object(Closure))
#45 C:/Users/LENOVO/Downloads/sportmate/sportmate/vendor/laravel/framework/src/Illuminate/Foundation/Http/Middleware/TransformsRequest.php(21): Illuminate/Pipeline/Pipeline->{closure:{closure:Illuminate/Pipeline/Pipeline::carry():194}:195}(Object(Illuminate/Http/Request))
#46 C:/Users/LENOVO/Downloads/sportmate/sportmate/vendor/laravel/framework/src/Illuminate/Foundation/Http/Middleware/TrimStrings.php(51): Illuminate/Foundation/Http/Middleware/TransformsRequest->handle(Object(Illuminate/Http/Request), Object(Closure))
#47 C:/Users/LENOVO/Downloads/sportmate/sportmate/vendor/laravel/framework/src/Illuminate/Pipeline/Pipeline.php(219): Illuminate/Foundation/Http/Middleware/TrimStrings->handle(Object(Illuminate/Http/Request), Object(Closure))
#48 C:/Users/LENOVO/Downloads/sportmate/sportmate/vendor/laravel/framework/src/Illuminate/Http/Middleware/ValidatePostSize.php(27): Illuminate/Pipeline/Pipeline->{closure:{closure:Illuminate/Pipeline/Pipeline::carry():194}:195}(Object(Illuminate/Http/Request))
#49 C:/Users/LENOVO/Downloads/sportmate/sportmate/vendor/laravel/framework/src/Illuminate/Pipeline/Pipeline.php(219): Illuminate/Http/Middleware/ValidatePostSize->handle(Object(Illuminate/Http/Request), Object(Closure))
#50 C:/Users/LENOVO/Downloads/sportmate/sportmate/vendor/laravel/framework/src/Illuminate/Foundation/Http/Middleware/PreventRequestsDuringMaintenance.php(109): Illuminate/Pipeline/Pipeline->{closure:{closure:Illuminate/Pipeline/Pipeline::carry():194}:195}(Object(Illuminate/Http/Request))
#51 C:/Users/LENOVO/Downloads/sportmate/sportmate/vendor/laravel/framework/src/Illuminate/Pipeline/Pipeline.php(219): Illuminate/Foundation/Http/Middleware/PreventRequestsDuringMaintenance->handle(Object(Illuminate/Http/Request), Object(Closure))
#52 C:/Users/LENOVO/Downloads/sportmate/sportmate/vendor/laravel/framework/src/Illuminate/Http/Middleware/HandleCors.php(61): Illuminate/Pipeline/Pipeline->{closure:{closure:Illuminate/Pipeline/Pipeline::carry():194}:195}(Object(Illuminate/Http/Request))
#53 C:/Users/LENOVO/Downloads/sportmate/sportmate/vendor/laravel/framework/src/Illuminate/Pipeline/Pipeline.php(219): Illuminate/Http/Middleware/HandleCors->handle(Object(Illuminate/Http/Request), Object(Closure))
#54 C:/Users/LENOVO/Downloads/sportmate/sportmate/vendor/laravel/framework/src/Illuminate/Http/Middleware/TrustProxies.php(58): Illuminate/Pipeline/Pipeline->{closure:{closure:Illuminate/Pipeline/Pipeline::carry():194}:195}(Object(Illuminate/Http/Request))
#55 C:/Users/LENOVO/Downloads/sportmate/sportmate/vendor/laravel/framework/src/Illuminate/Pipeline/Pipeline.php(219): Illuminate/Http/Middleware/TrustProxies->handle(Object(Illuminate/Http/Request), Object(Closure))
#56 C:/Users/LENOVO/Downloads/sportmate/sportmate/vendor/laravel/framework/src/Illuminate/Foundation/Http/Middleware/InvokeDeferredCallbacks.php(22): Illuminate/Pipeline/Pipeline->{closure:{closure:Illuminate/Pipeline/Pipeline::carry():194}:195}(Object(Illuminate/Http/Request))
#57 C:/Users/LENOVO/Downloads/sportmate/sportmate/vendor/laravel/framework/src/Illuminate/Pipeline/Pipeline.php(219): Illuminate/Foundation/Http/Middleware/InvokeDeferredCallbacks->handle(Object(Illuminate/Http/Request), Object(Closure))
#58 C:/Users/LENOVO/Downloads/sportmate/sportmate/vendor/laravel/framework/src/Illuminate/Http/Middleware/ValidatePathEncoding.php(26): Illuminate/Pipeline/Pipeline->{closure:{closure:Illuminate/Pipeline/Pipeline::carry():194}:195}(Object(Illuminate/Http/Request))
#59 C:/Users/LENOVO/Downloads/sportmate/sportmate/vendor/laravel/framework/src/Illuminate/Pipeline/Pipeline.php(219): Illuminate/Http/Middleware/ValidatePathEncoding->handle(Object(Illuminate/Http/Request), Object(Closure))
#60 C:/Users/LENOVO/Downloads/sportmate/sportmate/vendor/laravel/framework/src/Illuminate/Pipeline/Pipeline.php(137): Illuminate/Pipeline/Pipeline->{closure:{closure:Illuminate/Pipeline/Pipeline::carry():194}:195}(Object(Illuminate/Http/Request))
#61 C:/Users/LENOVO/Downloads/sportmate/sportmate/vendor/laravel/framework/src/Illuminate/Foundation/Http/Kernel.php(175): Illuminate/Pipeline/Pipeline->then(Object(Closure))
#62 C:/Users/LENOVO/Downloads/sportmate/sportmate/vendor/laravel/framework/src/Illuminate/Foundation/Http/Kernel.php(144): Illuminate/Foundation/Http/Kernel->sendRequestThroughRouter(Object(Illuminate/Http/Request))
#63 C:/Users/LENOVO/Downloads/sportmate/sportmate/vendor/laravel/framework/src/Illuminate/Foundation/Application.php(1220): Illuminate/Foundation/Http/Kernel->handle(Object(Illuminate/Http/Request))
#64 C:/Users/LENOVO/Downloads/sportmate/sportmate/public/index.php(15): Illuminate/Foundation/Application->handleRequest(Object(Illuminate/Http/Request))
#65 C:/Users/LENOVO/Downloads/sportmate/sportmate/vendor/laravel/framework/src/Illuminate/Foundation/resources/server.php(23): require_once('C://Users//LENOVO...')
#66 {main}
"} 
[2026-07-04 14:45:52] local.ERROR: SQLSTATE[42S22]: Column not found: 1054 Unknown column 'user_sports.jadwal' in 'field list' (Connection: mysql, Host: 127.0.0.1, Port: 3306, Database: sportmate, SQL: select `sports`.*, `user_sports`.`user_id` as `pivot_user_id`, `user_sports`.`sport_id` as `pivot_sport_id`, `user_sports`.`jadwal` as `pivot_jadwal`, `user_sports`.`created_at` as `pivot_created_at`, `user_sports`.`updated_at` as `pivot_updated_at` from `sports` inner join `user_sports` on `sports`.`id` = `user_sports`.`sport_id` where `user_sports`.`user_id` in (3, 6)) {"userId":2,"exception":"[object] (Illuminate\\Database\\QueryException(code: 42S22): SQLSTATE[42S22]: Column not found: 1054 Unknown column 'user_sports.jadwal' in 'field list' (Connection: mysql, Host: 127.0.0.1, Port: 3306, Database: sportmate, SQL: select `sports`.*, `user_sports`.`user_id` as `pivot_user_id`, `user_sports`.`sport_id` as `pivot_sport_id`, `user_sports`.`jadwal` as `pivot_jadwal`, `user_sports`.`created_at` as `pivot_created_at`, `user_sports`.`updated_at` as `pivot_updated_at` from `sports` inner join `user_sports` on `sports`.`id` = `user_sports`.`sport_id` where `user_sports`.`user_id` in (3, 6)) at C:/Users/LENOVO/Downloads/sportmate/sportmate/vendor/laravel/framework/src/Illuminate/Database/Connection.php:838)
[stacktrace]
#0 C:/Users/LENOVO/Downloads/sportmate/sportmate/vendor/laravel/framework/src/Illuminate/Database/Connection.php(794): Illuminate/Database/Connection->runQueryCallback('select `sports`...', Array, Object(Closure))
#1 C:/Users/LENOVO/Downloads/sportmate/sportmate/vendor/laravel/framework/src/Illuminate/Database/Connection.php(411): Illuminate/Database/Connection->run('select `sports`...', Array, Object(Closure))
#2 C:/Users/LENOVO/Downloads/sportmate/sportmate/vendor/laravel/framework/src/Illuminate/Database/Query/Builder.php(3505): Illuminate/Database/Connection->select('select `sports`...', Array, true)
#3 C:/Users/LENOVO/Downloads/sportmate/sportmate/vendor/laravel/framework/src/Illuminate/Database/Query/Builder.php(3490): Illuminate/Database/Query/Builder->runSelect()
#4 C:/Users/LENOVO/Downloads/sportmate/sportmate/vendor/laravel/framework/src/Illuminate/Database/Query/Builder.php(4080): Illuminate/Database/Query/Builder->{closure:Illuminate/Database/Query/Builder::get():3489}()
#5 C:/Users/LENOVO/Downloads/sportmate/sportmate/vendor/laravel/framework/src/Illuminate/Database/Query/Builder.php(3489): Illuminate/Database/Query/Builder->onceWithColumns(Array, Object(Closure))
#6 C:/Users/LENOVO/Downloads/sportmate/sportmate/vendor/laravel/framework/src/Illuminate/Database/Eloquent/Builder.php(902): Illuminate/Database/Query/Builder->get(Array)
#7 C:/Users/LENOVO/Downloads/sportmate/sportmate/vendor/laravel/framework/src/Illuminate/Database/Eloquent/Relations/BelongsToMany.php(932): Illuminate/Database/Eloquent/Builder->getModels()
#8 C:/Users/LENOVO/Downloads/sportmate/sportmate/vendor/laravel/framework/src/Illuminate/Database/Eloquent/Relations/Relation.php(175): Illuminate/Database/Eloquent/Relations/BelongsToMany->get()
#9 C:/Users/LENOVO/Downloads/sportmate/sportmate/vendor/laravel/framework/src/Illuminate/Database/Eloquent/Builder.php(950): Illuminate/Database/Eloquent/Relations/Relation->getEager()
#10 C:/Users/LENOVO/Downloads/sportmate/sportmate/vendor/laravel/framework/src/Illuminate/Database/Eloquent/Builder.php(919): Illuminate/Database/Eloquent/Builder->eagerLoadRelation(Array, 'sports', Object(Closure))
#11 C:/Users/LENOVO/Downloads/sportmate/sportmate/vendor/laravel/framework/src/Illuminate/Database/Eloquent/Builder.php(885): Illuminate/Database/Eloquent/Builder->eagerLoadRelations(Array)
#12 C:/Users/LENOVO/Downloads/sportmate/sportmate/app/Http/Controllers/DashboardController.php(32): Illuminate/Database/Eloquent/Builder->get()
#13 C:/Users/LENOVO/Downloads/sportmate/sportmate/vendor/laravel/framework/src/Illuminate/Routing/ControllerDispatcher.php(46): App/Http/Controllers/DashboardController->index()
#14 C:/Users/LENOVO/Downloads/sportmate/sportmate/vendor/laravel/framework/src/Illuminate/Routing/Route.php(265): Illuminate/Routing/ControllerDispatcher->dispatch(Object(Illuminate/Routing/Route), Object(App/Http/Controllers/DashboardController), 'index')
#15 C:/Users/LENOVO/Downloads/sportmate/sportmate/vendor/laravel/framework/src/Illuminate/Routing/Route.php(211): Illuminate/Routing/Route->runController()
#16 C:/Users/LENOVO/Downloads/sportmate/sportmate/vendor/laravel/framework/src/Illuminate/Routing/Router.php(822): Illuminate/Routing/Route->run()
#17 C:/Users/LENOVO/Downloads/sportmate/sportmate/vendor/laravel/framework/src/Illuminate/Pipeline/Pipeline.php(180): Illuminate/Routing/Router->{closure:Illuminate/Routing/Router::runRouteWithinStack():821}(Object(Illuminate/Http/Request))
#18 C:/Users/LENOVO/Downloads/sportmate/sportmate/vendor/laravel/framework/src/Illuminate/Routing/Middleware/SubstituteBindings.php(50): Illuminate/Pipeline/Pipeline->{closure:Illuminate/Pipeline/Pipeline::prepareDestination():178}(Object(Illuminate/Http/Request))
#19 C:/Users/LENOVO/Downloads/sportmate/sportmate/vendor/laravel/framework/src/Illuminate/Pipeline/Pipeline.php(219): Illuminate/Routing/Middleware/SubstituteBindings->handle(Object(Illuminate/Http/Request), Object(Closure))
#20 C:/Users/LENOVO/Downloads/sportmate/sportmate/vendor/laravel/framework/src/Illuminate/Auth/Middleware/Authenticate.php(63): Illuminate/Pipeline/Pipeline->{closure:{closure:Illuminate/Pipeline/Pipeline::carry():194}:195}(Object(Illuminate/Http/Request))
#21 C:/Users/LENOVO/Downloads/sportmate/sportmate/vendor/laravel/framework/src/Illuminate/Pipeline/Pipeline.php(219): Illuminate/Auth/Middleware/Authenticate->handle(Object(Illuminate/Http/Request), Object(Closure))
#22 C:/Users/LENOVO/Downloads/sportmate/sportmate/vendor/laravel/framework/src/Illuminate/Foundation/Http/Middleware/VerifyCsrfToken.php(87): Illuminate/Pipeline/Pipeline->{closure:{closure:Illuminate/Pipeline/Pipeline::carry():194}:195}(Object(Illuminate/Http/Request))
#23 C:/Users/LENOVO/Downloads/sportmate/sportmate/vendor/laravel/framework/src/Illuminate/Pipeline/Pipeline.php(219): Illuminate/Foundation/Http/Middleware/VerifyCsrfToken->handle(Object(Illuminate/Http/Request), Object(Closure))
#24 C:/Users/LENOVO/Downloads/sportmate/sportmate/vendor/laravel/framework/src/Illuminate/View/Middleware/ShareErrorsFromSession.php(48): Illuminate/Pipeline/Pipeline->{closure:{closure:Illuminate/Pipeline/Pipeline::carry():194}:195}(Object(Illuminate/Http/Request))
#25 C:/Users/LENOVO/Downloads/sportmate/sportmate/vendor/laravel/framework/src/Illuminate/Pipeline/Pipeline.php(219): Illuminate/View/Middleware/ShareErrorsFromSession->handle(Object(Illuminate/Http/Request), Object(Closure))
#26 C:/Users/LENOVO/Downloads/sportmate/sportmate/vendor/laravel/framework/src/Illuminate/Session/Middleware/StartSession.php(120): Illuminate/Pipeline/Pipeline->{closure:{closure:Illuminate/Pipeline/Pipeline::carry():194}:195}(Object(Illuminate/Http/Request))
#27 C:/Users/LENOVO/Downloads/sportmate/sportmate/vendor/laravel/framework/src/Illuminate/Session/Middleware/StartSession.php(63): Illuminate/Session/Middleware/StartSession->handleStatefulRequest(Object(Illuminate/Http/Request), Object(Illuminate/Session/Store), Object(Closure))
#28 C:/Users/LENOVO/Downloads/sportmate/sportmate/vendor/laravel/framework/src/Illuminate/Pipeline/Pipeline.php(219): Illuminate/Session/Middleware/StartSession->handle(Object(Illuminate/Http/Request), Object(Closure))
#29 C:/Users/LENOVO/Downloads/sportmate/sportmate/vendor/laravel/framework/src/Illuminate/Cookie/Middleware/AddQueuedCookiesToResponse.php(36): Illuminate/Pipeline/Pipeline->{closure:{closure:Illuminate/Pipeline/Pipeline::carry():194}:195}(Object(Illuminate/Http/Request))
#30 C:/Users/LENOVO/Downloads/sportmate/sportmate/vendor/laravel/framework/src/Illuminate/Pipeline/Pipeline.php(219): Illuminate/Cookie/Middleware/AddQueuedCookiesToResponse->handle(Object(Illuminate/Http/Request), Object(Closure))
#31 C:/Users/LENOVO/Downloads/sportmate/sportmate/vendor/laravel/framework/src/Illuminate/Cookie/Middleware/EncryptCookies.php(74): Illuminate/Pipeline/Pipeline->{closure:{closure:Illuminate/Pipeline/Pipeline::carry():194}:195}(Object(Illuminate/Http/Request))
#32 C:/Users/LENOVO/Downloads/sportmate/sportmate/vendor/laravel/framework/src/Illuminate/Pipeline/Pipeline.php(219): Illuminate/Cookie/Middleware/EncryptCookies->handle(Object(Illuminate/Http/Request), Object(Closure))
#33 C:/Users/LENOVO/Downloads/sportmate/sportmate/vendor/laravel/framework/src/Illuminate/Pipeline/Pipeline.php(137): Illuminate/Pipeline/Pipeline->{closure:{closure:Illuminate/Pipeline/Pipeline::carry():194}:195}(Object(Illuminate/Http/Request))
#34 C:/Users/LENOVO/Downloads/sportmate/sportmate/vendor/laravel/framework/src/Illuminate/Routing/Router.php(821): Illuminate/Pipeline/Pipeline->then(Object(Closure))
#35 C:/Users/LENOVO/Downloads/sportmate/sportmate/vendor/laravel/framework/src/Illuminate/Routing/Router.php(800): Illuminate/Routing/Router->runRouteWithinStack(Object(Illuminate/Routing/Route), Object(Illuminate/Http/Request))
#36 C:/Users/LENOVO/Downloads/sportmate/sportmate/vendor/laravel/framework/src/Illuminate/Routing/Router.php(764): Illuminate/Routing/Router->runRoute(Object(Illuminate/Http/Request), Object(Illuminate/Routing/Route))
#37 C:/Users/LENOVO/Downloads/sportmate/sportmate/vendor/laravel/framework/src/Illuminate/Routing/Router.php(753): Illuminate/Routing/Router->dispatchToRoute(Object(Illuminate/Http/Request))
#38 C:/Users/LENOVO/Downloads/sportmate/sportmate/vendor/laravel/framework/src/Illuminate/Foundation/Http/Kernel.php(200): Illuminate/Routing/Router->dispatch(Object(Illuminate/Http/Request))
#39 C:/Users/LENOVO/Downloads/sportmate/sportmate/vendor/laravel/framework/src/Illuminate/Pipeline/Pipeline.php(180): Illuminate/Foundation/Http/Kernel->{closure:Illuminate/Foundation/Http/Kernel::dispatchToRouter():197}(Object(Illuminate/Http/Request))
#40 C:/Users/LENOVO/Downloads/sportmate/sportmate/vendor/laravel/framework/src/Illuminate/Foundation/Http/Middleware/TransformsRequest.php(21): Illuminate/Pipeline/Pipeline->{closure:Illuminate/Pipeline/Pipeline::prepareDestination():178}(Object(Illuminate/Http/Request))
#41 C:/Users/LENOVO/Downloads/sportmate/sportmate/vendor/laravel/framework/src/Illuminate/Foundation/Http/Middleware/ConvertEmptyStringsToNull.php(31): Illuminate/Foundation/Http/Middleware/TransformsRequest->handle(Object(Illuminate/Http/Request), Object(Closure))
#42 C:/Users/LENOVO/Downloads/sportmate/sportmate/vendor/laravel/framework/src/Illuminate/Pipeline/Pipeline.php(219): Illuminate/Foundation/Http/Middleware/ConvertEmptyStringsToNull->handle(Object(Illuminate/Http/Request), Object(Closure))
#43 C:/Users/LENOVO/Downloads/sportmate/sportmate/vendor/laravel/framework/src/Illuminate/Foundation/Http/Middleware/TransformsRequest.php(21): Illuminate/Pipeline/Pipeline->{closure:{closure:Illuminate/Pipeline/Pipeline::carry():194}:195}(Object(Illuminate/Http/Request))
#44 C:/Users/LENOVO/Downloads/sportmate/sportmate/vendor/laravel/framework/src/Illuminate/Foundation/Http/Middleware/TrimStrings.php(51): Illuminate/Foundation/Http/Middleware/TransformsRequest->handle(Object(Illuminate/Http/Request), Object(Closure))
#45 C:/Users/LENOVO/Downloads/sportmate/sportmate/vendor/laravel/framework/src/Illuminate/Pipeline/Pipeline.php(219): Illuminate/Foundation/Http/Middleware/TrimStrings->handle(Object(Illuminate/Http/Request), Object(Closure))
#46 C:/Users/LENOVO/Downloads/sportmate/sportmate/vendor/laravel/framework/src/Illuminate/Http/Middleware/ValidatePostSize.php(27): Illuminate/Pipeline/Pipeline->{closure:{closure:Illuminate/Pipeline/Pipeline::carry():194}:195}(Object(Illuminate/Http/Request))
#47 C:/Users/LENOVO/Downloads/sportmate/sportmate/vendor/laravel/framework/src/Illuminate/Pipeline/Pipeline.php(219): Illuminate/Http/Middleware/ValidatePostSize->handle(Object(Illuminate/Http/Request), Object(Closure))
#48 C:/Users/LENOVO/Downloads/sportmate/sportmate/vendor/laravel/framework/src/Illuminate/Foundation/Http/Middleware/PreventRequestsDuringMaintenance.php(109): Illuminate/Pipeline/Pipeline->{closure:{closure:Illuminate/Pipeline/Pipeline::carry():194}:195}(Object(Illuminate/Http/Request))
#49 C:/Users/LENOVO/Downloads/sportmate/sportmate/vendor/laravel/framework/src/Illuminate/Pipeline/Pipeline.php(219): Illuminate/Foundation/Http/Middleware/PreventRequestsDuringMaintenance->handle(Object(Illuminate/Http/Request), Object(Closure))
#50 C:/Users/LENOVO/Downloads/sportmate/sportmate/vendor/laravel/framework/src/Illuminate/Http/Middleware/HandleCors.php(61): Illuminate/Pipeline/Pipeline->{closure:{closure:Illuminate/Pipeline/Pipeline::carry():194}:195}(Object(Illuminate/Http/Request))
#51 C:/Users/LENOVO/Downloads/sportmate/sportmate/vendor/laravel/framework/src/Illuminate/Pipeline/Pipeline.php(219): Illuminate/Http/Middleware/HandleCors->handle(Object(Illuminate/Http/Request), Object(Closure))
#52 C:/Users/LENOVO/Downloads/sportmate/sportmate/vendor/laravel/framework/src/Illuminate/Http/Middleware/TrustProxies.php(58): Illuminate/Pipeline/Pipeline->{closure:{closure:Illuminate/Pipeline/Pipeline::carry():194}:195}(Object(Illuminate/Http/Request))
#53 C:/Users/LENOVO/Downloads/sportmate/sportmate/vendor/laravel/framework/src/Illuminate/Pipeline/Pipeline.php(219): Illuminate/Http/Middleware/TrustProxies->handle(Object(Illuminate/Http/Request), Object(Closure))
#54 C:/Users/LENOVO/Downloads/sportmate/sportmate/vendor/laravel/framework/src/Illuminate/Foundation/Http/Middleware/InvokeDeferredCallbacks.php(22): Illuminate/Pipeline/Pipeline->{closure:{closure:Illuminate/Pipeline/Pipeline::carry():194}:195}(Object(Illuminate/Http/Request))
#55 C:/Users/LENOVO/Downloads/sportmate/sportmate/vendor/laravel/framework/src/Illuminate/Pipeline/Pipeline.php(219): Illuminate/Foundation/Http/Middleware/InvokeDeferredCallbacks->handle(Object(Illuminate/Http/Request), Object(Closure))
#56 C:/Users/LENOVO/Downloads/sportmate/sportmate/vendor/laravel/framework/src/Illuminate/Http/Middleware/ValidatePathEncoding.php(26): Illuminate/Pipeline/Pipeline->{closure:{closure:Illuminate/Pipeline/Pipeline::carry():194}:195}(Object(Illuminate/Http/Request))
#57 C:/Users/LENOVO/Downloads/sportmate/sportmate/vendor/laravel/framework/src/Illuminate/Pipeline/Pipeline.php(219): Illuminate/Http/Middleware/ValidatePathEncoding->handle(Object(Illuminate/Http/Request), Object(Closure))
#58 C:/Users/LENOVO/Downloads/sportmate/sportmate/vendor/laravel/framework/src/Illuminate/Pipeline/Pipeline.php(137): Illuminate/Pipeline/Pipeline->{closure:{closure:Illuminate/Pipeline/Pipeline::carry():194}:195}(Object(Illuminate/Http/Request))
#59 C:/Users/LENOVO/Downloads/sportmate/sportmate/vendor/laravel/framework/src/Illuminate/Foundation/Http/Kernel.php(175): Illuminate/Pipeline/Pipeline->then(Object(Closure))
#60 C:/Users/LENOVO/Downloads/sportmate/sportmate/vendor/laravel/framework/src/Illuminate/Foundation/Http/Kernel.php(144): Illuminate/Foundation/Http/Kernel->sendRequestThroughRouter(Object(Illuminate/Http/Request))
#61 C:/Users/LENOVO/Downloads/sportmate/sportmate/vendor/laravel/framework/src/Illuminate/Foundation/Application.php(1220): Illuminate/Foundation/Http/Kernel->handle(Object(Illuminate/Http/Request))
#62 C:/Users/LENOVO/Downloads/sportmate/sportmate/public/index.php(15): Illuminate/Foundation/Application->handleRequest(Object(Illuminate/Http/Request))
#63 C:/Users/LENOVO/Downloads/sportmate/sportmate/vendor/laravel/framework/src/Illuminate/Foundation/resources/server.php(23): require_once('C://Users//LENOVO...')
#64 {main}

[previous exception] [object] (PDOException(code: 42S22): SQLSTATE[42S22]: Column not found: 1054 Unknown column 'user_sports.jadwal' in 'field list' at C:/Users/LENOVO/Downloads/sportmate/sportmate/vendor/laravel/framework/src/Illuminate/Database/Connection.php:420)
[stacktrace]
#0 C:/Users/LENOVO/Downloads/sportmate/sportmate/vendor/laravel/framework/src/Illuminate/Database/Connection.php(420): PDO->prepare('select `sports`...')
#1 C:/Users/LENOVO/Downloads/sportmate/sportmate/vendor/laravel/framework/src/Illuminate/Database/Connection.php(827): Illuminate/Database/Connection->{closure:Illuminate/Database/Connection::select():411}('select `sports`...', Array)
#2 C:/Users/LENOVO/Downloads/sportmate/sportmate/vendor/laravel/framework/src/Illuminate/Database/Connection.php(794): Illuminate/Database/Connection->runQueryCallback('select `sports`...', Array, Object(Closure))
#3 C:/Users/LENOVO/Downloads/sportmate/sportmate/vendor/laravel/framework/src/Illuminate/Database/Connection.php(411): Illuminate/Database/Connection->run('select `sports`...', Array, Object(Closure))
#4 C:/Users/LENOVO/Downloads/sportmate/sportmate/vendor/laravel/framework/src/Illuminate/Database/Query/Builder.php(3505): Illuminate/Database/Connection->select('select `sports`...', Array, true)
#5 C:/Users/LENOVO/Downloads/sportmate/sportmate/vendor/laravel/framework/src/Illuminate/Database/Query/Builder.php(3490): Illuminate/Database/Query/Builder->runSelect()
#6 C:/Users/LENOVO/Downloads/sportmate/sportmate/vendor/laravel/framework/src/Illuminate/Database/Query/Builder.php(4080): Illuminate/Database/Query/Builder->{closure:Illuminate/Database/Query/Builder::get():3489}()
#7 C:/Users/LENOVO/Downloads/sportmate/sportmate/vendor/laravel/framework/src/Illuminate/Database/Query/Builder.php(3489): Illuminate/Database/Query/Builder->onceWithColumns(Array, Object(Closure))
#8 C:/Users/LENOVO/Downloads/sportmate/sportmate/vendor/laravel/framework/src/Illuminate/Database/Eloquent/Builder.php(902): Illuminate/Database/Query/Builder->get(Array)
#9 C:/Users/LENOVO/Downloads/sportmate/sportmate/vendor/laravel/framework/src/Illuminate/Database/Eloquent/Relations/BelongsToMany.php(932): Illuminate/Database/Eloquent/Builder->getModels()
#10 C:/Users/LENOVO/Downloads/sportmate/sportmate/vendor/laravel/framework/src/Illuminate/Database/Eloquent/Relations/Relation.php(175): Illuminate/Database/Eloquent/Relations/BelongsToMany->get()
#11 C:/Users/LENOVO/Downloads/sportmate/sportmate/vendor/laravel/framework/src/Illuminate/Database/Eloquent/Builder.php(950): Illuminate/Database/Eloquent/Relations/Relation->getEager()
#12 C:/Users/LENOVO/Downloads/sportmate/sportmate/vendor/laravel/framework/src/Illuminate/Database/Eloquent/Builder.php(919): Illuminate/Database/Eloquent/Builder->eagerLoadRelation(Array, 'sports', Object(Closure))
#13 C:/Users/LENOVO/Downloads/sportmate/sportmate/vendor/laravel/framework/src/Illuminate/Database/Eloquent/Builder.php(885): Illuminate/Database/Eloquent/Builder->eagerLoadRelations(Array)
#14 C:/Users/LENOVO/Downloads/sportmate/sportmate/app/Http/Controllers/DashboardController.php(32): Illuminate/Database/Eloquent/Builder->get()
#15 C:/Users/LENOVO/Downloads/sportmate/sportmate/vendor/laravel/framework/src/Illuminate/Routing/ControllerDispatcher.php(46): App/Http/Controllers/DashboardController->index()
#16 C:/Users/LENOVO/Downloads/sportmate/sportmate/vendor/laravel/framework/src/Illuminate/Routing/Route.php(265): Illuminate/Routing/ControllerDispatcher->dispatch(Object(Illuminate/Routing/Route), Object(App/Http/Controllers/DashboardController), 'index')
#17 C:/Users/LENOVO/Downloads/sportmate/sportmate/vendor/laravel/framework/src/Illuminate/Routing/Route.php(211): Illuminate/Routing/Route->runController()
#18 C:/Users/LENOVO/Downloads/sportmate/sportmate/vendor/laravel/framework/src/Illuminate/Routing/Router.php(822): Illuminate/Routing/Route->run()
#19 C:/Users/LENOVO/Downloads/sportmate/sportmate/vendor/laravel/framework/src/Illuminate/Pipeline/Pipeline.php(180): Illuminate/Routing/Router->{closure:Illuminate/Routing/Router::runRouteWithinStack():821}(Object(Illuminate/Http/Request))
#20 C:/Users/LENOVO/Downloads/sportmate/sportmate/vendor/laravel/framework/src/Illuminate/Routing/Middleware/SubstituteBindings.php(50): Illuminate/Pipeline/Pipeline->{closure:Illuminate/Pipeline/Pipeline::prepareDestination():178}(Object(Illuminate/Http/Request))
#21 C:/Users/LENOVO/Downloads/sportmate/sportmate/vendor/laravel/framework/src/Illuminate/Pipeline/Pipeline.php(219): Illuminate/Routing/Middleware/SubstituteBindings->handle(Object(Illuminate/Http/Request), Object(Closure))
#22 C:/Users/LENOVO/Downloads/sportmate/sportmate/vendor/laravel/framework/src/Illuminate/Auth/Middleware/Authenticate.php(63): Illuminate/Pipeline/Pipeline->{closure:{closure:Illuminate/Pipeline/Pipeline::carry():194}:195}(Object(Illuminate/Http/Request))
#23 C:/Users/LENOVO/Downloads/sportmate/sportmate/vendor/laravel/framework/src/Illuminate/Pipeline/Pipeline.php(219): Illuminate/Auth/Middleware/Authenticate->handle(Object(Illuminate/Http/Request), Object(Closure))
#24 C:/Users/LENOVO/Downloads/sportmate/sportmate/vendor/laravel/framework/src/Illuminate/Foundation/Http/Middleware/VerifyCsrfToken.php(87): Illuminate/Pipeline/Pipeline->{closure:{closure:Illuminate/Pipeline/Pipeline::carry():194}:195}(Object(Illuminate/Http/Request))
#25 C:/Users/LENOVO/Downloads/sportmate/sportmate/vendor/laravel/framework/src/Illuminate/Pipeline/Pipeline.php(219): Illuminate/Foundation/Http/Middleware/VerifyCsrfToken->handle(Object(Illuminate/Http/Request), Object(Closure))
#26 C:/Users/LENOVO/Downloads/sportmate/sportmate/vendor/laravel/framework/src/Illuminate/View/Middleware/ShareErrorsFromSession.php(48): Illuminate/Pipeline/Pipeline->{closure:{closure:Illuminate/Pipeline/Pipeline::carry():194}:195}(Object(Illuminate/Http/Request))
#27 C:/Users/LENOVO/Downloads/sportmate/sportmate/vendor/laravel/framework/src/Illuminate/Pipeline/Pipeline.php(219): Illuminate/View/Middleware/ShareErrorsFromSession->handle(Object(Illuminate/Http/Request), Object(Closure))
#28 C:/Users/LENOVO/Downloads/sportmate/sportmate/vendor/laravel/framework/src/Illuminate/Session/Middleware/StartSession.php(120): Illuminate/Pipeline/Pipeline->{closure:{closure:Illuminate/Pipeline/Pipeline::carry():194}:195}(Object(Illuminate/Http/Request))
#29 C:/Users/LENOVO/Downloads/sportmate/sportmate/vendor/laravel/framework/src/Illuminate/Session/Middleware/StartSession.php(63): Illuminate/Session/Middleware/StartSession->handleStatefulRequest(Object(Illuminate/Http/Request), Object(Illuminate/Session/Store), Object(Closure))
#30 C:/Users/LENOVO/Downloads/sportmate/sportmate/vendor/laravel/framework/src/Illuminate/Pipeline/Pipeline.php(219): Illuminate/Session/Middleware/StartSession->handle(Object(Illuminate/Http/Request), Object(Closure))
#31 C:/Users/LENOVO/Downloads/sportmate/sportmate/vendor/laravel/framework/src/Illuminate/Cookie/Middleware/AddQueuedCookiesToResponse.php(36): Illuminate/Pipeline/Pipeline->{closure:{closure:Illuminate/Pipeline/Pipeline::carry():194}:195}(Object(Illuminate/Http/Request))
#32 C:/Users/LENOVO/Downloads/sportmate/sportmate/vendor/laravel/framework/src/Illuminate/Pipeline/Pipeline.php(219): Illuminate/Cookie/Middleware/AddQueuedCookiesToResponse->handle(Object(Illuminate/Http/Request), Object(Closure))
#33 C:/Users/LENOVO/Downloads/sportmate/sportmate/vendor/laravel/framework/src/Illuminate/Cookie/Middleware/EncryptCookies.php(74): Illuminate/Pipeline/Pipeline->{closure:{closure:Illuminate/Pipeline/Pipeline::carry():194}:195}(Object(Illuminate/Http/Request))
#34 C:/Users/LENOVO/Downloads/sportmate/sportmate/vendor/laravel/framework/src/Illuminate/Pipeline/Pipeline.php(219): Illuminate/Cookie/Middleware/EncryptCookies->handle(Object(Illuminate/Http/Request), Object(Closure))
#35 C:/Users/LENOVO/Downloads/sportmate/sportmate/vendor/laravel/framework/src/Illuminate/Pipeline/Pipeline.php(137): Illuminate/Pipeline/Pipeline->{closure:{closure:Illuminate/Pipeline/Pipeline::carry():194}:195}(Object(Illuminate/Http/Request))
#36 C:/Users/LENOVO/Downloads/sportmate/sportmate/vendor/laravel/framework/src/Illuminate/Routing/Router.php(821): Illuminate/Pipeline/Pipeline->then(Object(Closure))
#37 C:/Users/LENOVO/Downloads/sportmate/sportmate/vendor/laravel/framework/src/Illuminate/Routing/Router.php(800): Illuminate/Routing/Router->runRouteWithinStack(Object(Illuminate/Routing/Route), Object(Illuminate/Http/Request))
#38 C:/Users/LENOVO/Downloads/sportmate/sportmate/vendor/laravel/framework/src/Illuminate/Routing/Router.php(764): Illuminate/Routing/Router->runRoute(Object(Illuminate/Http/Request), Object(Illuminate/Routing/Route))
#39 C:/Users/LENOVO/Downloads/sportmate/sportmate/vendor/laravel/framework/src/Illuminate/Routing/Router.php(753): Illuminate/Routing/Router->dispatchToRoute(Object(Illuminate/Http/Request))
#40 C:/Users/LENOVO/Downloads/sportmate/sportmate/vendor/laravel/framework/src/Illuminate/Foundation/Http/Kernel.php(200): Illuminate/Routing/Router->dispatch(Object(Illuminate/Http/Request))
#41 C:/Users/LENOVO/Downloads/sportmate/sportmate/vendor/laravel/framework/src/Illuminate/Pipeline/Pipeline.php(180): Illuminate/Foundation/Http/Kernel->{closure:Illuminate/Foundation/Http/Kernel::dispatchToRouter():197}(Object(Illuminate/Http/Request))
#42 C:/Users/LENOVO/Downloads/sportmate/sportmate/vendor/laravel/framework/src/Illuminate/Foundation/Http/Middleware/TransformsRequest.php(21): Illuminate/Pipeline/Pipeline->{closure:Illuminate/Pipeline/Pipeline::prepareDestination():178}(Object(Illuminate/Http/Request))
#43 C:/Users/LENOVO/Downloads/sportmate/sportmate/vendor/laravel/framework/src/Illuminate/Foundation/Http/Middleware/ConvertEmptyStringsToNull.php(31): Illuminate/Foundation/Http/Middleware/TransformsRequest->handle(Object(Illuminate/Http/Request), Object(Closure))
#44 C:/Users/LENOVO/Downloads/sportmate/sportmate/vendor/laravel/framework/src/Illuminate/Pipeline/Pipeline.php(219): Illuminate/Foundation/Http/Middleware/ConvertEmptyStringsToNull->handle(Object(Illuminate/Http/Request), Object(Closure))
#45 C:/Users/LENOVO/Downloads/sportmate/sportmate/vendor/laravel/framework/src/Illuminate/Foundation/Http/Middleware/TransformsRequest.php(21): Illuminate/Pipeline/Pipeline->{closure:{closure:Illuminate/Pipeline/Pipeline::carry():194}:195}(Object(Illuminate/Http/Request))
#46 C:/Users/LENOVO/Downloads/sportmate/sportmate/vendor/laravel/framework/src/Illuminate/Foundation/Http/Middleware/TrimStrings.php(51): Illuminate/Foundation/Http/Middleware/TransformsRequest->handle(Object(Illuminate/Http/Request), Object(Closure))
#47 C:/Users/LENOVO/Downloads/sportmate/sportmate/vendor/laravel/framework/src/Illuminate/Pipeline/Pipeline.php(219): Illuminate/Foundation/Http/Middleware/TrimStrings->handle(Object(Illuminate/Http/Request), Object(Closure))
#48 C:/Users/LENOVO/Downloads/sportmate/sportmate/vendor/laravel/framework/src/Illuminate/Http/Middleware/ValidatePostSize.php(27): Illuminate/Pipeline/Pipeline->{closure:{closure:Illuminate/Pipeline/Pipeline::carry():194}:195}(Object(Illuminate/Http/Request))
#49 C:/Users/LENOVO/Downloads/sportmate/sportmate/vendor/laravel/framework/src/Illuminate/Pipeline/Pipeline.php(219): Illuminate/Http/Middleware/ValidatePostSize->handle(Object(Illuminate/Http/Request), Object(Closure))
#50 C:/Users/LENOVO/Downloads/sportmate/sportmate/vendor/laravel/framework/src/Illuminate/Foundation/Http/Middleware/PreventRequestsDuringMaintenance.php(109): Illuminate/Pipeline/Pipeline->{closure:{closure:Illuminate/Pipeline/Pipeline::carry():194}:195}(Object(Illuminate/Http/Request))
#51 C:/Users/LENOVO/Downloads/sportmate/sportmate/vendor/laravel/framework/src/Illuminate/Pipeline/Pipeline.php(219): Illuminate/Foundation/Http/Middleware/PreventRequestsDuringMaintenance->handle(Object(Illuminate/Http/Request), Object(Closure))
#52 C:/Users/LENOVO/Downloads/sportmate/sportmate/vendor/laravel/framework/src/Illuminate/Http/Middleware/HandleCors.php(61): Illuminate/Pipeline/Pipeline->{closure:{closure:Illuminate/Pipeline/Pipeline::carry():194}:195}(Object(Illuminate/Http/Request))
#53 C:/Users/LENOVO/Downloads/sportmate/sportmate/vendor/laravel/framework/src/Illuminate/Pipeline/Pipeline.php(219): Illuminate/Http/Middleware/HandleCors->handle(Object(Illuminate/Http/Request), Object(Closure))
#54 C:/Users/LENOVO/Downloads/sportmate/sportmate/vendor/laravel/framework/src/Illuminate/Http/Middleware/TrustProxies.php(58): Illuminate/Pipeline/Pipeline->{closure:{closure:Illuminate/Pipeline/Pipeline::carry():194}:195}(Object(Illuminate/Http/Request))
#55 C:/Users/LENOVO/Downloads/sportmate/sportmate/vendor/laravel/framework/src/Illuminate/Pipeline/Pipeline.php(219): Illuminate/Http/Middleware/TrustProxies->handle(Object(Illuminate/Http/Request), Object(Closure))
#56 C:/Users/LENOVO/Downloads/sportmate/sportmate/vendor/laravel/framework/src/Illuminate/Foundation/Http/Middleware/InvokeDeferredCallbacks.php(22): Illuminate/Pipeline/Pipeline->{closure:{closure:Illuminate/Pipeline/Pipeline::carry():194}:195}(Object(Illuminate/Http/Request))
#57 C:/Users/LENOVO/Downloads/sportmate/sportmate/vendor/laravel/framework/src/Illuminate/Pipeline/Pipeline.php(219): Illuminate/Foundation/Http/Middleware/InvokeDeferredCallbacks->handle(Object(Illuminate/Http/Request), Object(Closure))
#58 C:/Users/LENOVO/Downloads/sportmate/sportmate/vendor/laravel/framework/src/Illuminate/Http/Middleware/ValidatePathEncoding.php(26): Illuminate/Pipeline/Pipeline->{closure:{closure:Illuminate/Pipeline/Pipeline::carry():194}:195}(Object(Illuminate/Http/Request))
#59 C:/Users/LENOVO/Downloads/sportmate/sportmate/vendor/laravel/framework/src/Illuminate/Pipeline/Pipeline.php(219): Illuminate/Http/Middleware/ValidatePathEncoding->handle(Object(Illuminate/Http/Request), Object(Closure))
#60 C:/Users/LENOVO/Downloads/sportmate/sportmate/vendor/laravel/framework/src/Illuminate/Pipeline/Pipeline.php(137): Illuminate/Pipeline/Pipeline->{closure:{closure:Illuminate/Pipeline/Pipeline::carry():194}:195}(Object(Illuminate/Http/Request))
#61 C:/Users/LENOVO/Downloads/sportmate/sportmate/vendor/laravel/framework/src/Illuminate/Foundation/Http/Kernel.php(175): Illuminate/Pipeline/Pipeline->then(Object(Closure))
#62 C:/Users/LENOVO/Downloads/sportmate/sportmate/vendor/laravel/framework/src/Illuminate/Foundation/Http/Kernel.php(144): Illuminate/Foundation/Http/Kernel->sendRequestThroughRouter(Object(Illuminate/Http/Request))
#63 C:/Users/LENOVO/Downloads/sportmate/sportmate/vendor/laravel/framework/src/Illuminate/Foundation/Application.php(1220): Illuminate/Foundation/Http/Kernel->handle(Object(Illuminate/Http/Request))
#64 C:/Users/LENOVO/Downloads/sportmate/sportmate/public/index.php(15): Illuminate/Foundation/Application->handleRequest(Object(Illuminate/Http/Request))
#65 C:/Users/LENOVO/Downloads/sportmate/sportmate/vendor/laravel/framework/src/Illuminate/Foundation/resources/server.php(23): require_once('C://Users//LENOVO...')
#66 {main}
"} 
[2026-07-04 14:46:16] local.ERROR: SQLSTATE[42S22]: Column not found: 1054 Unknown column 'user_sports.jadwal' in 'field list' (Connection: mysql, Host: 127.0.0.1, Port: 3306, Database: sportmate, SQL: select `sports`.*, `user_sports`.`user_id` as `pivot_user_id`, `user_sports`.`sport_id` as `pivot_sport_id`, `user_sports`.`jadwal` as `pivot_jadwal`, `user_sports`.`created_at` as `pivot_created_at`, `user_sports`.`updated_at` as `pivot_updated_at` from `sports` inner join `user_sports` on `sports`.`id` = `user_sports`.`sport_id` where `user_sports`.`user_id` in (3, 6)) {"userId":2,"exception":"[object] (Illuminate\\Database\\QueryException(code: 42S22): SQLSTATE[42S22]: Column not found: 1054 Unknown column 'user_sports.jadwal' in 'field list' (Connection: mysql, Host: 127.0.0.1, Port: 3306, Database: sportmate, SQL: select `sports`.*, `user_sports`.`user_id` as `pivot_user_id`, `user_sports`.`sport_id` as `pivot_sport_id`, `user_sports`.`jadwal` as `pivot_jadwal`, `user_sports`.`created_at` as `pivot_created_at`, `user_sports`.`updated_at` as `pivot_updated_at` from `sports` inner join `user_sports` on `sports`.`id` = `user_sports`.`sport_id` where `user_sports`.`user_id` in (3, 6)) at C:/Users/LENOVO/Downloads/sportmate/sportmate/vendor/laravel/framework/src/Illuminate/Database/Connection.php:838)
[stacktrace]
#0 C:/Users/LENOVO/Downloads/sportmate/sportmate/vendor/laravel/framework/src/Illuminate/Database/Connection.php(794): Illuminate/Database/Connection->runQueryCallback('select `sports`...', Array, Object(Closure))
#1 C:/Users/LENOVO/Downloads/sportmate/sportmate/vendor/laravel/framework/src/Illuminate/Database/Connection.php(411): Illuminate/Database/Connection->run('select `sports`...', Array, Object(Closure))
#2 C:/Users/LENOVO/Downloads/sportmate/sportmate/vendor/laravel/framework/src/Illuminate/Database/Query/Builder.php(3505): Illuminate/Database/Connection->select('select `sports`...', Array, true)
#3 C:/Users/LENOVO/Downloads/sportmate/sportmate/vendor/laravel/framework/src/Illuminate/Database/Query/Builder.php(3490): Illuminate/Database/Query/Builder->runSelect()
#4 C:/Users/LENOVO/Downloads/sportmate/sportmate/vendor/laravel/framework/src/Illuminate/Database/Query/Builder.php(4080): Illuminate/Database/Query/Builder->{closure:Illuminate/Database/Query/Builder::get():3489}()
#5 C:/Users/LENOVO/Downloads/sportmate/sportmate/vendor/laravel/framework/src/Illuminate/Database/Query/Builder.php(3489): Illuminate/Database/Query/Builder->onceWithColumns(Array, Object(Closure))
#6 C:/Users/LENOVO/Downloads/sportmate/sportmate/vendor/laravel/framework/src/Illuminate/Database/Eloquent/Builder.php(902): Illuminate/Database/Query/Builder->get(Array)
#7 C:/Users/LENOVO/Downloads/sportmate/sportmate/vendor/laravel/framework/src/Illuminate/Database/Eloquent/Relations/BelongsToMany.php(932): Illuminate/Database/Eloquent/Builder->getModels()
#8 C:/Users/LENOVO/Downloads/sportmate/sportmate/vendor/laravel/framework/src/Illuminate/Database/Eloquent/Relations/Relation.php(175): Illuminate/Database/Eloquent/Relations/BelongsToMany->get()
#9 C:/Users/LENOVO/Downloads/sportmate/sportmate/vendor/laravel/framework/src/Illuminate/Database/Eloquent/Builder.php(950): Illuminate/Database/Eloquent/Relations/Relation->getEager()
#10 C:/Users/LENOVO/Downloads/sportmate/sportmate/vendor/laravel/framework/src/Illuminate/Database/Eloquent/Builder.php(919): Illuminate/Database/Eloquent/Builder->eagerLoadRelation(Array, 'sports', Object(Closure))
#11 C:/Users/LENOVO/Downloads/sportmate/sportmate/vendor/laravel/framework/src/Illuminate/Database/Eloquent/Builder.php(885): Illuminate/Database/Eloquent/Builder->eagerLoadRelations(Array)
#12 C:/Users/LENOVO/Downloads/sportmate/sportmate/app/Http/Controllers/DashboardController.php(32): Illuminate/Database/Eloquent/Builder->get()
#13 C:/Users/LENOVO/Downloads/sportmate/sportmate/vendor/laravel/framework/src/Illuminate/Routing/ControllerDispatcher.php(46): App/Http/Controllers/DashboardController->index()
#14 C:/Users/LENOVO/Downloads/sportmate/sportmate/vendor/laravel/framework/src/Illuminate/Routing/Route.php(265): Illuminate/Routing/ControllerDispatcher->dispatch(Object(Illuminate/Routing/Route), Object(App/Http/Controllers/DashboardController), 'index')
#15 C:/Users/LENOVO/Downloads/sportmate/sportmate/vendor/laravel/framework/src/Illuminate/Routing/Route.php(211): Illuminate/Routing/Route->runController()
#16 C:/Users/LENOVO/Downloads/sportmate/sportmate/vendor/laravel/framework/src/Illuminate/Routing/Router.php(822): Illuminate/Routing/Route->run()
#17 C:/Users/LENOVO/Downloads/sportmate/sportmate/vendor/laravel/framework/src/Illuminate/Pipeline/Pipeline.php(180): Illuminate/Routing/Router->{closure:Illuminate/Routing/Router::runRouteWithinStack():821}(Object(Illuminate/Http/Request))
#18 C:/Users/LENOVO/Downloads/sportmate/sportmate/vendor/laravel/framework/src/Illuminate/Routing/Middleware/SubstituteBindings.php(50): Illuminate/Pipeline/Pipeline->{closure:Illuminate/Pipeline/Pipeline::prepareDestination():178}(Object(Illuminate/Http/Request))
#19 C:/Users/LENOVO/Downloads/sportmate/sportmate/vendor/laravel/framework/src/Illuminate/Pipeline/Pipeline.php(219): Illuminate/Routing/Middleware/SubstituteBindings->handle(Object(Illuminate/Http/Request), Object(Closure))
#20 C:/Users/LENOVO/Downloads/sportmate/sportmate/vendor/laravel/framework/src/Illuminate/Auth/Middleware/Authenticate.php(63): Illuminate/Pipeline/Pipeline->{closure:{closure:Illuminate/Pipeline/Pipeline::carry():194}:195}(Object(Illuminate/Http/Request))
#21 C:/Users/LENOVO/Downloads/sportmate/sportmate/vendor/laravel/framework/src/Illuminate/Pipeline/Pipeline.php(219): Illuminate/Auth/Middleware/Authenticate->handle(Object(Illuminate/Http/Request), Object(Closure))
#22 C:/Users/LENOVO/Downloads/sportmate/sportmate/vendor/laravel/framework/src/Illuminate/Foundation/Http/Middleware/VerifyCsrfToken.php(87): Illuminate/Pipeline/Pipeline->{closure:{closure:Illuminate/Pipeline/Pipeline::carry():194}:195}(Object(Illuminate/Http/Request))
#23 C:/Users/LENOVO/Downloads/sportmate/sportmate/vendor/laravel/framework/src/Illuminate/Pipeline/Pipeline.php(219): Illuminate/Foundation/Http/Middleware/VerifyCsrfToken->handle(Object(Illuminate/Http/Request), Object(Closure))
#24 C:/Users/LENOVO/Downloads/sportmate/sportmate/vendor/laravel/framework/src/Illuminate/View/Middleware/ShareErrorsFromSession.php(48): Illuminate/Pipeline/Pipeline->{closure:{closure:Illuminate/Pipeline/Pipeline::carry():194}:195}(Object(Illuminate/Http/Request))
#25 C:/Users/LENOVO/Downloads/sportmate/sportmate/vendor/laravel/framework/src/Illuminate/Pipeline/Pipeline.php(219): Illuminate/View/Middleware/ShareErrorsFromSession->handle(Object(Illuminate/Http/Request), Object(Closure))
#26 C:/Users/LENOVO/Downloads/sportmate/sportmate/vendor/laravel/framework/src/Illuminate/Session/Middleware/StartSession.php(120): Illuminate/Pipeline/Pipeline->{closure:{closure:Illuminate/Pipeline/Pipeline::carry():194}:195}(Object(Illuminate/Http/Request))
#27 C:/Users/LENOVO/Downloads/sportmate/sportmate/vendor/laravel/framework/src/Illuminate/Session/Middleware/StartSession.php(63): Illuminate/Session/Middleware/StartSession->handleStatefulRequest(Object(Illuminate/Http/Request), Object(Illuminate/Session/Store), Object(Closure))
#28 C:/Users/LENOVO/Downloads/sportmate/sportmate/vendor/laravel/framework/src/Illuminate/Pipeline/Pipeline.php(219): Illuminate/Session/Middleware/StartSession->handle(Object(Illuminate/Http/Request), Object(Closure))
#29 C:/Users/LENOVO/Downloads/sportmate/sportmate/vendor/laravel/framework/src/Illuminate/Cookie/Middleware/AddQueuedCookiesToResponse.php(36): Illuminate/Pipeline/Pipeline->{closure:{closure:Illuminate/Pipeline/Pipeline::carry():194}:195}(Object(Illuminate/Http/Request))
#30 C:/Users/LENOVO/Downloads/sportmate/sportmate/vendor/laravel/framework/src/Illuminate/Pipeline/Pipeline.php(219): Illuminate/Cookie/Middleware/AddQueuedCookiesToResponse->handle(Object(Illuminate/Http/Request), Object(Closure))
#31 C:/Users/LENOVO/Downloads/sportmate/sportmate/vendor/laravel/framework/src/Illuminate/Cookie/Middleware/EncryptCookies.php(74): Illuminate/Pipeline/Pipeline->{closure:{closure:Illuminate/Pipeline/Pipeline::carry():194}:195}(Object(Illuminate/Http/Request))
#32 C:/Users/LENOVO/Downloads/sportmate/sportmate/vendor/laravel/framework/src/Illuminate/Pipeline/Pipeline.php(219): Illuminate/Cookie/Middleware/EncryptCookies->handle(Object(Illuminate/Http/Request), Object(Closure))
#33 C:/Users/LENOVO/Downloads/sportmate/sportmate/vendor/laravel/framework/src/Illuminate/Pipeline/Pipeline.php(137): Illuminate/Pipeline/Pipeline->{closure:{closure:Illuminate/Pipeline/Pipeline::carry():194}:195}(Object(Illuminate/Http/Request))
#34 C:/Users/LENOVO/Downloads/sportmate/sportmate/vendor/laravel/framework/src/Illuminate/Routing/Router.php(821): Illuminate/Pipeline/Pipeline->then(Object(Closure))
#35 C:/Users/LENOVO/Downloads/sportmate/sportmate/vendor/laravel/framework/src/Illuminate/Routing/Router.php(800): Illuminate/Routing/Router->runRouteWithinStack(Object(Illuminate/Routing/Route), Object(Illuminate/Http/Request))
#36 C:/Users/LENOVO/Downloads/sportmate/sportmate/vendor/laravel/framework/src/Illuminate/Routing/Router.php(764): Illuminate/Routing/Router->runRoute(Object(Illuminate/Http/Request), Object(Illuminate/Routing/Route))
#37 C:/Users/LENOVO/Downloads/sportmate/sportmate/vendor/laravel/framework/src/Illuminate/Routing/Router.php(753): Illuminate/Routing/Router->dispatchToRoute(Object(Illuminate/Http/Request))
#38 C:/Users/LENOVO/Downloads/sportmate/sportmate/vendor/laravel/framework/src/Illuminate/Foundation/Http/Kernel.php(200): Illuminate/Routing/Router->dispatch(Object(Illuminate/Http/Request))
#39 C:/Users/LENOVO/Downloads/sportmate/sportmate/vendor/laravel/framework/src/Illuminate/Pipeline/Pipeline.php(180): Illuminate/Foundation/Http/Kernel->{closure:Illuminate/Foundation/Http/Kernel::dispatchToRouter():197}(Object(Illuminate/Http/Request))
#40 C:/Users/LENOVO/Downloads/sportmate/sportmate/vendor/laravel/framework/src/Illuminate/Foundation/Http/Middleware/TransformsRequest.php(21): Illuminate/Pipeline/Pipeline->{closure:Illuminate/Pipeline/Pipeline::prepareDestination():178}(Object(Illuminate/Http/Request))
#41 C:/Users/LENOVO/Downloads/sportmate/sportmate/vendor/laravel/framework/src/Illuminate/Foundation/Http/Middleware/ConvertEmptyStringsToNull.php(31): Illuminate/Foundation/Http/Middleware/TransformsRequest->handle(Object(Illuminate/Http/Request), Object(Closure))
#42 C:/Users/LENOVO/Downloads/sportmate/sportmate/vendor/laravel/framework/src/Illuminate/Pipeline/Pipeline.php(219): Illuminate/Foundation/Http/Middleware/ConvertEmptyStringsToNull->handle(Object(Illuminate/Http/Request), Object(Closure))
#43 C:/Users/LENOVO/Downloads/sportmate/sportmate/vendor/laravel/framework/src/Illuminate/Foundation/Http/Middleware/TransformsRequest.php(21): Illuminate/Pipeline/Pipeline->{closure:{closure:Illuminate/Pipeline/Pipeline::carry():194}:195}(Object(Illuminate/Http/Request))
#44 C:/Users/LENOVO/Downloads/sportmate/sportmate/vendor/laravel/framework/src/Illuminate/Foundation/Http/Middleware/TrimStrings.php(51): Illuminate/Foundation/Http/Middleware/TransformsRequest->handle(Object(Illuminate/Http/Request), Object(Closure))
#45 C:/Users/LENOVO/Downloads/sportmate/sportmate/vendor/laravel/framework/src/Illuminate/Pipeline/Pipeline.php(219): Illuminate/Foundation/Http/Middleware/TrimStrings->handle(Object(Illuminate/Http/Request), Object(Closure))
#46 C:/Users/LENOVO/Downloads/sportmate/sportmate/vendor/laravel/framework/src/Illuminate/Http/Middleware/ValidatePostSize.php(27): Illuminate/Pipeline/Pipeline->{closure:{closure:Illuminate/Pipeline/Pipeline::carry():194}:195}(Object(Illuminate/Http/Request))
#47 C:/Users/LENOVO/Downloads/sportmate/sportmate/vendor/laravel/framework/src/Illuminate/Pipeline/Pipeline.php(219): Illuminate/Http/Middleware/ValidatePostSize->handle(Object(Illuminate/Http/Request), Object(Closure))
#48 C:/Users/LENOVO/Downloads/sportmate/sportmate/vendor/laravel/framework/src/Illuminate/Foundation/Http/Middleware/PreventRequestsDuringMaintenance.php(109): Illuminate/Pipeline/Pipeline->{closure:{closure:Illuminate/Pipeline/Pipeline::carry():194}:195}(Object(Illuminate/Http/Request))
#49 C:/Users/LENOVO/Downloads/sportmate/sportmate/vendor/laravel/framework/src/Illuminate/Pipeline/Pipeline.php(219): Illuminate/Foundation/Http/Middleware/PreventRequestsDuringMaintenance->handle(Object(Illuminate/Http/Request), Object(Closure))
#50 C:/Users/LENOVO/Downloads/sportmate/sportmate/vendor/laravel/framework/src/Illuminate/Http/Middleware/HandleCors.php(61): Illuminate/Pipeline/Pipeline->{closure:{closure:Illuminate/Pipeline/Pipeline::carry():194}:195}(Object(Illuminate/Http/Request))
#51 C:/Users/LENOVO/Downloads/sportmate/sportmate/vendor/laravel/framework/src/Illuminate/Pipeline/Pipeline.php(219): Illuminate/Http/Middleware/HandleCors->handle(Object(Illuminate/Http/Request), Object(Closure))
#52 C:/Users/LENOVO/Downloads/sportmate/sportmate/vendor/laravel/framework/src/Illuminate/Http/Middleware/TrustProxies.php(58): Illuminate/Pipeline/Pipeline->{closure:{closure:Illuminate/Pipeline/Pipeline::carry():194}:195}(Object(Illuminate/Http/Request))
#53 C:/Users/LENOVO/Downloads/sportmate/sportmate/vendor/laravel/framework/src/Illuminate/Pipeline/Pipeline.php(219): Illuminate/Http/Middleware/TrustProxies->handle(Object(Illuminate/Http/Request), Object(Closure))
#54 C:/Users/LENOVO/Downloads/sportmate/sportmate/vendor/laravel/framework/src/Illuminate/Foundation/Http/Middleware/InvokeDeferredCallbacks.php(22): Illuminate/Pipeline/Pipeline->{closure:{closure:Illuminate/Pipeline/Pipeline::carry():194}:195}(Object(Illuminate/Http/Request))
#55 C:/Users/LENOVO/Downloads/sportmate/sportmate/vendor/laravel/framework/src/Illuminate/Pipeline/Pipeline.php(219): Illuminate/Foundation/Http/Middleware/InvokeDeferredCallbacks->handle(Object(Illuminate/Http/Request), Object(Closure))
#56 C:/Users/LENOVO/Downloads/sportmate/sportmate/vendor/laravel/framework/src/Illuminate/Http/Middleware/ValidatePathEncoding.php(26): Illuminate/Pipeline/Pipeline->{closure:{closure:Illuminate/Pipeline/Pipeline::carry():194}:195}(Object(Illuminate/Http/Request))
#57 C:/Users/LENOVO/Downloads/sportmate/sportmate/vendor/laravel/framework/src/Illuminate/Pipeline/Pipeline.php(219): Illuminate/Http/Middleware/ValidatePathEncoding->handle(Object(Illuminate/Http/Request), Object(Closure))
#58 C:/Users/LENOVO/Downloads/sportmate/sportmate/vendor/laravel/framework/src/Illuminate/Pipeline/Pipeline.php(137): Illuminate/Pipeline/Pipeline->{closure:{closure:Illuminate/Pipeline/Pipeline::carry():194}:195}(Object(Illuminate/Http/Request))
#59 C:/Users/LENOVO/Downloads/sportmate/sportmate/vendor/laravel/framework/src/Illuminate/Foundation/Http/Kernel.php(175): Illuminate/Pipeline/Pipeline->then(Object(Closure))
#60 C:/Users/LENOVO/Downloads/sportmate/sportmate/vendor/laravel/framework/src/Illuminate/Foundation/Http/Kernel.php(144): Illuminate/Foundation/Http/Kernel->sendRequestThroughRouter(Object(Illuminate/Http/Request))
#61 C:/Users/LENOVO/Downloads/sportmate/sportmate/vendor/laravel/framework/src/Illuminate/Foundation/Application.php(1220): Illuminate/Foundation/Http/Kernel->handle(Object(Illuminate/Http/Request))
#62 C:/Users/LENOVO/Downloads/sportmate/sportmate/public/index.php(15): Illuminate/Foundation/Application->handleRequest(Object(Illuminate/Http/Request))
#63 C:/Users/LENOVO/Downloads/sportmate/sportmate/vendor/laravel/framework/src/Illuminate/Foundation/resources/server.php(23): require_once('C://Users//LENOVO...')
#64 {main}

[previous exception] [object] (PDOException(code: 42S22): SQLSTATE[42S22]: Column not found: 1054 Unknown column 'user_sports.jadwal' in 'field list' at C:/Users/LENOVO/Downloads/sportmate/sportmate/vendor/laravel/framework/src/Illuminate/Database/Connection.php:420)
[stacktrace]
#0 C:/Users/LENOVO/Downloads/sportmate/sportmate/vendor/laravel/framework/src/Illuminate/Database/Connection.php(420): PDO->prepare('select `sports`...')
#1 C:/Users/LENOVO/Downloads/sportmate/sportmate/vendor/laravel/framework/src/Illuminate/Database/Connection.php(827): Illuminate/Database/Connection->{closure:Illuminate/Database/Connection::select():411}('select `sports`...', Array)
#2 C:/Users/LENOVO/Downloads/sportmate/sportmate/vendor/laravel/framework/src/Illuminate/Database/Connection.php(794): Illuminate/Database/Connection->runQueryCallback('select `sports`...', Array, Object(Closure))
#3 C:/Users/LENOVO/Downloads/sportmate/sportmate/vendor/laravel/framework/src/Illuminate/Database/Connection.php(411): Illuminate/Database/Connection->run('select `sports`...', Array, Object(Closure))
#4 C:/Users/LENOVO/Downloads/sportmate/sportmate/vendor/laravel/framework/src/Illuminate/Database/Query/Builder.php(3505): Illuminate/Database/Connection->select('select `sports`...', Array, true)
#5 C:/Users/LENOVO/Downloads/sportmate/sportmate/vendor/laravel/framework/src/Illuminate/Database/Query/Builder.php(3490): Illuminate/Database/Query/Builder->runSelect()
#6 C:/Users/LENOVO/Downloads/sportmate/sportmate/vendor/laravel/framework/src/Illuminate/Database/Query/Builder.php(4080): Illuminate/Database/Query/Builder->{closure:Illuminate/Database/Query/Builder::get():3489}()
#7 C:/Users/LENOVO/Downloads/sportmate/sportmate/vendor/laravel/framework/src/Illuminate/Database/Query/Builder.php(3489): Illuminate/Database/Query/Builder->onceWithColumns(Array, Object(Closure))
#8 C:/Users/LENOVO/Downloads/sportmate/sportmate/vendor/laravel/framework/src/Illuminate/Database/Eloquent/Builder.php(902): Illuminate/Database/Query/Builder->get(Array)
#9 C:/Users/LENOVO/Downloads/sportmate/sportmate/vendor/laravel/framework/src/Illuminate/Database/Eloquent/Relations/BelongsToMany.php(932): Illuminate/Database/Eloquent/Builder->getModels()
#10 C:/Users/LENOVO/Downloads/sportmate/sportmate/vendor/laravel/framework/src/Illuminate/Database/Eloquent/Relations/Relation.php(175): Illuminate/Database/Eloquent/Relations/BelongsToMany->get()
#11 C:/Users/LENOVO/Downloads/sportmate/sportmate/vendor/laravel/framework/src/Illuminate/Database/Eloquent/Builder.php(950): Illuminate/Database/Eloquent/Relations/Relation->getEager()
#12 C:/Users/LENOVO/Downloads/sportmate/sportmate/vendor/laravel/framework/src/Illuminate/Database/Eloquent/Builder.php(919): Illuminate/Database/Eloquent/Builder->eagerLoadRelation(Array, 'sports', Object(Closure))
#13 C:/Users/LENOVO/Downloads/sportmate/sportmate/vendor/laravel/framework/src/Illuminate/Database/Eloquent/Builder.php(885): Illuminate/Database/Eloquent/Builder->eagerLoadRelations(Array)
#14 C:/Users/LENOVO/Downloads/sportmate/sportmate/app/Http/Controllers/DashboardController.php(32): Illuminate/Database/Eloquent/Builder->get()
#15 C:/Users/LENOVO/Downloads/sportmate/sportmate/vendor/laravel/framework/src/Illuminate/Routing/ControllerDispatcher.php(46): App/Http/Controllers/DashboardController->index()
#16 C:/Users/LENOVO/Downloads/sportmate/sportmate/vendor/laravel/framework/src/Illuminate/Routing/Route.php(265): Illuminate/Routing/ControllerDispatcher->dispatch(Object(Illuminate/Routing/Route), Object(App/Http/Controllers/DashboardController), 'index')
#17 C:/Users/LENOVO/Downloads/sportmate/sportmate/vendor/laravel/framework/src/Illuminate/Routing/Route.php(211): Illuminate/Routing/Route->runController()
#18 C:/Users/LENOVO/Downloads/sportmate/sportmate/vendor/laravel/framework/src/Illuminate/Routing/Router.php(822): Illuminate/Routing/Route->run()
#19 C:/Users/LENOVO/Downloads/sportmate/sportmate/vendor/laravel/framework/src/Illuminate/Pipeline/Pipeline.php(180): Illuminate/Routing/Router->{closure:Illuminate/Routing/Router::runRouteWithinStack():821}(Object(Illuminate/Http/Request))
#20 C:/Users/LENOVO/Downloads/sportmate/sportmate/vendor/laravel/framework/src/Illuminate/Routing/Middleware/SubstituteBindings.php(50): Illuminate/Pipeline/Pipeline->{closure:Illuminate/Pipeline/Pipeline::prepareDestination():178}(Object(Illuminate/Http/Request))
#21 C:/Users/LENOVO/Downloads/sportmate/sportmate/vendor/laravel/framework/src/Illuminate/Pipeline/Pipeline.php(219): Illuminate/Routing/Middleware/SubstituteBindings->handle(Object(Illuminate/Http/Request), Object(Closure))
#22 C:/Users/LENOVO/Downloads/sportmate/sportmate/vendor/laravel/framework/src/Illuminate/Auth/Middleware/Authenticate.php(63): Illuminate/Pipeline/Pipeline->{closure:{closure:Illuminate/Pipeline/Pipeline::carry():194}:195}(Object(Illuminate/Http/Request))
#23 C:/Users/LENOVO/Downloads/sportmate/sportmate/vendor/laravel/framework/src/Illuminate/Pipeline/Pipeline.php(219): Illuminate/Auth/Middleware/Authenticate->handle(Object(Illuminate/Http/Request), Object(Closure))
#24 C:/Users/LENOVO/Downloads/sportmate/sportmate/vendor/laravel/framework/src/Illuminate/Foundation/Http/Middleware/VerifyCsrfToken.php(87): Illuminate/Pipeline/Pipeline->{closure:{closure:Illuminate/Pipeline/Pipeline::carry():194}:195}(Object(Illuminate/Http/Request))
#25 C:/Users/LENOVO/Downloads/sportmate/sportmate/vendor/laravel/framework/src/Illuminate/Pipeline/Pipeline.php(219): Illuminate/Foundation/Http/Middleware/VerifyCsrfToken->handle(Object(Illuminate/Http/Request), Object(Closure))
#26 C:/Users/LENOVO/Downloads/sportmate/sportmate/vendor/laravel/framework/src/Illuminate/View/Middleware/ShareErrorsFromSession.php(48): Illuminate/Pipeline/Pipeline->{closure:{closure:Illuminate/Pipeline/Pipeline::carry():194}:195}(Object(Illuminate/Http/Request))
#27 C:/Users/LENOVO/Downloads/sportmate/sportmate/vendor/laravel/framework/src/Illuminate/Pipeline/Pipeline.php(219): Illuminate/View/Middleware/ShareErrorsFromSession->handle(Object(Illuminate/Http/Request), Object(Closure))
#28 C:/Users/LENOVO/Downloads/sportmate/sportmate/vendor/laravel/framework/src/Illuminate/Session/Middleware/StartSession.php(120): Illuminate/Pipeline/Pipeline->{closure:{closure:Illuminate/Pipeline/Pipeline::carry():194}:195}(Object(Illuminate/Http/Request))
#29 C:/Users/LENOVO/Downloads/sportmate/sportmate/vendor/laravel/framework/src/Illuminate/Session/Middleware/StartSession.php(63): Illuminate/Session/Middleware/StartSession->handleStatefulRequest(Object(Illuminate/Http/Request), Object(Illuminate/Session/Store), Object(Closure))
#30 C:/Users/LENOVO/Downloads/sportmate/sportmate/vendor/laravel/framework/src/Illuminate/Pipeline/Pipeline.php(219): Illuminate/Session/Middleware/StartSession->handle(Object(Illuminate/Http/Request), Object(Closure))
#31 C:/Users/LENOVO/Downloads/sportmate/sportmate/vendor/laravel/framework/src/Illuminate/Cookie/Middleware/AddQueuedCookiesToResponse.php(36): Illuminate/Pipeline/Pipeline->{closure:{closure:Illuminate/Pipeline/Pipeline::carry():194}:195}(Object(Illuminate/Http/Request))
#32 C:/Users/LENOVO/Downloads/sportmate/sportmate/vendor/laravel/framework/src/Illuminate/Pipeline/Pipeline.php(219): Illuminate/Cookie/Middleware/AddQueuedCookiesToResponse->handle(Object(Illuminate/Http/Request), Object(Closure))
#33 C:/Users/LENOVO/Downloads/sportmate/sportmate/vendor/laravel/framework/src/Illuminate/Cookie/Middleware/EncryptCookies.php(74): Illuminate/Pipeline/Pipeline->{closure:{closure:Illuminate/Pipeline/Pipeline::carry():194}:195}(Object(Illuminate/Http/Request))
#34 C:/Users/LENOVO/Downloads/sportmate/sportmate/vendor/laravel/framework/src/Illuminate/Pipeline/Pipeline.php(219): Illuminate/Cookie/Middleware/EncryptCookies->handle(Object(Illuminate/Http/Request), Object(Closure))
#35 C:/Users/LENOVO/Downloads/sportmate/sportmate/vendor/laravel/framework/src/Illuminate/Pipeline/Pipeline.php(137): Illuminate/Pipeline/Pipeline->{closure:{closure:Illuminate/Pipeline/Pipeline::carry():194}:195}(Object(Illuminate/Http/Request))
#36 C:/Users/LENOVO/Downloads/sportmate/sportmate/vendor/laravel/framework/src/Illuminate/Routing/Router.php(821): Illuminate/Pipeline/Pipeline->then(Object(Closure))
#37 C:/Users/LENOVO/Downloads/sportmate/sportmate/vendor/laravel/framework/src/Illuminate/Routing/Router.php(800): Illuminate/Routing/Router->runRouteWithinStack(Object(Illuminate/Routing/Route), Object(Illuminate/Http/Request))
#38 C:/Users/LENOVO/Downloads/sportmate/sportmate/vendor/laravel/framework/src/Illuminate/Routing/Router.php(764): Illuminate/Routing/Router->runRoute(Object(Illuminate/Http/Request), Object(Illuminate/Routing/Route))
#39 C:/Users/LENOVO/Downloads/sportmate/sportmate/vendor/laravel/framework/src/Illuminate/Routing/Router.php(753): Illuminate/Routing/Router->dispatchToRoute(Object(Illuminate/Http/Request))
#40 C:/Users/LENOVO/Downloads/sportmate/sportmate/vendor/laravel/framework/src/Illuminate/Foundation/Http/Kernel.php(200): Illuminate/Routing/Router->dispatch(Object(Illuminate/Http/Request))
#41 C:/Users/LENOVO/Downloads/sportmate/sportmate/vendor/laravel/framework/src/Illuminate/Pipeline/Pipeline.php(180): Illuminate/Foundation/Http/Kernel->{closure:Illuminate/Foundation/Http/Kernel::dispatchToRouter():197}(Object(Illuminate/Http/Request))
#42 C:/Users/LENOVO/Downloads/sportmate/sportmate/vendor/laravel/framework/src/Illuminate/Foundation/Http/Middleware/TransformsRequest.php(21): Illuminate/Pipeline/Pipeline->{closure:Illuminate/Pipeline/Pipeline::prepareDestination():178}(Object(Illuminate/Http/Request))
#43 C:/Users/LENOVO/Downloads/sportmate/sportmate/vendor/laravel/framework/src/Illuminate/Foundation/Http/Middleware/ConvertEmptyStringsToNull.php(31): Illuminate/Foundation/Http/Middleware/TransformsRequest->handle(Object(Illuminate/Http/Request), Object(Closure))
#44 C:/Users/LENOVO/Downloads/sportmate/sportmate/vendor/laravel/framework/src/Illuminate/Pipeline/Pipeline.php(219): Illuminate/Foundation/Http/Middleware/ConvertEmptyStringsToNull->handle(Object(Illuminate/Http/Request), Object(Closure))
#45 C:/Users/LENOVO/Downloads/sportmate/sportmate/vendor/laravel/framework/src/Illuminate/Foundation/Http/Middleware/TransformsRequest.php(21): Illuminate/Pipeline/Pipeline->{closure:{closure:Illuminate/Pipeline/Pipeline::carry():194}:195}(Object(Illuminate/Http/Request))
#46 C:/Users/LENOVO/Downloads/sportmate/sportmate/vendor/laravel/framework/src/Illuminate/Foundation/Http/Middleware/TrimStrings.php(51): Illuminate/Foundation/Http/Middleware/TransformsRequest->handle(Object(Illuminate/Http/Request), Object(Closure))
#47 C:/Users/LENOVO/Downloads/sportmate/sportmate/vendor/laravel/framework/src/Illuminate/Pipeline/Pipeline.php(219): Illuminate/Foundation/Http/Middleware/TrimStrings->handle(Object(Illuminate/Http/Request), Object(Closure))
#48 C:/Users/LENOVO/Downloads/sportmate/sportmate/vendor/laravel/framework/src/Illuminate/Http/Middleware/ValidatePostSize.php(27): Illuminate/Pipeline/Pipeline->{closure:{closure:Illuminate/Pipeline/Pipeline::carry():194}:195}(Object(Illuminate/Http/Request))
#49 C:/Users/LENOVO/Downloads/sportmate/sportmate/vendor/laravel/framework/src/Illuminate/Pipeline/Pipeline.php(219): Illuminate/Http/Middleware/ValidatePostSize->handle(Object(Illuminate/Http/Request), Object(Closure))
#50 C:/Users/LENOVO/Downloads/sportmate/sportmate/vendor/laravel/framework/src/Illuminate/Foundation/Http/Middleware/PreventRequestsDuringMaintenance.php(109): Illuminate/Pipeline/Pipeline->{closure:{closure:Illuminate/Pipeline/Pipeline::carry():194}:195}(Object(Illuminate/Http/Request))
#51 C:/Users/LENOVO/Downloads/sportmate/sportmate/vendor/laravel/framework/src/Illuminate/Pipeline/Pipeline.php(219): Illuminate/Foundation/Http/Middleware/PreventRequestsDuringMaintenance->handle(Object(Illuminate/Http/Request), Object(Closure))
#52 C:/Users/LENOVO/Downloads/sportmate/sportmate/vendor/laravel/framework/src/Illuminate/Http/Middleware/HandleCors.php(61): Illuminate/Pipeline/Pipeline->{closure:{closure:Illuminate/Pipeline/Pipeline::carry():194}:195}(Object(Illuminate/Http/Request))
#53 C:/Users/LENOVO/Downloads/sportmate/sportmate/vendor/laravel/framework/src/Illuminate/Pipeline/Pipeline.php(219): Illuminate/Http/Middleware/HandleCors->handle(Object(Illuminate/Http/Request), Object(Closure))
#54 C:/Users/LENOVO/Downloads/sportmate/sportmate/vendor/laravel/framework/src/Illuminate/Http/Middleware/TrustProxies.php(58): Illuminate/Pipeline/Pipeline->{closure:{closure:Illuminate/Pipeline/Pipeline::carry():194}:195}(Object(Illuminate/Http/Request))
#55 C:/Users/LENOVO/Downloads/sportmate/sportmate/vendor/laravel/framework/src/Illuminate/Pipeline/Pipeline.php(219): Illuminate/Http/Middleware/TrustProxies->handle(Object(Illuminate/Http/Request), Object(Closure))
#56 C:/Users/LENOVO/Downloads/sportmate/sportmate/vendor/laravel/framework/src/Illuminate/Foundation/Http/Middleware/InvokeDeferredCallbacks.php(22): Illuminate/Pipeline/Pipeline->{closure:{closure:Illuminate/Pipeline/Pipeline::carry():194}:195}(Object(Illuminate/Http/Request))
#57 C:/Users/LENOVO/Downloads/sportmate/sportmate/vendor/laravel/framework/src/Illuminate/Pipeline/Pipeline.php(219): Illuminate/Foundation/Http/Middleware/InvokeDeferredCallbacks->handle(Object(Illuminate/Http/Request), Object(Closure))
#58 C:/Users/LENOVO/Downloads/sportmate/sportmate/vendor/laravel/framework/src/Illuminate/Http/Middleware/ValidatePathEncoding.php(26): Illuminate/Pipeline/Pipeline->{closure:{closure:Illuminate/Pipeline/Pipeline::carry():194}:195}(Object(Illuminate/Http/Request))
#59 C:/Users/LENOVO/Downloads/sportmate/sportmate/vendor/laravel/framework/src/Illuminate/Pipeline/Pipeline.php(219): Illuminate/Http/Middleware/ValidatePathEncoding->handle(Object(Illuminate/Http/Request), Object(Closure))
#60 C:/Users/LENOVO/Downloads/sportmate/sportmate/vendor/laravel/framework/src/Illuminate/Pipeline/Pipeline.php(137): Illuminate/Pipeline/Pipeline->{closure:{closure:Illuminate/Pipeline/Pipeline::carry():194}:195}(Object(Illuminate/Http/Request))
#61 C:/Users/LENOVO/Downloads/sportmate/sportmate/vendor/laravel/framework/src/Illuminate/Foundation/Http/Kernel.php(175): Illuminate/Pipeline/Pipeline->then(Object(Closure))
#62 C:/Users/LENOVO/Downloads/sportmate/sportmate/vendor/laravel/framework/src/Illuminate/Foundation/Http/Kernel.php(144): Illuminate/Foundation/Http/Kernel->sendRequestThroughRouter(Object(Illuminate/Http/Request))
#63 C:/Users/LENOVO/Downloads/sportmate/sportmate/vendor/laravel/framework/src/Illuminate/Foundation/Application.php(1220): Illuminate/Foundation/Http/Kernel->handle(Object(Illuminate/Http/Request))
#64 C:/Users/LENOVO/Downloads/sportmate/sportmate/public/index.php(15): Illuminate/Foundation/Application->handleRequest(Object(Illuminate/Http/Request))
#65 C:/Users/LENOVO/Downloads/sportmate/sportmate/vendor/laravel/framework/src/Illuminate/Foundation/resources/server.php(23): require_once('C://Users//LENOVO...')
#66 {main}
"} 
[2026-07-08 16:21:37] production.ERROR: file_get_contents(C:\laragon\www\sportmate_pemwebII-main\sportmate\.env): Failed to open stream: No such file or directory {"exception":"[object] (ErrorException(code: 0): file_get_contents(C:\\laragon\\www\\sportmate_pemwebII-main\\sportmate\\.env): Failed to open stream: No such file or directory at C:/laragon/www/sportmate_pemwebII-main/sportmate/vendor/laravel/framework/src/Illuminate/Foundation/Console/KeyGenerateCommand.php:100)
[stacktrace]
#0 C:/laragon/www/sportmate_pemwebII-main/sportmate/vendor/laravel/framework/src/Illuminate/Foundation/Bootstrap/HandleExceptions.php(262): Illuminate/Foundation/Bootstrap/HandleExceptions->handleError(2, 'file_get_conten...', 'C://laragon//www//...', 100)
#1 [internal function]: Illuminate/Foundation/Bootstrap/HandleExceptions->{closure:Illuminate/Foundation/Bootstrap/HandleExceptions::forwardsTo():261}(2, 'file_get_conten...', 'C://laragon//www//...', 100)
#2 C:/laragon/www/sportmate_pemwebII-main/sportmate/vendor/laravel/framework/src/Illuminate/Foundation/Console/KeyGenerateCommand.php(100): file_get_contents('C://laragon//www//...')
#3 C:/laragon/www/sportmate_pemwebII-main/sportmate/vendor/laravel/framework/src/Illuminate/Foundation/Console/KeyGenerateCommand.php(82): Illuminate/Foundation/Console/KeyGenerateCommand->writeNewEnvironmentFileWith('base64:ouqGkMhP...')
#4 C:/laragon/www/sportmate_pemwebII-main/sportmate/vendor/laravel/framework/src/Illuminate/Foundation/Console/KeyGenerateCommand.php(47): Illuminate/Foundation/Console/KeyGenerateCommand->setKeyInEnvironmentFile('base64:ouqGkMhP...')
#5 C:/laragon/www/sportmate_pemwebII-main/sportmate/vendor/laravel/framework/src/Illuminate/Container/BoundMethod.php(36): Illuminate/Foundation/Console/KeyGenerateCommand->handle()
#6 C:/laragon/www/sportmate_pemwebII-main/sportmate/vendor/laravel/framework/src/Illuminate/Container/Util.php(43): Illuminate/Container/BoundMethod::{closure:Illuminate/Container/BoundMethod::call():35}()
#7 C:/laragon/www/sportmate_pemwebII-main/sportmate/vendor/laravel/framework/src/Illuminate/Container/BoundMethod.php(96): Illuminate/Container/Util::unwrapIfClosure(Object(Closure))
#8 C:/laragon/www/sportmate_pemwebII-main/sportmate/vendor/laravel/framework/src/Illuminate/Container/BoundMethod.php(35): Illuminate/Container/BoundMethod::callBoundMethod(Object(Illuminate/Foundation/Application), Array, Object(Closure))
#9 C:/laragon/www/sportmate_pemwebII-main/sportmate/vendor/laravel/framework/src/Illuminate/Container/Container.php(799): Illuminate/Container/BoundMethod::call(Object(Illuminate/Foundation/Application), Array, Array, NULL)
#10 C:/laragon/www/sportmate_pemwebII-main/sportmate/vendor/laravel/framework/src/Illuminate/Console/Command.php(211): Illuminate/Container/Container->call(Array)
#11 C:/laragon/www/sportmate_pemwebII-main/sportmate/vendor/symfony/console/Command/Command.php(341): Illuminate/Console/Command->execute(Object(Symfony/Component/Console/Input/ArgvInput), Object(Illuminate/Console/OutputStyle))
#12 C:/laragon/www/sportmate_pemwebII-main/sportmate/vendor/laravel/framework/src/Illuminate/Console/Command.php(180): Symfony/Component/Console/Command/Command->run(Object(Symfony/Component/Console/Input/ArgvInput), Object(Illuminate/Console/OutputStyle))
#13 C:/laragon/www/sportmate_pemwebII-main/sportmate/vendor/symfony/console/Application.php(1117): Illuminate/Console/Command->run(Object(Symfony/Component/Console/Input/ArgvInput), Object(Symfony/Component/Console/Output/ConsoleOutput))
#14 C:/laragon/www/sportmate_pemwebII-main/sportmate/vendor/symfony/console/Application.php(356): Symfony/Component/Console/Application->doRunCommand(Object(Illuminate/Foundation/Console/KeyGenerateCommand), Object(Symfony/Component/Console/Input/ArgvInput), Object(Symfony/Component/Console/Output/ConsoleOutput))
#15 C:/laragon/www/sportmate_pemwebII-main/sportmate/vendor/symfony/console/Application.php(195): Symfony/Component/Console/Application->doRun(Object(Symfony/Component/Console/Input/ArgvInput), Object(Symfony/Component/Console/Output/ConsoleOutput))
#16 C:/laragon/www/sportmate_pemwebII-main/sportmate/vendor/laravel/framework/src/Illuminate/Foundation/Console/Kernel.php(198): Symfony/Component/Console/Application->run(Object(Symfony/Component/Console/Input/ArgvInput), Object(Symfony/Component/Console/Output/ConsoleOutput))
#17 C:/laragon/www/sportmate_pemwebII-main/sportmate/vendor/laravel/framework/src/Illuminate/Foundation/Application.php(1235): Illuminate/Foundation/Console/Kernel->handle(Object(Symfony/Component/Console/Input/ArgvInput), Object(Symfony/Component/Console/Output/ConsoleOutput))
#18 C:/laragon/www/sportmate_pemwebII-main/sportmate/artisan(14): Illuminate/Foundation/Application->handleCommand(Object(Symfony/Component/Console/Input/ArgvInput))
#19 {main}
"} 
[2026-07-10 01:25:03] local.ERROR: Illuminate\Database\Migrations\Migration@anonymous(): Argument #1 ($table) must be of type Julia, Illuminate\Database\Schema\Blueprint given, called in C:\laragon\www\sportmate_pemwebII-main\sportmate\vendor\laravel\framework\src\Illuminate\Database\Schema\Blueprint.php on line 109 {"exception":"[object] (TypeError(code: 0): Illuminate\\Database\\Migrations\\Migration@anonymous(): Argument #1 ($table) must be of type Julia, Illuminate\\Database\\Schema\\Blueprint given, called in C:\\laragon\\www\\sportmate_pemwebII-main\\sportmate\\vendor\\laravel\\framework\\src\\Illuminate\\Database\\Schema\\Blueprint.php on line 109 at C:/laragon/www/sportmate_pemwebII-main/sportmate/database/migrations/2026_07_10_012056_add_jam_selesai_to_events_table.php:14)
[stacktrace]
#0 C:/laragon/www/sportmate_pemwebII-main/sportmate/vendor/laravel/framework/src/Illuminate/Database/Schema/Blueprint.php(109): Illuminate/Database/Migrations/Migration@anonymous->{closure:Illuminate/Database/Migrations/Migration@anonymous(Object(Illuminate/Database/Schema/Blueprint))
#1 C:/laragon/www/sportmate_pemwebII-main/sportmate/vendor/laravel/framework/src/Illuminate/Container/Container.php(1168): Illuminate/Database/Schema/Blueprint->__construct(Object(Illuminate/Database/MySqlConnection), 'events', Object(Closure))
#2 C:/laragon/www/sportmate_pemwebII-main/sportmate/vendor/laravel/framework/src/Illuminate/Container/Container.php(933): Illuminate/Container/Container->build('Illuminate//Data...')
#3 C:/laragon/www/sportmate_pemwebII-main/sportmate/vendor/laravel/framework/src/Illuminate/Foundation/Application.php(1078): Illuminate/Container/Container->resolve('Illuminate//Data...', Array, true)
#4 C:/laragon/www/sportmate_pemwebII-main/sportmate/vendor/laravel/framework/src/Illuminate/Container/Container.php(864): Illuminate/Foundation/Application->resolve('Illuminate//Data...', Array)
#5 C:/laragon/www/sportmate_pemwebII-main/sportmate/vendor/laravel/framework/src/Illuminate/Foundation/Application.php(1058): Illuminate/Container/Container->make('Illuminate//Data...', Array)
#6 C:/laragon/www/sportmate_pemwebII-main/sportmate/vendor/laravel/framework/src/Illuminate/Database/Schema/Builder.php(704): Illuminate/Foundation/Application->make('Illuminate//Data...', Array)
#7 C:/laragon/www/sportmate_pemwebII-main/sportmate/vendor/laravel/framework/src/Illuminate/Database/Schema/Builder.php(494): Illuminate/Database/Schema/Builder->createBlueprint('events', Object(Closure))
#8 C:/laragon/www/sportmate_pemwebII-main/sportmate/vendor/laravel/framework/src/Illuminate/Support/Facades/Facade.php(363): Illuminate/Database/Schema/Builder->table('events', Object(Closure))
#9 C:/laragon/www/sportmate_pemwebII-main/sportmate/database/migrations/2026_07_10_012056_add_jam_selesai_to_events_table.php(14): Illuminate/Support/Facades/Facade::__callStatic('table', Array)
#10 C:/laragon/www/sportmate_pemwebII-main/sportmate/vendor/laravel/framework/src/Illuminate/Database/Migrations/Migrator.php(517): Illuminate/Database/Migrations/Migration@anonymous->up()
#11 C:/laragon/www/sportmate_pemwebII-main/sportmate/vendor/laravel/framework/src/Illuminate/Database/Migrations/Migrator.php(442): Illuminate/Database/Migrations/Migrator->runMethod(Object(Illuminate/Database/MySqlConnection), Object(Illuminate/Database/Migrations/Migration@anonymous), 'up')
#12 C:/laragon/www/sportmate_pemwebII-main/sportmate/vendor/laravel/framework/src/Illuminate/Database/Migrations/Migrator.php(451): Illuminate/Database/Migrations/Migrator->{closure:Illuminate/Database/Migrations/Migrator::runMigration():438}()
#13 C:/laragon/www/sportmate_pemwebII-main/sportmate/vendor/laravel/framework/src/Illuminate/Database/Migrations/Migrator.php(253): Illuminate/Database/Migrations/Migrator->runMigration(Object(Illuminate/Database/Migrations/Migration@anonymous), 'up')
#14 C:/laragon/www/sportmate_pemwebII-main/sportmate/vendor/laravel/framework/src/Illuminate/Console/View/Components/Task.php(41): Illuminate/Database/Migrations/Migrator->{closure:Illuminate/Database/Migrations/Migrator::runUp():253}()
#15 C:/laragon/www/sportmate_pemwebII-main/sportmate/vendor/laravel/framework/src/Illuminate/Database/Migrations/Migrator.php(814): Illuminate/Console/View/Components/Task->render('2026_07_10_0120...', Object(Closure))
#16 C:/laragon/www/sportmate_pemwebII-main/sportmate/vendor/laravel/framework/src/Illuminate/Database/Migrations/Migrator.php(253): Illuminate/Database/Migrations/Migrator->write('Illuminate//Cons...', '2026_07_10_0120...', Object(Closure))
#17 C:/laragon/www/sportmate_pemwebII-main/sportmate/vendor/laravel/framework/src/Illuminate/Database/Migrations/Migrator.php(211): Illuminate/Database/Migrations/Migrator->runUp('C://laragon//www//...', 2, false)
#18 C:/laragon/www/sportmate_pemwebII-main/sportmate/vendor/laravel/framework/src/Illuminate/Database/Migrations/Migrator.php(138): Illuminate/Database/Migrations/Migrator->runPending(Array, Array)
#19 C:/laragon/www/sportmate_pemwebII-main/sportmate/vendor/laravel/framework/src/Illuminate/Database/Console/Migrations/MigrateCommand.php(116): Illuminate/Database/Migrations/Migrator->run(Array, Array)
#20 C:/laragon/www/sportmate_pemwebII-main/sportmate/vendor/laravel/framework/src/Illuminate/Database/Migrations/Migrator.php(671): Illuminate/Database/Console/Migrations/MigrateCommand->{closure:Illuminate/Database/Console/Migrations/MigrateCommand::runMigrations():109}()
#21 C:/laragon/www/sportmate_pemwebII-main/sportmate/vendor/laravel/framework/src/Illuminate/Database/Console/Migrations/MigrateCommand.php(109): Illuminate/Database/Migrations/Migrator->usingConnection(NULL, Object(Closure))
#22 C:/laragon/www/sportmate_pemwebII-main/sportmate/vendor/laravel/framework/src/Illuminate/Database/Console/Migrations/MigrateCommand.php(88): Illuminate/Database/Console/Migrations/MigrateCommand->runMigrations()
#23 C:/laragon/www/sportmate_pemwebII-main/sportmate/vendor/laravel/framework/src/Illuminate/Container/BoundMethod.php(36): Illuminate/Database/Console/Migrations/MigrateCommand->handle()
#24 C:/laragon/www/sportmate_pemwebII-main/sportmate/vendor/laravel/framework/src/Illuminate/Container/Util.php(43): Illuminate/Container/BoundMethod::{closure:Illuminate/Container/BoundMethod::call():35}()
#25 C:/laragon/www/sportmate_pemwebII-main/sportmate/vendor/laravel/framework/src/Illuminate/Container/BoundMethod.php(96): Illuminate/Container/Util::unwrapIfClosure(Object(Closure))
#26 C:/laragon/www/sportmate_pemwebII-main/sportmate/vendor/laravel/framework/src/Illuminate/Container/BoundMethod.php(35): Illuminate/Container/BoundMethod::callBoundMethod(Object(Illuminate/Foundation/Application), Array, Object(Closure))
#27 C:/laragon/www/sportmate_pemwebII-main/sportmate/vendor/laravel/framework/src/Illuminate/Container/Container.php(799): Illuminate/Container/BoundMethod::call(Object(Illuminate/Foundation/Application), Array, Array, NULL)
#28 C:/laragon/www/sportmate_pemwebII-main/sportmate/vendor/laravel/framework/src/Illuminate/Console/Command.php(211): Illuminate/Container/Container->call(Array)
#29 C:/laragon/www/sportmate_pemwebII-main/sportmate/vendor/symfony/console/Command/Command.php(341): Illuminate/Console/Command->execute(Object(Symfony/Component/Console/Input/ArgvInput), Object(Illuminate/Console/OutputStyle))
#30 C:/laragon/www/sportmate_pemwebII-main/sportmate/vendor/laravel/framework/src/Illuminate/Console/Command.php(180): Symfony/Component/Console/Command/Command->run(Object(Symfony/Component/Console/Input/ArgvInput), Object(Illuminate/Console/OutputStyle))
#31 C:/laragon/www/sportmate_pemwebII-main/sportmate/vendor/symfony/console/Application.php(1117): Illuminate/Console/Command->run(Object(Symfony/Component/Console/Input/ArgvInput), Object(Symfony/Component/Console/Output/ConsoleOutput))
#32 C:/laragon/www/sportmate_pemwebII-main/sportmate/vendor/symfony/console/Application.php(356): Symfony/Component/Console/Application->doRunCommand(Object(Illuminate/Database/Console/Migrations/MigrateCommand), Object(Symfony/Component/Console/Input/ArgvInput), Object(Symfony/Component/Console/Output/ConsoleOutput))
#33 C:/laragon/www/sportmate_pemwebII-main/sportmate/vendor/symfony/console/Application.php(195): Symfony/Component/Console/Application->doRun(Object(Symfony/Component/Console/Input/ArgvInput), Object(Symfony/Component/Console/Output/ConsoleOutput))
#34 C:/laragon/www/sportmate_pemwebII-main/sportmate/vendor/laravel/framework/src/Illuminate/Foundation/Console/Kernel.php(198): Symfony/Component/Console/Application->run(Object(Symfony/Component/Console/Input/ArgvInput), Object(Symfony/Component/Console/Output/ConsoleOutput))
#35 C:/laragon/www/sportmate_pemwebII-main/sportmate/vendor/laravel/framework/src/Illuminate/Foundation/Application.php(1235): Illuminate/Foundation/Console/Kernel->handle(Object(Symfony/Component/Console/Input/ArgvInput), Object(Symfony/Component/Console/Output/ConsoleOutput))
#36 C:/laragon/www/sportmate_pemwebII-main/sportmate/artisan(14): Illuminate/Foundation/Application->handleCommand(Object(Symfony/Component/Console/Input/ArgvInput))
#37 {main}
"} 
[2026-07-10 01:41:02] local.ERROR: Command "event:update-status" is not defined.

Did you mean one of these?
    event:cache
    event:clear
    event:list {"exception":"[object] (Symfony\\Component\\Console\\Exception\\CommandNotFoundException(code: 0): Command \"event:update-status\" is not defined.

Did you mean one of these?
    event:cache
    event:clear
    event:list at C:/laragon/www/sportmate_pemwebII-main/sportmate/vendor/symfony/console/Application.php:759)
[stacktrace]
#0 C:/laragon/www/sportmate_pemwebII-main/sportmate/vendor/symfony/console/Application.php(298): Symfony/Component/Console/Application->find('event:update-st...')
#1 C:/laragon/www/sportmate_pemwebII-main/sportmate/vendor/symfony/console/Application.php(195): Symfony/Component/Console/Application->doRun(Object(Symfony/Component/Console/Input/ArgvInput), Object(Symfony/Component/Console/Output/ConsoleOutput))
#2 C:/laragon/www/sportmate_pemwebII-main/sportmate/vendor/laravel/framework/src/Illuminate/Foundation/Console/Kernel.php(198): Symfony/Component/Console/Application->run(Object(Symfony/Component/Console/Input/ArgvInput), Object(Symfony/Component/Console/Output/ConsoleOutput))
#3 C:/laragon/www/sportmate_pemwebII-main/sportmate/vendor/laravel/framework/src/Illuminate/Foundation/Application.php(1235): Illuminate/Foundation/Console/Kernel->handle(Object(Symfony/Component/Console/Input/ArgvInput), Object(Symfony/Component/Console/Output/ConsoleOutput))
#4 C:/laragon/www/sportmate_pemwebII-main/sportmate/artisan(14): Illuminate/Foundation/Application->handleCommand(Object(Symfony/Component/Console/Input/ArgvInput))
#5 {main}
"} 
[2026-07-10 01:41:03] local.ERROR: Scheduled command ["C:\laragon\bin\php\php-8.4.19-Win32-vs17-x64\php.exe" "artisan" event:update-status] failed with exit code [1]. {"exception":"[object] (Exception(code: 0): Scheduled command [\"C:\\laragon\\bin\\php\\php-8.4.19-Win32-vs17-x64\\php.exe\" \"artisan\" event:update-status] failed with exit code [1]. at C:/laragon/www/sportmate_pemwebII-main/sportmate/vendor/laravel/framework/src/Illuminate/Console/Scheduling/ScheduleRunCommand.php:207)
[stacktrace]
#0 C:/laragon/www/sportmate_pemwebII-main/sportmate/vendor/laravel/framework/src/Illuminate/Console/View/Components/Task.php(41): Illuminate/Console/Scheduling/ScheduleRunCommand->{closure:Illuminate/Console/Scheduling/ScheduleRunCommand::runEvent():191}()
#1 C:/laragon/www/sportmate_pemwebII-main/sportmate/vendor/laravel/framework/src/Illuminate/Console/View/Components/Factory.php(59): Illuminate/Console/View/Components/Task->render('<fg=gray>2026-0...', Object(Closure))
#2 C:/laragon/www/sportmate_pemwebII-main/sportmate/vendor/laravel/framework/src/Illuminate/Console/Scheduling/ScheduleRunCommand.php(191): Illuminate/Console/View/Components/Factory->__call('task', Array)
#3 C:/laragon/www/sportmate_pemwebII-main/sportmate/vendor/laravel/framework/src/Illuminate/Console/Scheduling/ScheduleRunCommand.php(134): Illuminate/Console/Scheduling/ScheduleRunCommand->runEvent(Object(Illuminate/Console/Scheduling/Event))
#4 C:/laragon/www/sportmate_pemwebII-main/sportmate/vendor/laravel/framework/src/Illuminate/Container/BoundMethod.php(36): Illuminate/Console/Scheduling/ScheduleRunCommand->handle(Object(Illuminate/Console/Scheduling/Schedule), Object(Illuminate/Events/Dispatcher), Object(Illuminate/Cache/Repository), Object(NunoMaduro/Collision/Adapters/Laravel/ExceptionHandler))
#5 C:/laragon/www/sportmate_pemwebII-main/sportmate/vendor/laravel/framework/src/Illuminate/Container/Util.php(43): Illuminate/Container/BoundMethod::{closure:Illuminate/Container/BoundMethod::call():35}()
#6 C:/laragon/www/sportmate_pemwebII-main/sportmate/vendor/laravel/framework/src/Illuminate/Container/BoundMethod.php(96): Illuminate/Container/Util::unwrapIfClosure(Object(Closure))
#7 C:/laragon/www/sportmate_pemwebII-main/sportmate/vendor/laravel/framework/src/Illuminate/Container/BoundMethod.php(35): Illuminate/Container/BoundMethod::callBoundMethod(Object(Illuminate/Foundation/Application), Array, Object(Closure))
#8 C:/laragon/www/sportmate_pemwebII-main/sportmate/vendor/laravel/framework/src/Illuminate/Container/Container.php(799): Illuminate/Container/BoundMethod::call(Object(Illuminate/Foundation/Application), Array, Array, NULL)
#9 C:/laragon/www/sportmate_pemwebII-main/sportmate/vendor/laravel/framework/src/Illuminate/Console/Command.php(211): Illuminate/Container/Container->call(Array)
#10 C:/laragon/www/sportmate_pemwebII-main/sportmate/vendor/symfony/console/Command/Command.php(341): Illuminate/Console/Command->execute(Object(Symfony/Component/Console/Input/ArgvInput), Object(Illuminate/Console/OutputStyle))
#11 C:/laragon/www/sportmate_pemwebII-main/sportmate/vendor/laravel/framework/src/Illuminate/Console/Command.php(180): Symfony/Component/Console/Command/Command->run(Object(Symfony/Component/Console/Input/ArgvInput), Object(Illuminate/Console/OutputStyle))
#12 C:/laragon/www/sportmate_pemwebII-main/sportmate/vendor/symfony/console/Application.php(1117): Illuminate/Console/Command->run(Object(Symfony/Component/Console/Input/ArgvInput), Object(Symfony/Component/Console/Output/ConsoleOutput))
#13 C:/laragon/www/sportmate_pemwebII-main/sportmate/vendor/symfony/console/Application.php(356): Symfony/Component/Console/Application->doRunCommand(Object(Illuminate/Console/Scheduling/ScheduleRunCommand), Object(Symfony/Component/Console/Input/ArgvInput), Object(Symfony/Component/Console/Output/ConsoleOutput))
#14 C:/laragon/www/sportmate_pemwebII-main/sportmate/vendor/symfony/console/Application.php(195): Symfony/Component/Console/Application->doRun(Object(Symfony/Component/Console/Input/ArgvInput), Object(Symfony/Component/Console/Output/ConsoleOutput))
#15 C:/laragon/www/sportmate_pemwebII-main/sportmate/vendor/laravel/framework/src/Illuminate/Foundation/Console/Kernel.php(198): Symfony/Component/Console/Application->run(Object(Symfony/Component/Console/Input/ArgvInput), Object(Symfony/Component/Console/Output/ConsoleOutput))
#16 C:/laragon/www/sportmate_pemwebII-main/sportmate/vendor/laravel/framework/src/Illuminate/Foundation/Application.php(1235): Illuminate/Foundation/Console/Kernel->handle(Object(Symfony/Component/Console/Input/ArgvInput), Object(Symfony/Component/Console/Output/ConsoleOutput))
#17 C:/laragon/www/sportmate_pemwebII-main/sportmate/artisan(14): Illuminate/Foundation/Application->handleCommand(Object(Symfony/Component/Console/Input/ArgvInput))
#18 {main}
"} 
[2026-07-10 01:42:41] local.ERROR: Command "schedule:word" is not defined.

Did you mean one of these?
    queue:work
    schedule:clear-cache
    schedule:interrupt
    schedule:list
    schedule:run
    schedule:test
    schedule:work {"exception":"[object] (Symfony\\Component\\Console\\Exception\\CommandNotFoundException(code: 0): Command \"schedule:word\" is not defined.

Did you mean one of these?
    queue:work
    schedule:clear-cache
    schedule:interrupt
    schedule:list
    schedule:run
    schedule:test
    schedule:work at C:/laragon/www/sportmate_pemwebII-main/sportmate/vendor/symfony/console/Application.php:759)
[stacktrace]
#0 C:/laragon/www/sportmate_pemwebII-main/sportmate/vendor/symfony/console/Application.php(298): Symfony/Component/Console/Application->find('schedule:word')
#1 C:/laragon/www/sportmate_pemwebII-main/sportmate/vendor/symfony/console/Application.php(195): Symfony/Component/Console/Application->doRun(Object(Symfony/Component/Console/Input/ArgvInput), Object(Symfony/Component/Console/Output/ConsoleOutput))
#2 C:/laragon/www/sportmate_pemwebII-main/sportmate/vendor/laravel/framework/src/Illuminate/Foundation/Console/Kernel.php(198): Symfony/Component/Console/Application->run(Object(Symfony/Component/Console/Input/ArgvInput), Object(Symfony/Component/Console/Output/ConsoleOutput))
#3 C:/laragon/www/sportmate_pemwebII-main/sportmate/vendor/laravel/framework/src/Illuminate/Foundation/Application.php(1235): Illuminate/Foundation/Console/Kernel->handle(Object(Symfony/Component/Console/Input/ArgvInput), Object(Symfony/Component/Console/Output/ConsoleOutput))
#4 C:/laragon/www/sportmate_pemwebII-main/sportmate/artisan(14): Illuminate/Foundation/Application->handleCommand(Object(Symfony/Component/Console/Input/ArgvInput))
#5 {main}
"} 
[2026-07-10 01:44:02] local.ERROR: Command "event:update-status" is not defined.

Did you mean one of these?
    event:cache
    event:clear
    event:list {"exception":"[object] (Symfony\\Component\\Console\\Exception\\CommandNotFoundException(code: 0): Command \"event:update-status\" is not defined.

Did you mean one of these?
    event:cache
    event:clear
    event:list at C:/laragon/www/sportmate_pemwebII-main/sportmate/vendor/symfony/console/Application.php:759)
[stacktrace]
#0 C:/laragon/www/sportmate_pemwebII-main/sportmate/vendor/symfony/console/Application.php(298): Symfony/Component/Console/Application->find('event:update-st...')
#1 C:/laragon/www/sportmate_pemwebII-main/sportmate/vendor/symfony/console/Application.php(195): Symfony/Component/Console/Application->doRun(Object(Symfony/Component/Console/Input/ArgvInput), Object(Symfony/Component/Console/Output/ConsoleOutput))
#2 C:/laragon/www/sportmate_pemwebII-main/sportmate/vendor/laravel/framework/src/Illuminate/Foundation/Console/Kernel.php(198): Symfony/Component/Console/Application->run(Object(Symfony/Component/Console/Input/ArgvInput), Object(Symfony/Component/Console/Output/ConsoleOutput))
#3 C:/laragon/www/sportmate_pemwebII-main/sportmate/vendor/laravel/framework/src/Illuminate/Foundation/Application.php(1235): Illuminate/Foundation/Console/Kernel->handle(Object(Symfony/Component/Console/Input/ArgvInput), Object(Symfony/Component/Console/Output/ConsoleOutput))
#4 C:/laragon/www/sportmate_pemwebII-main/sportmate/artisan(14): Illuminate/Foundation/Application->handleCommand(Object(Symfony/Component/Console/Input/ArgvInput))
#5 {main}
"} 
[2026-07-10 01:44:02] local.ERROR: Scheduled command ["C:\laragon\bin\php\php-8.4.19-Win32-vs17-x64\php.exe" "artisan" event:update-status] failed with exit code [1]. {"exception":"[object] (Exception(code: 0): Scheduled command [\"C:\\laragon\\bin\\php\\php-8.4.19-Win32-vs17-x64\\php.exe\" \"artisan\" event:update-status] failed with exit code [1]. at C:/laragon/www/sportmate_pemwebII-main/sportmate/vendor/laravel/framework/src/Illuminate/Console/Scheduling/ScheduleRunCommand.php:207)
[stacktrace]
#0 C:/laragon/www/sportmate_pemwebII-main/sportmate/vendor/laravel/framework/src/Illuminate/Console/View/Components/Task.php(41): Illuminate/Console/Scheduling/ScheduleRunCommand->{closure:Illuminate/Console/Scheduling/ScheduleRunCommand::runEvent():191}()
#1 C:/laragon/www/sportmate_pemwebII-main/sportmate/vendor/laravel/framework/src/Illuminate/Console/View/Components/Factory.php(59): Illuminate/Console/View/Components/Task->render('<fg=gray>2026-0...', Object(Closure))
#2 C:/laragon/www/sportmate_pemwebII-main/sportmate/vendor/laravel/framework/src/Illuminate/Console/Scheduling/ScheduleRunCommand.php(191): Illuminate/Console/View/Components/Factory->__call('task', Array)
#3 C:/laragon/www/sportmate_pemwebII-main/sportmate/vendor/laravel/framework/src/Illuminate/Console/Scheduling/ScheduleRunCommand.php(134): Illuminate/Console/Scheduling/ScheduleRunCommand->runEvent(Object(Illuminate/Console/Scheduling/Event))
#4 C:/laragon/www/sportmate_pemwebII-main/sportmate/vendor/laravel/framework/src/Illuminate/Container/BoundMethod.php(36): Illuminate/Console/Scheduling/ScheduleRunCommand->handle(Object(Illuminate/Console/Scheduling/Schedule), Object(Illuminate/Events/Dispatcher), Object(Illuminate/Cache/Repository), Object(NunoMaduro/Collision/Adapters/Laravel/ExceptionHandler))
#5 C:/laragon/www/sportmate_pemwebII-main/sportmate/vendor/laravel/framework/src/Illuminate/Container/Util.php(43): Illuminate/Container/BoundMethod::{closure:Illuminate/Container/BoundMethod::call():35}()
#6 C:/laragon/www/sportmate_pemwebII-main/sportmate/vendor/laravel/framework/src/Illuminate/Container/BoundMethod.php(96): Illuminate/Container/Util::unwrapIfClosure(Object(Closure))
#7 C:/laragon/www/sportmate_pemwebII-main/sportmate/vendor/laravel/framework/src/Illuminate/Container/BoundMethod.php(35): Illuminate/Container/BoundMethod::callBoundMethod(Object(Illuminate/Foundation/Application), Array, Object(Closure))
#8 C:/laragon/www/sportmate_pemwebII-main/sportmate/vendor/laravel/framework/src/Illuminate/Container/Container.php(799): Illuminate/Container/BoundMethod::call(Object(Illuminate/Foundation/Application), Array, Array, NULL)
#9 C:/laragon/www/sportmate_pemwebII-main/sportmate/vendor/laravel/framework/src/Illuminate/Console/Command.php(211): Illuminate/Container/Container->call(Array)
#10 C:/laragon/www/sportmate_pemwebII-main/sportmate/vendor/symfony/console/Command/Command.php(341): Illuminate/Console/Command->execute(Object(Symfony/Component/Console/Input/ArgvInput), Object(Illuminate/Console/OutputStyle))
#11 C:/laragon/www/sportmate_pemwebII-main/sportmate/vendor/laravel/framework/src/Illuminate/Console/Command.php(180): Symfony/Component/Console/Command/Command->run(Object(Symfony/Component/Console/Input/ArgvInput), Object(Illuminate/Console/OutputStyle))
#12 C:/laragon/www/sportmate_pemwebII-main/sportmate/vendor/symfony/console/Application.php(1117): Illuminate/Console/Command->run(Object(Symfony/Component/Console/Input/ArgvInput), Object(Symfony/Component/Console/Output/ConsoleOutput))
#13 C:/laragon/www/sportmate_pemwebII-main/sportmate/vendor/symfony/console/Application.php(356): Symfony/Component/Console/Application->doRunCommand(Object(Illuminate/Console/Scheduling/ScheduleRunCommand), Object(Symfony/Component/Console/Input/ArgvInput), Object(Symfony/Component/Console/Output/ConsoleOutput))
#14 C:/laragon/www/sportmate_pemwebII-main/sportmate/vendor/symfony/console/Application.php(195): Symfony/Component/Console/Application->doRun(Object(Symfony/Component/Console/Input/ArgvInput), Object(Symfony/Component/Console/Output/ConsoleOutput))
#15 C:/laragon/www/sportmate_pemwebII-main/sportmate/vendor/laravel/framework/src/Illuminate/Foundation/Console/Kernel.php(198): Symfony/Component/Console/Application->run(Object(Symfony/Component/Console/Input/ArgvInput), Object(Symfony/Component/Console/Output/ConsoleOutput))
#16 C:/laragon/www/sportmate_pemwebII-main/sportmate/vendor/laravel/framework/src/Illuminate/Foundation/Application.php(1235): Illuminate/Foundation/Console/Kernel->handle(Object(Symfony/Component/Console/Input/ArgvInput), Object(Symfony/Component/Console/Output/ConsoleOutput))
#17 C:/laragon/www/sportmate_pemwebII-main/sportmate/artisan(14): Illuminate/Foundation/Application->handleCommand(Object(Symfony/Component/Console/Input/ArgvInput))
#18 {main}
"} 
[2026-07-10 01:45:02] local.ERROR: Command "event:update-status" is not defined.

Did you mean one of these?
    event:cache
    event:clear
    event:list {"exception":"[object] (Symfony\\Component\\Console\\Exception\\CommandNotFoundException(code: 0): Command \"event:update-status\" is not defined.

Did you mean one of these?
    event:cache
    event:clear
    event:list at C:/laragon/www/sportmate_pemwebII-main/sportmate/vendor/symfony/console/Application.php:759)
[stacktrace]
#0 C:/laragon/www/sportmate_pemwebII-main/sportmate/vendor/symfony/console/Application.php(298): Symfony/Component/Console/Application->find('event:update-st...')
#1 C:/laragon/www/sportmate_pemwebII-main/sportmate/vendor/symfony/console/Application.php(195): Symfony/Component/Console/Application->doRun(Object(Symfony/Component/Console/Input/ArgvInput), Object(Symfony/Component/Console/Output/ConsoleOutput))
#2 C:/laragon/www/sportmate_pemwebII-main/sportmate/vendor/laravel/framework/src/Illuminate/Foundation/Console/Kernel.php(198): Symfony/Component/Console/Application->run(Object(Symfony/Component/Console/Input/ArgvInput), Object(Symfony/Component/Console/Output/ConsoleOutput))
#3 C:/laragon/www/sportmate_pemwebII-main/sportmate/vendor/laravel/framework/src/Illuminate/Foundation/Application.php(1235): Illuminate/Foundation/Console/Kernel->handle(Object(Symfony/Component/Console/Input/ArgvInput), Object(Symfony/Component/Console/Output/ConsoleOutput))
#4 C:/laragon/www/sportmate_pemwebII-main/sportmate/artisan(14): Illuminate/Foundation/Application->handleCommand(Object(Symfony/Component/Console/Input/ArgvInput))
#5 {main}
"} 
[2026-07-10 01:45:02] local.ERROR: Scheduled command ["C:\laragon\bin\php\php-8.4.19-Win32-vs17-x64\php.exe" "artisan" event:update-status] failed with exit code [1]. {"exception":"[object] (Exception(code: 0): Scheduled command [\"C:\\laragon\\bin\\php\\php-8.4.19-Win32-vs17-x64\\php.exe\" \"artisan\" event:update-status] failed with exit code [1]. at C:/laragon/www/sportmate_pemwebII-main/sportmate/vendor/laravel/framework/src/Illuminate/Console/Scheduling/ScheduleRunCommand.php:207)
[stacktrace]
#0 C:/laragon/www/sportmate_pemwebII-main/sportmate/vendor/laravel/framework/src/Illuminate/Console/View/Components/Task.php(41): Illuminate/Console/Scheduling/ScheduleRunCommand->{closure:Illuminate/Console/Scheduling/ScheduleRunCommand::runEvent():191}()
#1 C:/laragon/www/sportmate_pemwebII-main/sportmate/vendor/laravel/framework/src/Illuminate/Console/View/Components/Factory.php(59): Illuminate/Console/View/Components/Task->render('<fg=gray>2026-0...', Object(Closure))
#2 C:/laragon/www/sportmate_pemwebII-main/sportmate/vendor/laravel/framework/src/Illuminate/Console/Scheduling/ScheduleRunCommand.php(191): Illuminate/Console/View/Components/Factory->__call('task', Array)
#3 C:/laragon/www/sportmate_pemwebII-main/sportmate/vendor/laravel/framework/src/Illuminate/Console/Scheduling/ScheduleRunCommand.php(134): Illuminate/Console/Scheduling/ScheduleRunCommand->runEvent(Object(Illuminate/Console/Scheduling/Event))
#4 C:/laragon/www/sportmate_pemwebII-main/sportmate/vendor/laravel/framework/src/Illuminate/Container/BoundMethod.php(36): Illuminate/Console/Scheduling/ScheduleRunCommand->handle(Object(Illuminate/Console/Scheduling/Schedule), Object(Illuminate/Events/Dispatcher), Object(Illuminate/Cache/Repository), Object(NunoMaduro/Collision/Adapters/Laravel/ExceptionHandler))
#5 C:/laragon/www/sportmate_pemwebII-main/sportmate/vendor/laravel/framework/src/Illuminate/Container/Util.php(43): Illuminate/Container/BoundMethod::{closure:Illuminate/Container/BoundMethod::call():35}()
#6 C:/laragon/www/sportmate_pemwebII-main/sportmate/vendor/laravel/framework/src/Illuminate/Container/BoundMethod.php(96): Illuminate/Container/Util::unwrapIfClosure(Object(Closure))
#7 C:/laragon/www/sportmate_pemwebII-main/sportmate/vendor/laravel/framework/src/Illuminate/Container/BoundMethod.php(35): Illuminate/Container/BoundMethod::callBoundMethod(Object(Illuminate/Foundation/Application), Array, Object(Closure))
#8 C:/laragon/www/sportmate_pemwebII-main/sportmate/vendor/laravel/framework/src/Illuminate/Container/Container.php(799): Illuminate/Container/BoundMethod::call(Object(Illuminate/Foundation/Application), Array, Array, NULL)
#9 C:/laragon/www/sportmate_pemwebII-main/sportmate/vendor/laravel/framework/src/Illuminate/Console/Command.php(211): Illuminate/Container/Container->call(Array)
#10 C:/laragon/www/sportmate_pemwebII-main/sportmate/vendor/symfony/console/Command/Command.php(341): Illuminate/Console/Command->execute(Object(Symfony/Component/Console/Input/ArgvInput), Object(Illuminate/Console/OutputStyle))
#11 C:/laragon/www/sportmate_pemwebII-main/sportmate/vendor/laravel/framework/src/Illuminate/Console/Command.php(180): Symfony/Component/Console/Command/Command->run(Object(Symfony/Component/Console/Input/ArgvInput), Object(Illuminate/Console/OutputStyle))
#12 C:/laragon/www/sportmate_pemwebII-main/sportmate/vendor/symfony/console/Application.php(1117): Illuminate/Console/Command->run(Object(Symfony/Component/Console/Input/ArgvInput), Object(Symfony/Component/Console/Output/ConsoleOutput))
#13 C:/laragon/www/sportmate_pemwebII-main/sportmate/vendor/symfony/console/Application.php(356): Symfony/Component/Console/Application->doRunCommand(Object(Illuminate/Console/Scheduling/ScheduleRunCommand), Object(Symfony/Component/Console/Input/ArgvInput), Object(Symfony/Component/Console/Output/ConsoleOutput))
#14 C:/laragon/www/sportmate_pemwebII-main/sportmate/vendor/symfony/console/Application.php(195): Symfony/Component/Console/Application->doRun(Object(Symfony/Component/Console/Input/ArgvInput), Object(Symfony/Component/Console/Output/ConsoleOutput))
#15 C:/laragon/www/sportmate_pemwebII-main/sportmate/vendor/laravel/framework/src/Illuminate/Foundation/Console/Kernel.php(198): Symfony/Component/Console/Application->run(Object(Symfony/Component/Console/Input/ArgvInput), Object(Symfony/Component/Console/Output/ConsoleOutput))
#16 C:/laragon/www/sportmate_pemwebII-main/sportmate/vendor/laravel/framework/src/Illuminate/Foundation/Application.php(1235): Illuminate/Foundation/Console/Kernel->handle(Object(Symfony/Component/Console/Input/ArgvInput), Object(Symfony/Component/Console/Output/ConsoleOutput))
#17 C:/laragon/www/sportmate_pemwebII-main/sportmate/artisan(14): Illuminate/Foundation/Application->handleCommand(Object(Symfony/Component/Console/Input/ArgvInput))
#18 {main}
"} 
[2026-07-10 01:46:02] local.ERROR: Command "event:update-status" is not defined.

Did you mean one of these?
    event:cache
    event:clear
    event:list {"exception":"[object] (Symfony\\Component\\Console\\Exception\\CommandNotFoundException(code: 0): Command \"event:update-status\" is not defined.

Did you mean one of these?
    event:cache
    event:clear
    event:list at C:/laragon/www/sportmate_pemwebII-main/sportmate/vendor/symfony/console/Application.php:759)
[stacktrace]
#0 C:/laragon/www/sportmate_pemwebII-main/sportmate/vendor/symfony/console/Application.php(298): Symfony/Component/Console/Application->find('event:update-st...')
#1 C:/laragon/www/sportmate_pemwebII-main/sportmate/vendor/symfony/console/Application.php(195): Symfony/Component/Console/Application->doRun(Object(Symfony/Component/Console/Input/ArgvInput), Object(Symfony/Component/Console/Output/ConsoleOutput))
#2 C:/laragon/www/sportmate_pemwebII-main/sportmate/vendor/laravel/framework/src/Illuminate/Foundation/Console/Kernel.php(198): Symfony/Component/Console/Application->run(Object(Symfony/Component/Console/Input/ArgvInput), Object(Symfony/Component/Console/Output/ConsoleOutput))
#3 C:/laragon/www/sportmate_pemwebII-main/sportmate/vendor/laravel/framework/src/Illuminate/Foundation/Application.php(1235): Illuminate/Foundation/Console/Kernel->handle(Object(Symfony/Component/Console/Input/ArgvInput), Object(Symfony/Component/Console/Output/ConsoleOutput))
#4 C:/laragon/www/sportmate_pemwebII-main/sportmate/artisan(14): Illuminate/Foundation/Application->handleCommand(Object(Symfony/Component/Console/Input/ArgvInput))
#5 {main}
"} 
[2026-07-10 01:46:02] local.ERROR: Scheduled command ["C:\laragon\bin\php\php-8.4.19-Win32-vs17-x64\php.exe" "artisan" event:update-status] failed with exit code [1]. {"exception":"[object] (Exception(code: 0): Scheduled command [\"C:\\laragon\\bin\\php\\php-8.4.19-Win32-vs17-x64\\php.exe\" \"artisan\" event:update-status] failed with exit code [1]. at C:/laragon/www/sportmate_pemwebII-main/sportmate/vendor/laravel/framework/src/Illuminate/Console/Scheduling/ScheduleRunCommand.php:207)
[stacktrace]
#0 C:/laragon/www/sportmate_pemwebII-main/sportmate/vendor/laravel/framework/src/Illuminate/Console/View/Components/Task.php(41): Illuminate/Console/Scheduling/ScheduleRunCommand->{closure:Illuminate/Console/Scheduling/ScheduleRunCommand::runEvent():191}()
#1 C:/laragon/www/sportmate_pemwebII-main/sportmate/vendor/laravel/framework/src/Illuminate/Console/View/Components/Factory.php(59): Illuminate/Console/View/Components/Task->render('<fg=gray>2026-0...', Object(Closure))
#2 C:/laragon/www/sportmate_pemwebII-main/sportmate/vendor/laravel/framework/src/Illuminate/Console/Scheduling/ScheduleRunCommand.php(191): Illuminate/Console/View/Components/Factory->__call('task', Array)
#3 C:/laragon/www/sportmate_pemwebII-main/sportmate/vendor/laravel/framework/src/Illuminate/Console/Scheduling/ScheduleRunCommand.php(134): Illuminate/Console/Scheduling/ScheduleRunCommand->runEvent(Object(Illuminate/Console/Scheduling/Event))
#4 C:/laragon/www/sportmate_pemwebII-main/sportmate/vendor/laravel/framework/src/Illuminate/Container/BoundMethod.php(36): Illuminate/Console/Scheduling/ScheduleRunCommand->handle(Object(Illuminate/Console/Scheduling/Schedule), Object(Illuminate/Events/Dispatcher), Object(Illuminate/Cache/Repository), Object(NunoMaduro/Collision/Adapters/Laravel/ExceptionHandler))
#5 C:/laragon/www/sportmate_pemwebII-main/sportmate/vendor/laravel/framework/src/Illuminate/Container/Util.php(43): Illuminate/Container/BoundMethod::{closure:Illuminate/Container/BoundMethod::call():35}()
#6 C:/laragon/www/sportmate_pemwebII-main/sportmate/vendor/laravel/framework/src/Illuminate/Container/BoundMethod.php(96): Illuminate/Container/Util::unwrapIfClosure(Object(Closure))
#7 C:/laragon/www/sportmate_pemwebII-main/sportmate/vendor/laravel/framework/src/Illuminate/Container/BoundMethod.php(35): Illuminate/Container/BoundMethod::callBoundMethod(Object(Illuminate/Foundation/Application), Array, Object(Closure))
#8 C:/laragon/www/sportmate_pemwebII-main/sportmate/vendor/laravel/framework/src/Illuminate/Container/Container.php(799): Illuminate/Container/BoundMethod::call(Object(Illuminate/Foundation/Application), Array, Array, NULL)
#9 C:/laragon/www/sportmate_pemwebII-main/sportmate/vendor/laravel/framework/src/Illuminate/Console/Command.php(211): Illuminate/Container/Container->call(Array)
#10 C:/laragon/www/sportmate_pemwebII-main/sportmate/vendor/symfony/console/Command/Command.php(341): Illuminate/Console/Command->execute(Object(Symfony/Component/Console/Input/ArgvInput), Object(Illuminate/Console/OutputStyle))
#11 C:/laragon/www/sportmate_pemwebII-main/sportmate/vendor/laravel/framework/src/Illuminate/Console/Command.php(180): Symfony/Component/Console/Command/Command->run(Object(Symfony/Component/Console/Input/ArgvInput), Object(Illuminate/Console/OutputStyle))
#12 C:/laragon/www/sportmate_pemwebII-main/sportmate/vendor/symfony/console/Application.php(1117): Illuminate/Console/Command->run(Object(Symfony/Component/Console/Input/ArgvInput), Object(Symfony/Component/Console/Output/ConsoleOutput))
#13 C:/laragon/www/sportmate_pemwebII-main/sportmate/vendor/symfony/console/Application.php(356): Symfony/Component/Console/Application->doRunCommand(Object(Illuminate/Console/Scheduling/ScheduleRunCommand), Object(Symfony/Component/Console/Input/ArgvInput), Object(Symfony/Component/Console/Output/ConsoleOutput))
#14 C:/laragon/www/sportmate_pemwebII-main/sportmate/vendor/symfony/console/Application.php(195): Symfony/Component/Console/Application->doRun(Object(Symfony/Component/Console/Input/ArgvInput), Object(Symfony/Component/Console/Output/ConsoleOutput))
#15 C:/laragon/www/sportmate_pemwebII-main/sportmate/vendor/laravel/framework/src/Illuminate/Foundation/Console/Kernel.php(198): Symfony/Component/Console/Application->run(Object(Symfony/Component/Console/Input/ArgvInput), Object(Symfony/Component/Console/Output/ConsoleOutput))
#16 C:/laragon/www/sportmate_pemwebII-main/sportmate/vendor/laravel/framework/src/Illuminate/Foundation/Application.php(1235): Illuminate/Foundation/Console/Kernel->handle(Object(Symfony/Component/Console/Input/ArgvInput), Object(Symfony/Component/Console/Output/ConsoleOutput))
#17 C:/laragon/www/sportmate_pemwebII-main/sportmate/artisan(14): Illuminate/Foundation/Application->handleCommand(Object(Symfony/Component/Console/Input/ArgvInput))
#18 {main}
"} 
[2026-07-10 01:47:02] local.ERROR: Command "event:update-status" is not defined.

Did you mean one of these?
    event:cache
    event:clear
    event:list {"exception":"[object] (Symfony\\Component\\Console\\Exception\\CommandNotFoundException(code: 0): Command \"event:update-status\" is not defined.

Did you mean one of these?
    event:cache
    event:clear
    event:list at C:/laragon/www/sportmate_pemwebII-main/sportmate/vendor/symfony/console/Application.php:759)
[stacktrace]
#0 C:/laragon/www/sportmate_pemwebII-main/sportmate/vendor/symfony/console/Application.php(298): Symfony/Component/Console/Application->find('event:update-st...')
#1 C:/laragon/www/sportmate_pemwebII-main/sportmate/vendor/symfony/console/Application.php(195): Symfony/Component/Console/Application->doRun(Object(Symfony/Component/Console/Input/ArgvInput), Object(Symfony/Component/Console/Output/ConsoleOutput))
#2 C:/laragon/www/sportmate_pemwebII-main/sportmate/vendor/laravel/framework/src/Illuminate/Foundation/Console/Kernel.php(198): Symfony/Component/Console/Application->run(Object(Symfony/Component/Console/Input/ArgvInput), Object(Symfony/Component/Console/Output/ConsoleOutput))
#3 C:/laragon/www/sportmate_pemwebII-main/sportmate/vendor/laravel/framework/src/Illuminate/Foundation/Application.php(1235): Illuminate/Foundation/Console/Kernel->handle(Object(Symfony/Component/Console/Input/ArgvInput), Object(Symfony/Component/Console/Output/ConsoleOutput))
#4 C:/laragon/www/sportmate_pemwebII-main/sportmate/artisan(14): Illuminate/Foundation/Application->handleCommand(Object(Symfony/Component/Console/Input/ArgvInput))
#5 {main}
"} 
[2026-07-10 01:47:02] local.ERROR: Scheduled command ["C:\laragon\bin\php\php-8.4.19-Win32-vs17-x64\php.exe" "artisan" event:update-status] failed with exit code [1]. {"exception":"[object] (Exception(code: 0): Scheduled command [\"C:\\laragon\\bin\\php\\php-8.4.19-Win32-vs17-x64\\php.exe\" \"artisan\" event:update-status] failed with exit code [1]. at C:/laragon/www/sportmate_pemwebII-main/sportmate/vendor/laravel/framework/src/Illuminate/Console/Scheduling/ScheduleRunCommand.php:207)
[stacktrace]
#0 C:/laragon/www/sportmate_pemwebII-main/sportmate/vendor/laravel/framework/src/Illuminate/Console/View/Components/Task.php(41): Illuminate/Console/Scheduling/ScheduleRunCommand->{closure:Illuminate/Console/Scheduling/ScheduleRunCommand::runEvent():191}()
#1 C:/laragon/www/sportmate_pemwebII-main/sportmate/vendor/laravel/framework/src/Illuminate/Console/View/Components/Factory.php(59): Illuminate/Console/View/Components/Task->render('<fg=gray>2026-0...', Object(Closure))
#2 C:/laragon/www/sportmate_pemwebII-main/sportmate/vendor/laravel/framework/src/Illuminate/Console/Scheduling/ScheduleRunCommand.php(191): Illuminate/Console/View/Components/Factory->__call('task', Array)
#3 C:/laragon/www/sportmate_pemwebII-main/sportmate/vendor/laravel/framework/src/Illuminate/Console/Scheduling/ScheduleRunCommand.php(134): Illuminate/Console/Scheduling/ScheduleRunCommand->runEvent(Object(Illuminate/Console/Scheduling/Event))
#4 C:/laragon/www/sportmate_pemwebII-main/sportmate/vendor/laravel/framework/src/Illuminate/Container/BoundMethod.php(36): Illuminate/Console/Scheduling/ScheduleRunCommand->handle(Object(Illuminate/Console/Scheduling/Schedule), Object(Illuminate/Events/Dispatcher), Object(Illuminate/Cache/Repository), Object(NunoMaduro/Collision/Adapters/Laravel/ExceptionHandler))
#5 C:/laragon/www/sportmate_pemwebII-main/sportmate/vendor/laravel/framework/src/Illuminate/Container/Util.php(43): Illuminate/Container/BoundMethod::{closure:Illuminate/Container/BoundMethod::call():35}()
#6 C:/laragon/www/sportmate_pemwebII-main/sportmate/vendor/laravel/framework/src/Illuminate/Container/BoundMethod.php(96): Illuminate/Container/Util::unwrapIfClosure(Object(Closure))
#7 C:/laragon/www/sportmate_pemwebII-main/sportmate/vendor/laravel/framework/src/Illuminate/Container/BoundMethod.php(35): Illuminate/Container/BoundMethod::callBoundMethod(Object(Illuminate/Foundation/Application), Array, Object(Closure))
#8 C:/laragon/www/sportmate_pemwebII-main/sportmate/vendor/laravel/framework/src/Illuminate/Container/Container.php(799): Illuminate/Container/BoundMethod::call(Object(Illuminate/Foundation/Application), Array, Array, NULL)
#9 C:/laragon/www/sportmate_pemwebII-main/sportmate/vendor/laravel/framework/src/Illuminate/Console/Command.php(211): Illuminate/Container/Container->call(Array)
#10 C:/laragon/www/sportmate_pemwebII-main/sportmate/vendor/symfony/console/Command/Command.php(341): Illuminate/Console/Command->execute(Object(Symfony/Component/Console/Input/ArgvInput), Object(Illuminate/Console/OutputStyle))
#11 C:/laragon/www/sportmate_pemwebII-main/sportmate/vendor/laravel/framework/src/Illuminate/Console/Command.php(180): Symfony/Component/Console/Command/Command->run(Object(Symfony/Component/Console/Input/ArgvInput), Object(Illuminate/Console/OutputStyle))
#12 C:/laragon/www/sportmate_pemwebII-main/sportmate/vendor/symfony/console/Application.php(1117): Illuminate/Console/Command->run(Object(Symfony/Component/Console/Input/ArgvInput), Object(Symfony/Component/Console/Output/ConsoleOutput))
#13 C:/laragon/www/sportmate_pemwebII-main/sportmate/vendor/symfony/console/Application.php(356): Symfony/Component/Console/Application->doRunCommand(Object(Illuminate/Console/Scheduling/ScheduleRunCommand), Object(Symfony/Component/Console/Input/ArgvInput), Object(Symfony/Component/Console/Output/ConsoleOutput))
#14 C:/laragon/www/sportmate_pemwebII-main/sportmate/vendor/symfony/console/Application.php(195): Symfony/Component/Console/Application->doRun(Object(Symfony/Component/Console/Input/ArgvInput), Object(Symfony/Component/Console/Output/ConsoleOutput))
#15 C:/laragon/www/sportmate_pemwebII-main/sportmate/vendor/laravel/framework/src/Illuminate/Foundation/Console/Kernel.php(198): Symfony/Component/Console/Application->run(Object(Symfony/Component/Console/Input/ArgvInput), Object(Symfony/Component/Console/Output/ConsoleOutput))
#16 C:/laragon/www/sportmate_pemwebII-main/sportmate/vendor/laravel/framework/src/Illuminate/Foundation/Application.php(1235): Illuminate/Foundation/Console/Kernel->handle(Object(Symfony/Component/Console/Input/ArgvInput), Object(Symfony/Component/Console/Output/ConsoleOutput))
#17 C:/laragon/www/sportmate_pemwebII-main/sportmate/artisan(14): Illuminate/Foundation/Application->handleCommand(Object(Symfony/Component/Console/Input/ArgvInput))
#18 {main}
"} 
[2026-07-10 01:48:02] local.ERROR: Command "event:update-status" is not defined.

Did you mean one of these?
    event:cache
    event:clear
    event:list {"exception":"[object] (Symfony\\Component\\Console\\Exception\\CommandNotFoundException(code: 0): Command \"event:update-status\" is not defined.

Did you mean one of these?
    event:cache
    event:clear
    event:list at C:/laragon/www/sportmate_pemwebII-main/sportmate/vendor/symfony/console/Application.php:759)
[stacktrace]
#0 C:/laragon/www/sportmate_pemwebII-main/sportmate/vendor/symfony/console/Application.php(298): Symfony/Component/Console/Application->find('event:update-st...')
#1 C:/laragon/www/sportmate_pemwebII-main/sportmate/vendor/symfony/console/Application.php(195): Symfony/Component/Console/Application->doRun(Object(Symfony/Component/Console/Input/ArgvInput), Object(Symfony/Component/Console/Output/ConsoleOutput))
#2 C:/laragon/www/sportmate_pemwebII-main/sportmate/vendor/laravel/framework/src/Illuminate/Foundation/Console/Kernel.php(198): Symfony/Component/Console/Application->run(Object(Symfony/Component/Console/Input/ArgvInput), Object(Symfony/Component/Console/Output/ConsoleOutput))
#3 C:/laragon/www/sportmate_pemwebII-main/sportmate/vendor/laravel/framework/src/Illuminate/Foundation/Application.php(1235): Illuminate/Foundation/Console/Kernel->handle(Object(Symfony/Component/Console/Input/ArgvInput), Object(Symfony/Component/Console/Output/ConsoleOutput))
#4 C:/laragon/www/sportmate_pemwebII-main/sportmate/artisan(14): Illuminate/Foundation/Application->handleCommand(Object(Symfony/Component/Console/Input/ArgvInput))
#5 {main}
"} 
[2026-07-10 01:48:03] local.ERROR: Scheduled command ["C:\laragon\bin\php\php-8.4.19-Win32-vs17-x64\php.exe" "artisan" event:update-status] failed with exit code [1]. {"exception":"[object] (Exception(code: 0): Scheduled command [\"C:\\laragon\\bin\\php\\php-8.4.19-Win32-vs17-x64\\php.exe\" \"artisan\" event:update-status] failed with exit code [1]. at C:/laragon/www/sportmate_pemwebII-main/sportmate/vendor/laravel/framework/src/Illuminate/Console/Scheduling/ScheduleRunCommand.php:207)
[stacktrace]
#0 C:/laragon/www/sportmate_pemwebII-main/sportmate/vendor/laravel/framework/src/Illuminate/Console/View/Components/Task.php(41): Illuminate/Console/Scheduling/ScheduleRunCommand->{closure:Illuminate/Console/Scheduling/ScheduleRunCommand::runEvent():191}()
#1 C:/laragon/www/sportmate_pemwebII-main/sportmate/vendor/laravel/framework/src/Illuminate/Console/View/Components/Factory.php(59): Illuminate/Console/View/Components/Task->render('<fg=gray>2026-0...', Object(Closure))
#2 C:/laragon/www/sportmate_pemwebII-main/sportmate/vendor/laravel/framework/src/Illuminate/Console/Scheduling/ScheduleRunCommand.php(191): Illuminate/Console/View/Components/Factory->__call('task', Array)
#3 C:/laragon/www/sportmate_pemwebII-main/sportmate/vendor/laravel/framework/src/Illuminate/Console/Scheduling/ScheduleRunCommand.php(134): Illuminate/Console/Scheduling/ScheduleRunCommand->runEvent(Object(Illuminate/Console/Scheduling/Event))
#4 C:/laragon/www/sportmate_pemwebII-main/sportmate/vendor/laravel/framework/src/Illuminate/Container/BoundMethod.php(36): Illuminate/Console/Scheduling/ScheduleRunCommand->handle(Object(Illuminate/Console/Scheduling/Schedule), Object(Illuminate/Events/Dispatcher), Object(Illuminate/Cache/Repository), Object(NunoMaduro/Collision/Adapters/Laravel/ExceptionHandler))
#5 C:/laragon/www/sportmate_pemwebII-main/sportmate/vendor/laravel/framework/src/Illuminate/Container/Util.php(43): Illuminate/Container/BoundMethod::{closure:Illuminate/Container/BoundMethod::call():35}()
#6 C:/laragon/www/sportmate_pemwebII-main/sportmate/vendor/laravel/framework/src/Illuminate/Container/BoundMethod.php(96): Illuminate/Container/Util::unwrapIfClosure(Object(Closure))
#7 C:/laragon/www/sportmate_pemwebII-main/sportmate/vendor/laravel/framework/src/Illuminate/Container/BoundMethod.php(35): Illuminate/Container/BoundMethod::callBoundMethod(Object(Illuminate/Foundation/Application), Array, Object(Closure))
#8 C:/laragon/www/sportmate_pemwebII-main/sportmate/vendor/laravel/framework/src/Illuminate/Container/Container.php(799): Illuminate/Container/BoundMethod::call(Object(Illuminate/Foundation/Application), Array, Array, NULL)
#9 C:/laragon/www/sportmate_pemwebII-main/sportmate/vendor/laravel/framework/src/Illuminate/Console/Command.php(211): Illuminate/Container/Container->call(Array)
#10 C:/laragon/www/sportmate_pemwebII-main/sportmate/vendor/symfony/console/Command/Command.php(341): Illuminate/Console/Command->execute(Object(Symfony/Component/Console/Input/ArgvInput), Object(Illuminate/Console/OutputStyle))
#11 C:/laragon/www/sportmate_pemwebII-main/sportmate/vendor/laravel/framework/src/Illuminate/Console/Command.php(180): Symfony/Component/Console/Command/Command->run(Object(Symfony/Component/Console/Input/ArgvInput), Object(Illuminate/Console/OutputStyle))
#12 C:/laragon/www/sportmate_pemwebII-main/sportmate/vendor/symfony/console/Application.php(1117): Illuminate/Console/Command->run(Object(Symfony/Component/Console/Input/ArgvInput), Object(Symfony/Component/Console/Output/ConsoleOutput))
#13 C:/laragon/www/sportmate_pemwebII-main/sportmate/vendor/symfony/console/Application.php(356): Symfony/Component/Console/Application->doRunCommand(Object(Illuminate/Console/Scheduling/ScheduleRunCommand), Object(Symfony/Component/Console/Input/ArgvInput), Object(Symfony/Component/Console/Output/ConsoleOutput))
#14 C:/laragon/www/sportmate_pemwebII-main/sportmate/vendor/symfony/console/Application.php(195): Symfony/Component/Console/Application->doRun(Object(Symfony/Component/Console/Input/ArgvInput), Object(Symfony/Component/Console/Output/ConsoleOutput))
#15 C:/laragon/www/sportmate_pemwebII-main/sportmate/vendor/laravel/framework/src/Illuminate/Foundation/Console/Kernel.php(198): Symfony/Component/Console/Application->run(Object(Symfony/Component/Console/Input/ArgvInput), Object(Symfony/Component/Console/Output/ConsoleOutput))
#16 C:/laragon/www/sportmate_pemwebII-main/sportmate/vendor/laravel/framework/src/Illuminate/Foundation/Application.php(1235): Illuminate/Foundation/Console/Kernel->handle(Object(Symfony/Component/Console/Input/ArgvInput), Object(Symfony/Component/Console/Output/ConsoleOutput))
#17 C:/laragon/www/sportmate_pemwebII-main/sportmate/artisan(14): Illuminate/Foundation/Application->handleCommand(Object(Symfony/Component/Console/Input/ArgvInput))
#18 {main}
"} 
[2026-07-10 01:49:02] local.ERROR: Command "event:update-status" is not defined.

Did you mean one of these?
    event:cache
    event:clear
    event:list {"exception":"[object] (Symfony\\Component\\Console\\Exception\\CommandNotFoundException(code: 0): Command \"event:update-status\" is not defined.

Did you mean one of these?
    event:cache
    event:clear
    event:list at C:/laragon/www/sportmate_pemwebII-main/sportmate/vendor/symfony/console/Application.php:759)
[stacktrace]
#0 C:/laragon/www/sportmate_pemwebII-main/sportmate/vendor/symfony/console/Application.php(298): Symfony/Component/Console/Application->find('event:update-st...')
#1 C:/laragon/www/sportmate_pemwebII-main/sportmate/vendor/symfony/console/Application.php(195): Symfony/Component/Console/Application->doRun(Object(Symfony/Component/Console/Input/ArgvInput), Object(Symfony/Component/Console/Output/ConsoleOutput))
#2 C:/laragon/www/sportmate_pemwebII-main/sportmate/vendor/laravel/framework/src/Illuminate/Foundation/Console/Kernel.php(198): Symfony/Component/Console/Application->run(Object(Symfony/Component/Console/Input/ArgvInput), Object(Symfony/Component/Console/Output/ConsoleOutput))
#3 C:/laragon/www/sportmate_pemwebII-main/sportmate/vendor/laravel/framework/src/Illuminate/Foundation/Application.php(1235): Illuminate/Foundation/Console/Kernel->handle(Object(Symfony/Component/Console/Input/ArgvInput), Object(Symfony/Component/Console/Output/ConsoleOutput))
#4 C:/laragon/www/sportmate_pemwebII-main/sportmate/artisan(14): Illuminate/Foundation/Application->handleCommand(Object(Symfony/Component/Console/Input/ArgvInput))
#5 {main}
"} 
[2026-07-10 01:49:02] local.ERROR: Scheduled command ["C:\laragon\bin\php\php-8.4.19-Win32-vs17-x64\php.exe" "artisan" event:update-status] failed with exit code [1]. {"exception":"[object] (Exception(code: 0): Scheduled command [\"C:\\laragon\\bin\\php\\php-8.4.19-Win32-vs17-x64\\php.exe\" \"artisan\" event:update-status] failed with exit code [1]. at C:/laragon/www/sportmate_pemwebII-main/sportmate/vendor/laravel/framework/src/Illuminate/Console/Scheduling/ScheduleRunCommand.php:207)
[stacktrace]
#0 C:/laragon/www/sportmate_pemwebII-main/sportmate/vendor/laravel/framework/src/Illuminate/Console/View/Components/Task.php(41): Illuminate/Console/Scheduling/ScheduleRunCommand->{closure:Illuminate/Console/Scheduling/ScheduleRunCommand::runEvent():191}()
#1 C:/laragon/www/sportmate_pemwebII-main/sportmate/vendor/laravel/framework/src/Illuminate/Console/View/Components/Factory.php(59): Illuminate/Console/View/Components/Task->render('<fg=gray>2026-0...', Object(Closure))
#2 C:/laragon/www/sportmate_pemwebII-main/sportmate/vendor/laravel/framework/src/Illuminate/Console/Scheduling/ScheduleRunCommand.php(191): Illuminate/Console/View/Components/Factory->__call('task', Array)
#3 C:/laragon/www/sportmate_pemwebII-main/sportmate/vendor/laravel/framework/src/Illuminate/Console/Scheduling/ScheduleRunCommand.php(134): Illuminate/Console/Scheduling/ScheduleRunCommand->runEvent(Object(Illuminate/Console/Scheduling/Event))
#4 C:/laragon/www/sportmate_pemwebII-main/sportmate/vendor/laravel/framework/src/Illuminate/Container/BoundMethod.php(36): Illuminate/Console/Scheduling/ScheduleRunCommand->handle(Object(Illuminate/Console/Scheduling/Schedule), Object(Illuminate/Events/Dispatcher), Object(Illuminate/Cache/Repository), Object(NunoMaduro/Collision/Adapters/Laravel/ExceptionHandler))
#5 C:/laragon/www/sportmate_pemwebII-main/sportmate/vendor/laravel/framework/src/Illuminate/Container/Util.php(43): Illuminate/Container/BoundMethod::{closure:Illuminate/Container/BoundMethod::call():35}()
#6 C:/laragon/www/sportmate_pemwebII-main/sportmate/vendor/laravel/framework/src/Illuminate/Container/BoundMethod.php(96): Illuminate/Container/Util::unwrapIfClosure(Object(Closure))
#7 C:/laragon/www/sportmate_pemwebII-main/sportmate/vendor/laravel/framework/src/Illuminate/Container/BoundMethod.php(35): Illuminate/Container/BoundMethod::callBoundMethod(Object(Illuminate/Foundation/Application), Array, Object(Closure))
#8 C:/laragon/www/sportmate_pemwebII-main/sportmate/vendor/laravel/framework/src/Illuminate/Container/Container.php(799): Illuminate/Container/BoundMethod::call(Object(Illuminate/Foundation/Application), Array, Array, NULL)
#9 C:/laragon/www/sportmate_pemwebII-main/sportmate/vendor/laravel/framework/src/Illuminate/Console/Command.php(211): Illuminate/Container/Container->call(Array)
#10 C:/laragon/www/sportmate_pemwebII-main/sportmate/vendor/symfony/console/Command/Command.php(341): Illuminate/Console/Command->execute(Object(Symfony/Component/Console/Input/ArgvInput), Object(Illuminate/Console/OutputStyle))
#11 C:/laragon/www/sportmate_pemwebII-main/sportmate/vendor/laravel/framework/src/Illuminate/Console/Command.php(180): Symfony/Component/Console/Command/Command->run(Object(Symfony/Component/Console/Input/ArgvInput), Object(Illuminate/Console/OutputStyle))
#12 C:/laragon/www/sportmate_pemwebII-main/sportmate/vendor/symfony/console/Application.php(1117): Illuminate/Console/Command->run(Object(Symfony/Component/Console/Input/ArgvInput), Object(Symfony/Component/Console/Output/ConsoleOutput))
#13 C:/laragon/www/sportmate_pemwebII-main/sportmate/vendor/symfony/console/Application.php(356): Symfony/Component/Console/Application->doRunCommand(Object(Illuminate/Console/Scheduling/ScheduleRunCommand), Object(Symfony/Component/Console/Input/ArgvInput), Object(Symfony/Component/Console/Output/ConsoleOutput))
#14 C:/laragon/www/sportmate_pemwebII-main/sportmate/vendor/symfony/console/Application.php(195): Symfony/Component/Console/Application->doRun(Object(Symfony/Component/Console/Input/ArgvInput), Object(Symfony/Component/Console/Output/ConsoleOutput))
#15 C:/laragon/www/sportmate_pemwebII-main/sportmate/vendor/laravel/framework/src/Illuminate/Foundation/Console/Kernel.php(198): Symfony/Component/Console/Application->run(Object(Symfony/Component/Console/Input/ArgvInput), Object(Symfony/Component/Console/Output/ConsoleOutput))
#16 C:/laragon/www/sportmate_pemwebII-main/sportmate/vendor/laravel/framework/src/Illuminate/Foundation/Application.php(1235): Illuminate/Foundation/Console/Kernel->handle(Object(Symfony/Component/Console/Input/ArgvInput), Object(Symfony/Component/Console/Output/ConsoleOutput))
#17 C:/laragon/www/sportmate_pemwebII-main/sportmate/artisan(14): Illuminate/Foundation/Application->handleCommand(Object(Symfony/Component/Console/Input/ArgvInput))
#18 {main}
"} 
[2026-07-10 01:50:02] local.ERROR: Command "event:update-status" is not defined.

Did you mean one of these?
    event:cache
    event:clear
    event:list {"exception":"[object] (Symfony\\Component\\Console\\Exception\\CommandNotFoundException(code: 0): Command \"event:update-status\" is not defined.

Did you mean one of these?
    event:cache
    event:clear
    event:list at C:/laragon/www/sportmate_pemwebII-main/sportmate/vendor/symfony/console/Application.php:759)
[stacktrace]
#0 C:/laragon/www/sportmate_pemwebII-main/sportmate/vendor/symfony/console/Application.php(298): Symfony/Component/Console/Application->find('event:update-st...')
#1 C:/laragon/www/sportmate_pemwebII-main/sportmate/vendor/symfony/console/Application.php(195): Symfony/Component/Console/Application->doRun(Object(Symfony/Component/Console/Input/ArgvInput), Object(Symfony/Component/Console/Output/ConsoleOutput))
#2 C:/laragon/www/sportmate_pemwebII-main/sportmate/vendor/laravel/framework/src/Illuminate/Foundation/Console/Kernel.php(198): Symfony/Component/Console/Application->run(Object(Symfony/Component/Console/Input/ArgvInput), Object(Symfony/Component/Console/Output/ConsoleOutput))
#3 C:/laragon/www/sportmate_pemwebII-main/sportmate/vendor/laravel/framework/src/Illuminate/Foundation/Application.php(1235): Illuminate/Foundation/Console/Kernel->handle(Object(Symfony/Component/Console/Input/ArgvInput), Object(Symfony/Component/Console/Output/ConsoleOutput))
#4 C:/laragon/www/sportmate_pemwebII-main/sportmate/artisan(14): Illuminate/Foundation/Application->handleCommand(Object(Symfony/Component/Console/Input/ArgvInput))
#5 {main}
"} 
[2026-07-10 01:50:02] local.ERROR: Scheduled command ["C:\laragon\bin\php\php-8.4.19-Win32-vs17-x64\php.exe" "artisan" event:update-status] failed with exit code [1]. {"exception":"[object] (Exception(code: 0): Scheduled command [\"C:\\laragon\\bin\\php\\php-8.4.19-Win32-vs17-x64\\php.exe\" \"artisan\" event:update-status] failed with exit code [1]. at C:/laragon/www/sportmate_pemwebII-main/sportmate/vendor/laravel/framework/src/Illuminate/Console/Scheduling/ScheduleRunCommand.php:207)
[stacktrace]
#0 C:/laragon/www/sportmate_pemwebII-main/sportmate/vendor/laravel/framework/src/Illuminate/Console/View/Components/Task.php(41): Illuminate/Console/Scheduling/ScheduleRunCommand->{closure:Illuminate/Console/Scheduling/ScheduleRunCommand::runEvent():191}()
#1 C:/laragon/www/sportmate_pemwebII-main/sportmate/vendor/laravel/framework/src/Illuminate/Console/View/Components/Factory.php(59): Illuminate/Console/View/Components/Task->render('<fg=gray>2026-0...', Object(Closure))
#2 C:/laragon/www/sportmate_pemwebII-main/sportmate/vendor/laravel/framework/src/Illuminate/Console/Scheduling/ScheduleRunCommand.php(191): Illuminate/Console/View/Components/Factory->__call('task', Array)
#3 C:/laragon/www/sportmate_pemwebII-main/sportmate/vendor/laravel/framework/src/Illuminate/Console/Scheduling/ScheduleRunCommand.php(134): Illuminate/Console/Scheduling/ScheduleRunCommand->runEvent(Object(Illuminate/Console/Scheduling/Event))
#4 C:/laragon/www/sportmate_pemwebII-main/sportmate/vendor/laravel/framework/src/Illuminate/Container/BoundMethod.php(36): Illuminate/Console/Scheduling/ScheduleRunCommand->handle(Object(Illuminate/Console/Scheduling/Schedule), Object(Illuminate/Events/Dispatcher), Object(Illuminate/Cache/Repository), Object(NunoMaduro/Collision/Adapters/Laravel/ExceptionHandler))
#5 C:/laragon/www/sportmate_pemwebII-main/sportmate/vendor/laravel/framework/src/Illuminate/Container/Util.php(43): Illuminate/Container/BoundMethod::{closure:Illuminate/Container/BoundMethod::call():35}()
#6 C:/laragon/www/sportmate_pemwebII-main/sportmate/vendor/laravel/framework/src/Illuminate/Container/BoundMethod.php(96): Illuminate/Container/Util::unwrapIfClosure(Object(Closure))
#7 C:/laragon/www/sportmate_pemwebII-main/sportmate/vendor/laravel/framework/src/Illuminate/Container/BoundMethod.php(35): Illuminate/Container/BoundMethod::callBoundMethod(Object(Illuminate/Foundation/Application), Array, Object(Closure))
#8 C:/laragon/www/sportmate_pemwebII-main/sportmate/vendor/laravel/framework/src/Illuminate/Container/Container.php(799): Illuminate/Container/BoundMethod::call(Object(Illuminate/Foundation/Application), Array, Array, NULL)
#9 C:/laragon/www/sportmate_pemwebII-main/sportmate/vendor/laravel/framework/src/Illuminate/Console/Command.php(211): Illuminate/Container/Container->call(Array)
#10 C:/laragon/www/sportmate_pemwebII-main/sportmate/vendor/symfony/console/Command/Command.php(341): Illuminate/Console/Command->execute(Object(Symfony/Component/Console/Input/ArgvInput), Object(Illuminate/Console/OutputStyle))
#11 C:/laragon/www/sportmate_pemwebII-main/sportmate/vendor/laravel/framework/src/Illuminate/Console/Command.php(180): Symfony/Component/Console/Command/Command->run(Object(Symfony/Component/Console/Input/ArgvInput), Object(Illuminate/Console/OutputStyle))
#12 C:/laragon/www/sportmate_pemwebII-main/sportmate/vendor/symfony/console/Application.php(1117): Illuminate/Console/Command->run(Object(Symfony/Component/Console/Input/ArgvInput), Object(Symfony/Component/Console/Output/ConsoleOutput))
#13 C:/laragon/www/sportmate_pemwebII-main/sportmate/vendor/symfony/console/Application.php(356): Symfony/Component/Console/Application->doRunCommand(Object(Illuminate/Console/Scheduling/ScheduleRunCommand), Object(Symfony/Component/Console/Input/ArgvInput), Object(Symfony/Component/Console/Output/ConsoleOutput))
#14 C:/laragon/www/sportmate_pemwebII-main/sportmate/vendor/symfony/console/Application.php(195): Symfony/Component/Console/Application->doRun(Object(Symfony/Component/Console/Input/ArgvInput), Object(Symfony/Component/Console/Output/ConsoleOutput))
#15 C:/laragon/www/sportmate_pemwebII-main/sportmate/vendor/laravel/framework/src/Illuminate/Foundation/Console/Kernel.php(198): Symfony/Component/Console/Application->run(Object(Symfony/Component/Console/Input/ArgvInput), Object(Symfony/Component/Console/Output/ConsoleOutput))
#16 C:/laragon/www/sportmate_pemwebII-main/sportmate/vendor/laravel/framework/src/Illuminate/Foundation/Application.php(1235): Illuminate/Foundation/Console/Kernel->handle(Object(Symfony/Component/Console/Input/ArgvInput), Object(Symfony/Component/Console/Output/ConsoleOutput))
#17 C:/laragon/www/sportmate_pemwebII-main/sportmate/artisan(14): Illuminate/Foundation/Application->handleCommand(Object(Symfony/Component/Console/Input/ArgvInput))
#18 {main}
"} 
[2026-07-10 01:51:02] local.ERROR: Command "event:update-status" is not defined.

Did you mean one of these?
    event:cache
    event:clear
    event:list {"exception":"[object] (Symfony\\Component\\Console\\Exception\\CommandNotFoundException(code: 0): Command \"event:update-status\" is not defined.

Did you mean one of these?
    event:cache
    event:clear
    event:list at C:/laragon/www/sportmate_pemwebII-main/sportmate/vendor/symfony/console/Application.php:759)
[stacktrace]
#0 C:/laragon/www/sportmate_pemwebII-main/sportmate/vendor/symfony/console/Application.php(298): Symfony/Component/Console/Application->find('event:update-st...')
#1 C:/laragon/www/sportmate_pemwebII-main/sportmate/vendor/symfony/console/Application.php(195): Symfony/Component/Console/Application->doRun(Object(Symfony/Component/Console/Input/ArgvInput), Object(Symfony/Component/Console/Output/ConsoleOutput))
#2 C:/laragon/www/sportmate_pemwebII-main/sportmate/vendor/laravel/framework/src/Illuminate/Foundation/Console/Kernel.php(198): Symfony/Component/Console/Application->run(Object(Symfony/Component/Console/Input/ArgvInput), Object(Symfony/Component/Console/Output/ConsoleOutput))
#3 C:/laragon/www/sportmate_pemwebII-main/sportmate/vendor/laravel/framework/src/Illuminate/Foundation/Application.php(1235): Illuminate/Foundation/Console/Kernel->handle(Object(Symfony/Component/Console/Input/ArgvInput), Object(Symfony/Component/Console/Output/ConsoleOutput))
#4 C:/laragon/www/sportmate_pemwebII-main/sportmate/artisan(14): Illuminate/Foundation/Application->handleCommand(Object(Symfony/Component/Console/Input/ArgvInput))
#5 {main}
"} 
[2026-07-10 01:51:02] local.ERROR: Scheduled command ["C:\laragon\bin\php\php-8.4.19-Win32-vs17-x64\php.exe" "artisan" event:update-status] failed with exit code [1]. {"exception":"[object] (Exception(code: 0): Scheduled command [\"C:\\laragon\\bin\\php\\php-8.4.19-Win32-vs17-x64\\php.exe\" \"artisan\" event:update-status] failed with exit code [1]. at C:/laragon/www/sportmate_pemwebII-main/sportmate/vendor/laravel/framework/src/Illuminate/Console/Scheduling/ScheduleRunCommand.php:207)
[stacktrace]
#0 C:/laragon/www/sportmate_pemwebII-main/sportmate/vendor/laravel/framework/src/Illuminate/Console/View/Components/Task.php(41): Illuminate/Console/Scheduling/ScheduleRunCommand->{closure:Illuminate/Console/Scheduling/ScheduleRunCommand::runEvent():191}()
#1 C:/laragon/www/sportmate_pemwebII-main/sportmate/vendor/laravel/framework/src/Illuminate/Console/View/Components/Factory.php(59): Illuminate/Console/View/Components/Task->render('<fg=gray>2026-0...', Object(Closure))
#2 C:/laragon/www/sportmate_pemwebII-main/sportmate/vendor/laravel/framework/src/Illuminate/Console/Scheduling/ScheduleRunCommand.php(191): Illuminate/Console/View/Components/Factory->__call('task', Array)
#3 C:/laragon/www/sportmate_pemwebII-main/sportmate/vendor/laravel/framework/src/Illuminate/Console/Scheduling/ScheduleRunCommand.php(134): Illuminate/Console/Scheduling/ScheduleRunCommand->runEvent(Object(Illuminate/Console/Scheduling/Event))
#4 C:/laragon/www/sportmate_pemwebII-main/sportmate/vendor/laravel/framework/src/Illuminate/Container/BoundMethod.php(36): Illuminate/Console/Scheduling/ScheduleRunCommand->handle(Object(Illuminate/Console/Scheduling/Schedule), Object(Illuminate/Events/Dispatcher), Object(Illuminate/Cache/Repository), Object(NunoMaduro/Collision/Adapters/Laravel/ExceptionHandler))
#5 C:/laragon/www/sportmate_pemwebII-main/sportmate/vendor/laravel/framework/src/Illuminate/Container/Util.php(43): Illuminate/Container/BoundMethod::{closure:Illuminate/Container/BoundMethod::call():35}()
#6 C:/laragon/www/sportmate_pemwebII-main/sportmate/vendor/laravel/framework/src/Illuminate/Container/BoundMethod.php(96): Illuminate/Container/Util::unwrapIfClosure(Object(Closure))
#7 C:/laragon/www/sportmate_pemwebII-main/sportmate/vendor/laravel/framework/src/Illuminate/Container/BoundMethod.php(35): Illuminate/Container/BoundMethod::callBoundMethod(Object(Illuminate/Foundation/Application), Array, Object(Closure))
#8 C:/laragon/www/sportmate_pemwebII-main/sportmate/vendor/laravel/framework/src/Illuminate/Container/Container.php(799): Illuminate/Container/BoundMethod::call(Object(Illuminate/Foundation/Application), Array, Array, NULL)
#9 C:/laragon/www/sportmate_pemwebII-main/sportmate/vendor/laravel/framework/src/Illuminate/Console/Command.php(211): Illuminate/Container/Container->call(Array)
#10 C:/laragon/www/sportmate_pemwebII-main/sportmate/vendor/symfony/console/Command/Command.php(341): Illuminate/Console/Command->execute(Object(Symfony/Component/Console/Input/ArgvInput), Object(Illuminate/Console/OutputStyle))
#11 C:/laragon/www/sportmate_pemwebII-main/sportmate/vendor/laravel/framework/src/Illuminate/Console/Command.php(180): Symfony/Component/Console/Command/Command->run(Object(Symfony/Component/Console/Input/ArgvInput), Object(Illuminate/Console/OutputStyle))
#12 C:/laragon/www/sportmate_pemwebII-main/sportmate/vendor/symfony/console/Application.php(1117): Illuminate/Console/Command->run(Object(Symfony/Component/Console/Input/ArgvInput), Object(Symfony/Component/Console/Output/ConsoleOutput))
#13 C:/laragon/www/sportmate_pemwebII-main/sportmate/vendor/symfony/console/Application.php(356): Symfony/Component/Console/Application->doRunCommand(Object(Illuminate/Console/Scheduling/ScheduleRunCommand), Object(Symfony/Component/Console/Input/ArgvInput), Object(Symfony/Component/Console/Output/ConsoleOutput))
#14 C:/laragon/www/sportmate_pemwebII-main/sportmate/vendor/symfony/console/Application.php(195): Symfony/Component/Console/Application->doRun(Object(Symfony/Component/Console/Input/ArgvInput), Object(Symfony/Component/Console/Output/ConsoleOutput))
#15 C:/laragon/www/sportmate_pemwebII-main/sportmate/vendor/laravel/framework/src/Illuminate/Foundation/Console/Kernel.php(198): Symfony/Component/Console/Application->run(Object(Symfony/Component/Console/Input/ArgvInput), Object(Symfony/Component/Console/Output/ConsoleOutput))
#16 C:/laragon/www/sportmate_pemwebII-main/sportmate/vendor/laravel/framework/src/Illuminate/Foundation/Application.php(1235): Illuminate/Foundation/Console/Kernel->handle(Object(Symfony/Component/Console/Input/ArgvInput), Object(Symfony/Component/Console/Output/ConsoleOutput))
#17 C:/laragon/www/sportmate_pemwebII-main/sportmate/artisan(14): Illuminate/Foundation/Application->handleCommand(Object(Symfony/Component/Console/Input/ArgvInput))
#18 {main}
"} 
[2026-07-09 18:52:02] local.ERROR: Command "event:update-status" is not defined.

Did you mean one of these?
    event:cache
    event:clear
    event:list {"exception":"[object] (Symfony\\Component\\Console\\Exception\\CommandNotFoundException(code: 0): Command \"event:update-status\" is not defined.

Did you mean one of these?
    event:cache
    event:clear
    event:list at C:/laragon/www/sportmate_pemwebII-main/sportmate/vendor/symfony/console/Application.php:759)
[stacktrace]
#0 C:/laragon/www/sportmate_pemwebII-main/sportmate/vendor/symfony/console/Application.php(298): Symfony/Component/Console/Application->find('event:update-st...')
#1 C:/laragon/www/sportmate_pemwebII-main/sportmate/vendor/symfony/console/Application.php(195): Symfony/Component/Console/Application->doRun(Object(Symfony/Component/Console/Input/ArgvInput), Object(Symfony/Component/Console/Output/ConsoleOutput))
#2 C:/laragon/www/sportmate_pemwebII-main/sportmate/vendor/laravel/framework/src/Illuminate/Foundation/Console/Kernel.php(198): Symfony/Component/Console/Application->run(Object(Symfony/Component/Console/Input/ArgvInput), Object(Symfony/Component/Console/Output/ConsoleOutput))
#3 C:/laragon/www/sportmate_pemwebII-main/sportmate/vendor/laravel/framework/src/Illuminate/Foundation/Application.php(1235): Illuminate/Foundation/Console/Kernel->handle(Object(Symfony/Component/Console/Input/ArgvInput), Object(Symfony/Component/Console/Output/ConsoleOutput))
#4 C:/laragon/www/sportmate_pemwebII-main/sportmate/artisan(14): Illuminate/Foundation/Application->handleCommand(Object(Symfony/Component/Console/Input/ArgvInput))
#5 {main}
"} 
[2026-07-09 18:52:03] local.ERROR: Scheduled command ["C:\laragon\bin\php\php-8.4.19-Win32-vs17-x64\php.exe" "artisan" event:update-status] failed with exit code [1]. {"exception":"[object] (Exception(code: 0): Scheduled command [\"C:\\laragon\\bin\\php\\php-8.4.19-Win32-vs17-x64\\php.exe\" \"artisan\" event:update-status] failed with exit code [1]. at C:/laragon/www/sportmate_pemwebII-main/sportmate/vendor/laravel/framework/src/Illuminate/Console/Scheduling/ScheduleRunCommand.php:207)
[stacktrace]
#0 C:/laragon/www/sportmate_pemwebII-main/sportmate/vendor/laravel/framework/src/Illuminate/Console/View/Components/Task.php(41): Illuminate/Console/Scheduling/ScheduleRunCommand->{closure:Illuminate/Console/Scheduling/ScheduleRunCommand::runEvent():191}()
#1 C:/laragon/www/sportmate_pemwebII-main/sportmate/vendor/laravel/framework/src/Illuminate/Console/View/Components/Factory.php(59): Illuminate/Console/View/Components/Task->render('<fg=gray>2026-0...', Object(Closure))
#2 C:/laragon/www/sportmate_pemwebII-main/sportmate/vendor/laravel/framework/src/Illuminate/Console/Scheduling/ScheduleRunCommand.php(191): Illuminate/Console/View/Components/Factory->__call('task', Array)
#3 C:/laragon/www/sportmate_pemwebII-main/sportmate/vendor/laravel/framework/src/Illuminate/Console/Scheduling/ScheduleRunCommand.php(134): Illuminate/Console/Scheduling/ScheduleRunCommand->runEvent(Object(Illuminate/Console/Scheduling/Event))
#4 C:/laragon/www/sportmate_pemwebII-main/sportmate/vendor/laravel/framework/src/Illuminate/Container/BoundMethod.php(36): Illuminate/Console/Scheduling/ScheduleRunCommand->handle(Object(Illuminate/Console/Scheduling/Schedule), Object(Illuminate/Events/Dispatcher), Object(Illuminate/Cache/Repository), Object(NunoMaduro/Collision/Adapters/Laravel/ExceptionHandler))
#5 C:/laragon/www/sportmate_pemwebII-main/sportmate/vendor/laravel/framework/src/Illuminate/Container/Util.php(43): Illuminate/Container/BoundMethod::{closure:Illuminate/Container/BoundMethod::call():35}()
#6 C:/laragon/www/sportmate_pemwebII-main/sportmate/vendor/laravel/framework/src/Illuminate/Container/BoundMethod.php(96): Illuminate/Container/Util::unwrapIfClosure(Object(Closure))
#7 C:/laragon/www/sportmate_pemwebII-main/sportmate/vendor/laravel/framework/src/Illuminate/Container/BoundMethod.php(35): Illuminate/Container/BoundMethod::callBoundMethod(Object(Illuminate/Foundation/Application), Array, Object(Closure))
#8 C:/laragon/www/sportmate_pemwebII-main/sportmate/vendor/laravel/framework/src/Illuminate/Container/Container.php(799): Illuminate/Container/BoundMethod::call(Object(Illuminate/Foundation/Application), Array, Array, NULL)
#9 C:/laragon/www/sportmate_pemwebII-main/sportmate/vendor/laravel/framework/src/Illuminate/Console/Command.php(211): Illuminate/Container/Container->call(Array)
#10 C:/laragon/www/sportmate_pemwebII-main/sportmate/vendor/symfony/console/Command/Command.php(341): Illuminate/Console/Command->execute(Object(Symfony/Component/Console/Input/ArgvInput), Object(Illuminate/Console/OutputStyle))
#11 C:/laragon/www/sportmate_pemwebII-main/sportmate/vendor/laravel/framework/src/Illuminate/Console/Command.php(180): Symfony/Component/Console/Command/Command->run(Object(Symfony/Component/Console/Input/ArgvInput), Object(Illuminate/Console/OutputStyle))
#12 C:/laragon/www/sportmate_pemwebII-main/sportmate/vendor/symfony/console/Application.php(1117): Illuminate/Console/Command->run(Object(Symfony/Component/Console/Input/ArgvInput), Object(Symfony/Component/Console/Output/ConsoleOutput))
#13 C:/laragon/www/sportmate_pemwebII-main/sportmate/vendor/symfony/console/Application.php(356): Symfony/Component/Console/Application->doRunCommand(Object(Illuminate/Console/Scheduling/ScheduleRunCommand), Object(Symfony/Component/Console/Input/ArgvInput), Object(Symfony/Component/Console/Output/ConsoleOutput))
#14 C:/laragon/www/sportmate_pemwebII-main/sportmate/vendor/symfony/console/Application.php(195): Symfony/Component/Console/Application->doRun(Object(Symfony/Component/Console/Input/ArgvInput), Object(Symfony/Component/Console/Output/ConsoleOutput))
#15 C:/laragon/www/sportmate_pemwebII-main/sportmate/vendor/laravel/framework/src/Illuminate/Foundation/Console/Kernel.php(198): Symfony/Component/Console/Application->run(Object(Symfony/Component/Console/Input/ArgvInput), Object(Symfony/Component/Console/Output/ConsoleOutput))
#16 C:/laragon/www/sportmate_pemwebII-main/sportmate/vendor/laravel/framework/src/Illuminate/Foundation/Application.php(1235): Illuminate/Foundation/Console/Kernel->handle(Object(Symfony/Component/Console/Input/ArgvInput), Object(Symfony/Component/Console/Output/ConsoleOutput))
#17 C:/laragon/www/sportmate_pemwebII-main/sportmate/artisan(14): Illuminate/Foundation/Application->handleCommand(Object(Symfony/Component/Console/Input/ArgvInput))
#18 {main}
"} 
[2026-07-10 01:54:02] local.ERROR: Command "event:update-status" is not defined.

Did you mean one of these?
    event:cache
    event:clear
    event:list {"exception":"[object] (Symfony\\Component\\Console\\Exception\\CommandNotFoundException(code: 0): Command \"event:update-status\" is not defined.

Did you mean one of these?
    event:cache
    event:clear
    event:list at C:/laragon/www/sportmate_pemwebII-main/sportmate/vendor/symfony/console/Application.php:759)
[stacktrace]
#0 C:/laragon/www/sportmate_pemwebII-main/sportmate/vendor/symfony/console/Application.php(298): Symfony/Component/Console/Application->find('event:update-st...')
#1 C:/laragon/www/sportmate_pemwebII-main/sportmate/vendor/symfony/console/Application.php(195): Symfony/Component/Console/Application->doRun(Object(Symfony/Component/Console/Input/ArgvInput), Object(Symfony/Component/Console/Output/ConsoleOutput))
#2 C:/laragon/www/sportmate_pemwebII-main/sportmate/vendor/laravel/framework/src/Illuminate/Foundation/Console/Kernel.php(198): Symfony/Component/Console/Application->run(Object(Symfony/Component/Console/Input/ArgvInput), Object(Symfony/Component/Console/Output/ConsoleOutput))
#3 C:/laragon/www/sportmate_pemwebII-main/sportmate/vendor/laravel/framework/src/Illuminate/Foundation/Application.php(1235): Illuminate/Foundation/Console/Kernel->handle(Object(Symfony/Component/Console/Input/ArgvInput), Object(Symfony/Component/Console/Output/ConsoleOutput))
#4 C:/laragon/www/sportmate_pemwebII-main/sportmate/artisan(14): Illuminate/Foundation/Application->handleCommand(Object(Symfony/Component/Console/Input/ArgvInput))
#5 {main}
"} 
[2026-07-10 01:54:02] local.ERROR: Scheduled command ["C:\laragon\bin\php\php-8.4.19-Win32-vs17-x64\php.exe" "artisan" event:update-status] failed with exit code [1]. {"exception":"[object] (Exception(code: 0): Scheduled command [\"C:\\laragon\\bin\\php\\php-8.4.19-Win32-vs17-x64\\php.exe\" \"artisan\" event:update-status] failed with exit code [1]. at C:/laragon/www/sportmate_pemwebII-main/sportmate/vendor/laravel/framework/src/Illuminate/Console/Scheduling/ScheduleRunCommand.php:207)
[stacktrace]
#0 C:/laragon/www/sportmate_pemwebII-main/sportmate/vendor/laravel/framework/src/Illuminate/Console/View/Components/Task.php(41): Illuminate/Console/Scheduling/ScheduleRunCommand->{closure:Illuminate/Console/Scheduling/ScheduleRunCommand::runEvent():191}()
#1 C:/laragon/www/sportmate_pemwebII-main/sportmate/vendor/laravel/framework/src/Illuminate/Console/View/Components/Factory.php(59): Illuminate/Console/View/Components/Task->render('<fg=gray>2026-0...', Object(Closure))
#2 C:/laragon/www/sportmate_pemwebII-main/sportmate/vendor/laravel/framework/src/Illuminate/Console/Scheduling/ScheduleRunCommand.php(191): Illuminate/Console/View/Components/Factory->__call('task', Array)
#3 C:/laragon/www/sportmate_pemwebII-main/sportmate/vendor/laravel/framework/src/Illuminate/Console/Scheduling/ScheduleRunCommand.php(134): Illuminate/Console/Scheduling/ScheduleRunCommand->runEvent(Object(Illuminate/Console/Scheduling/Event))
#4 C:/laragon/www/sportmate_pemwebII-main/sportmate/vendor/laravel/framework/src/Illuminate/Container/BoundMethod.php(36): Illuminate/Console/Scheduling/ScheduleRunCommand->handle(Object(Illuminate/Console/Scheduling/Schedule), Object(Illuminate/Events/Dispatcher), Object(Illuminate/Cache/Repository), Object(NunoMaduro/Collision/Adapters/Laravel/ExceptionHandler))
#5 C:/laragon/www/sportmate_pemwebII-main/sportmate/vendor/laravel/framework/src/Illuminate/Container/Util.php(43): Illuminate/Container/BoundMethod::{closure:Illuminate/Container/BoundMethod::call():35}()
#6 C:/laragon/www/sportmate_pemwebII-main/sportmate/vendor/laravel/framework/src/Illuminate/Container/BoundMethod.php(96): Illuminate/Container/Util::unwrapIfClosure(Object(Closure))
#7 C:/laragon/www/sportmate_pemwebII-main/sportmate/vendor/laravel/framework/src/Illuminate/Container/BoundMethod.php(35): Illuminate/Container/BoundMethod::callBoundMethod(Object(Illuminate/Foundation/Application), Array, Object(Closure))
#8 C:/laragon/www/sportmate_pemwebII-main/sportmate/vendor/laravel/framework/src/Illuminate/Container/Container.php(799): Illuminate/Container/BoundMethod::call(Object(Illuminate/Foundation/Application), Array, Array, NULL)
#9 C:/laragon/www/sportmate_pemwebII-main/sportmate/vendor/laravel/framework/src/Illuminate/Console/Command.php(211): Illuminate/Container/Container->call(Array)
#10 C:/laragon/www/sportmate_pemwebII-main/sportmate/vendor/symfony/console/Command/Command.php(341): Illuminate/Console/Command->execute(Object(Symfony/Component/Console/Input/ArgvInput), Object(Illuminate/Console/OutputStyle))
#11 C:/laragon/www/sportmate_pemwebII-main/sportmate/vendor/laravel/framework/src/Illuminate/Console/Command.php(180): Symfony/Component/Console/Command/Command->run(Object(Symfony/Component/Console/Input/ArgvInput), Object(Illuminate/Console/OutputStyle))
#12 C:/laragon/www/sportmate_pemwebII-main/sportmate/vendor/symfony/console/Application.php(1117): Illuminate/Console/Command->run(Object(Symfony/Component/Console/Input/ArgvInput), Object(Symfony/Component/Console/Output/ConsoleOutput))
#13 C:/laragon/www/sportmate_pemwebII-main/sportmate/vendor/symfony/console/Application.php(356): Symfony/Component/Console/Application->doRunCommand(Object(Illuminate/Console/Scheduling/ScheduleRunCommand), Object(Symfony/Component/Console/Input/ArgvInput), Object(Symfony/Component/Console/Output/ConsoleOutput))
#14 C:/laragon/www/sportmate_pemwebII-main/sportmate/vendor/symfony/console/Application.php(195): Symfony/Component/Console/Application->doRun(Object(Symfony/Component/Console/Input/ArgvInput), Object(Symfony/Component/Console/Output/ConsoleOutput))
#15 C:/laragon/www/sportmate_pemwebII-main/sportmate/vendor/laravel/framework/src/Illuminate/Foundation/Console/Kernel.php(198): Symfony/Component/Console/Application->run(Object(Symfony/Component/Console/Input/ArgvInput), Object(Symfony/Component/Console/Output/ConsoleOutput))
#16 C:/laragon/www/sportmate_pemwebII-main/sportmate/vendor/laravel/framework/src/Illuminate/Foundation/Application.php(1235): Illuminate/Foundation/Console/Kernel->handle(Object(Symfony/Component/Console/Input/ArgvInput), Object(Symfony/Component/Console/Output/ConsoleOutput))
#17 C:/laragon/www/sportmate_pemwebII-main/sportmate/artisan(14): Illuminate/Foundation/Application->handleCommand(Object(Symfony/Component/Console/Input/ArgvInput))
#18 {main}
"} 
[2026-07-10 01:55:02] local.ERROR: Command "event:update-status" is not defined.

Did you mean one of these?
    event:cache
    event:clear
    event:list {"exception":"[object] (Symfony\\Component\\Console\\Exception\\CommandNotFoundException(code: 0): Command \"event:update-status\" is not defined.

Did you mean one of these?
    event:cache
    event:clear
    event:list at C:/laragon/www/sportmate_pemwebII-main/sportmate/vendor/symfony/console/Application.php:759)
[stacktrace]
#0 C:/laragon/www/sportmate_pemwebII-main/sportmate/vendor/symfony/console/Application.php(298): Symfony/Component/Console/Application->find('event:update-st...')
#1 C:/laragon/www/sportmate_pemwebII-main/sportmate/vendor/symfony/console/Application.php(195): Symfony/Component/Console/Application->doRun(Object(Symfony/Component/Console/Input/ArgvInput), Object(Symfony/Component/Console/Output/ConsoleOutput))
#2 C:/laragon/www/sportmate_pemwebII-main/sportmate/vendor/laravel/framework/src/Illuminate/Foundation/Console/Kernel.php(198): Symfony/Component/Console/Application->run(Object(Symfony/Component/Console/Input/ArgvInput), Object(Symfony/Component/Console/Output/ConsoleOutput))
#3 C:/laragon/www/sportmate_pemwebII-main/sportmate/vendor/laravel/framework/src/Illuminate/Foundation/Application.php(1235): Illuminate/Foundation/Console/Kernel->handle(Object(Symfony/Component/Console/Input/ArgvInput), Object(Symfony/Component/Console/Output/ConsoleOutput))
#4 C:/laragon/www/sportmate_pemwebII-main/sportmate/artisan(14): Illuminate/Foundation/Application->handleCommand(Object(Symfony/Component/Console/Input/ArgvInput))
#5 {main}
"} 
[2026-07-10 01:55:02] local.ERROR: Scheduled command ["C:\laragon\bin\php\php-8.4.19-Win32-vs17-x64\php.exe" "artisan" event:update-status] failed with exit code [1]. {"exception":"[object] (Exception(code: 0): Scheduled command [\"C:\\laragon\\bin\\php\\php-8.4.19-Win32-vs17-x64\\php.exe\" \"artisan\" event:update-status] failed with exit code [1]. at C:/laragon/www/sportmate_pemwebII-main/sportmate/vendor/laravel/framework/src/Illuminate/Console/Scheduling/ScheduleRunCommand.php:207)
[stacktrace]
#0 C:/laragon/www/sportmate_pemwebII-main/sportmate/vendor/laravel/framework/src/Illuminate/Console/View/Components/Task.php(41): Illuminate/Console/Scheduling/ScheduleRunCommand->{closure:Illuminate/Console/Scheduling/ScheduleRunCommand::runEvent():191}()
#1 C:/laragon/www/sportmate_pemwebII-main/sportmate/vendor/laravel/framework/src/Illuminate/Console/View/Components/Factory.php(59): Illuminate/Console/View/Components/Task->render('<fg=gray>2026-0...', Object(Closure))
#2 C:/laragon/www/sportmate_pemwebII-main/sportmate/vendor/laravel/framework/src/Illuminate/Console/Scheduling/ScheduleRunCommand.php(191): Illuminate/Console/View/Components/Factory->__call('task', Array)
#3 C:/laragon/www/sportmate_pemwebII-main/sportmate/vendor/laravel/framework/src/Illuminate/Console/Scheduling/ScheduleRunCommand.php(134): Illuminate/Console/Scheduling/ScheduleRunCommand->runEvent(Object(Illuminate/Console/Scheduling/Event))
#4 C:/laragon/www/sportmate_pemwebII-main/sportmate/vendor/laravel/framework/src/Illuminate/Container/BoundMethod.php(36): Illuminate/Console/Scheduling/ScheduleRunCommand->handle(Object(Illuminate/Console/Scheduling/Schedule), Object(Illuminate/Events/Dispatcher), Object(Illuminate/Cache/Repository), Object(NunoMaduro/Collision/Adapters/Laravel/ExceptionHandler))
#5 C:/laragon/www/sportmate_pemwebII-main/sportmate/vendor/laravel/framework/src/Illuminate/Container/Util.php(43): Illuminate/Container/BoundMethod::{closure:Illuminate/Container/BoundMethod::call():35}()
#6 C:/laragon/www/sportmate_pemwebII-main/sportmate/vendor/laravel/framework/src/Illuminate/Container/BoundMethod.php(96): Illuminate/Container/Util::unwrapIfClosure(Object(Closure))
#7 C:/laragon/www/sportmate_pemwebII-main/sportmate/vendor/laravel/framework/src/Illuminate/Container/BoundMethod.php(35): Illuminate/Container/BoundMethod::callBoundMethod(Object(Illuminate/Foundation/Application), Array, Object(Closure))
#8 C:/laragon/www/sportmate_pemwebII-main/sportmate/vendor/laravel/framework/src/Illuminate/Container/Container.php(799): Illuminate/Container/BoundMethod::call(Object(Illuminate/Foundation/Application), Array, Array, NULL)
#9 C:/laragon/www/sportmate_pemwebII-main/sportmate/vendor/laravel/framework/src/Illuminate/Console/Command.php(211): Illuminate/Container/Container->call(Array)
#10 C:/laragon/www/sportmate_pemwebII-main/sportmate/vendor/symfony/console/Command/Command.php(341): Illuminate/Console/Command->execute(Object(Symfony/Component/Console/Input/ArgvInput), Object(Illuminate/Console/OutputStyle))
#11 C:/laragon/www/sportmate_pemwebII-main/sportmate/vendor/laravel/framework/src/Illuminate/Console/Command.php(180): Symfony/Component/Console/Command/Command->run(Object(Symfony/Component/Console/Input/ArgvInput), Object(Illuminate/Console/OutputStyle))
#12 C:/laragon/www/sportmate_pemwebII-main/sportmate/vendor/symfony/console/Application.php(1117): Illuminate/Console/Command->run(Object(Symfony/Component/Console/Input/ArgvInput), Object(Symfony/Component/Console/Output/ConsoleOutput))
#13 C:/laragon/www/sportmate_pemwebII-main/sportmate/vendor/symfony/console/Application.php(356): Symfony/Component/Console/Application->doRunCommand(Object(Illuminate/Console/Scheduling/ScheduleRunCommand), Object(Symfony/Component/Console/Input/ArgvInput), Object(Symfony/Component/Console/Output/ConsoleOutput))
#14 C:/laragon/www/sportmate_pemwebII-main/sportmate/vendor/symfony/console/Application.php(195): Symfony/Component/Console/Application->doRun(Object(Symfony/Component/Console/Input/ArgvInput), Object(Symfony/Component/Console/Output/ConsoleOutput))
#15 C:/laragon/www/sportmate_pemwebII-main/sportmate/vendor/laravel/framework/src/Illuminate/Foundation/Console/Kernel.php(198): Symfony/Component/Console/Application->run(Object(Symfony/Component/Console/Input/ArgvInput), Object(Symfony/Component/Console/Output/ConsoleOutput))
#16 C:/laragon/www/sportmate_pemwebII-main/sportmate/vendor/laravel/framework/src/Illuminate/Foundation/Application.php(1235): Illuminate/Foundation/Console/Kernel->handle(Object(Symfony/Component/Console/Input/ArgvInput), Object(Symfony/Component/Console/Output/ConsoleOutput))
#17 C:/laragon/www/sportmate_pemwebII-main/sportmate/artisan(14): Illuminate/Foundation/Application->handleCommand(Object(Symfony/Component/Console/Input/ArgvInput))
#18 {main}
"} 
[2026-07-10 01:56:02] local.ERROR: Command "event:update-status" is not defined.

Did you mean one of these?
    event:cache
    event:clear
    event:list {"exception":"[object] (Symfony\\Component\\Console\\Exception\\CommandNotFoundException(code: 0): Command \"event:update-status\" is not defined.

Did you mean one of these?
    event:cache
    event:clear
    event:list at C:/laragon/www/sportmate_pemwebII-main/sportmate/vendor/symfony/console/Application.php:759)
[stacktrace]
#0 C:/laragon/www/sportmate_pemwebII-main/sportmate/vendor/symfony/console/Application.php(298): Symfony/Component/Console/Application->find('event:update-st...')
#1 C:/laragon/www/sportmate_pemwebII-main/sportmate/vendor/symfony/console/Application.php(195): Symfony/Component/Console/Application->doRun(Object(Symfony/Component/Console/Input/ArgvInput), Object(Symfony/Component/Console/Output/ConsoleOutput))
#2 C:/laragon/www/sportmate_pemwebII-main/sportmate/vendor/laravel/framework/src/Illuminate/Foundation/Console/Kernel.php(198): Symfony/Component/Console/Application->run(Object(Symfony/Component/Console/Input/ArgvInput), Object(Symfony/Component/Console/Output/ConsoleOutput))
#3 C:/laragon/www/sportmate_pemwebII-main/sportmate/vendor/laravel/framework/src/Illuminate/Foundation/Application.php(1235): Illuminate/Foundation/Console/Kernel->handle(Object(Symfony/Component/Console/Input/ArgvInput), Object(Symfony/Component/Console/Output/ConsoleOutput))
#4 C:/laragon/www/sportmate_pemwebII-main/sportmate/artisan(14): Illuminate/Foundation/Application->handleCommand(Object(Symfony/Component/Console/Input/ArgvInput))
#5 {main}
"} 
[2026-07-10 01:56:02] local.ERROR: Scheduled command ["C:\laragon\bin\php\php-8.4.19-Win32-vs17-x64\php.exe" "artisan" event:update-status] failed with exit code [1]. {"exception":"[object] (Exception(code: 0): Scheduled command [\"C:\\laragon\\bin\\php\\php-8.4.19-Win32-vs17-x64\\php.exe\" \"artisan\" event:update-status] failed with exit code [1]. at C:/laragon/www/sportmate_pemwebII-main/sportmate/vendor/laravel/framework/src/Illuminate/Console/Scheduling/ScheduleRunCommand.php:207)
[stacktrace]
#0 C:/laragon/www/sportmate_pemwebII-main/sportmate/vendor/laravel/framework/src/Illuminate/Console/View/Components/Task.php(41): Illuminate/Console/Scheduling/ScheduleRunCommand->{closure:Illuminate/Console/Scheduling/ScheduleRunCommand::runEvent():191}()
#1 C:/laragon/www/sportmate_pemwebII-main/sportmate/vendor/laravel/framework/src/Illuminate/Console/View/Components/Factory.php(59): Illuminate/Console/View/Components/Task->render('<fg=gray>2026-0...', Object(Closure))
#2 C:/laragon/www/sportmate_pemwebII-main/sportmate/vendor/laravel/framework/src/Illuminate/Console/Scheduling/ScheduleRunCommand.php(191): Illuminate/Console/View/Components/Factory->__call('task', Array)
#3 C:/laragon/www/sportmate_pemwebII-main/sportmate/vendor/laravel/framework/src/Illuminate/Console/Scheduling/ScheduleRunCommand.php(134): Illuminate/Console/Scheduling/ScheduleRunCommand->runEvent(Object(Illuminate/Console/Scheduling/Event))
#4 C:/laragon/www/sportmate_pemwebII-main/sportmate/vendor/laravel/framework/src/Illuminate/Container/BoundMethod.php(36): Illuminate/Console/Scheduling/ScheduleRunCommand->handle(Object(Illuminate/Console/Scheduling/Schedule), Object(Illuminate/Events/Dispatcher), Object(Illuminate/Cache/Repository), Object(NunoMaduro/Collision/Adapters/Laravel/ExceptionHandler))
#5 C:/laragon/www/sportmate_pemwebII-main/sportmate/vendor/laravel/framework/src/Illuminate/Container/Util.php(43): Illuminate/Container/BoundMethod::{closure:Illuminate/Container/BoundMethod::call():35}()
#6 C:/laragon/www/sportmate_pemwebII-main/sportmate/vendor/laravel/framework/src/Illuminate/Container/BoundMethod.php(96): Illuminate/Container/Util::unwrapIfClosure(Object(Closure))
#7 C:/laragon/www/sportmate_pemwebII-main/sportmate/vendor/laravel/framework/src/Illuminate/Container/BoundMethod.php(35): Illuminate/Container/BoundMethod::callBoundMethod(Object(Illuminate/Foundation/Application), Array, Object(Closure))
#8 C:/laragon/www/sportmate_pemwebII-main/sportmate/vendor/laravel/framework/src/Illuminate/Container/Container.php(799): Illuminate/Container/BoundMethod::call(Object(Illuminate/Foundation/Application), Array, Array, NULL)
#9 C:/laragon/www/sportmate_pemwebII-main/sportmate/vendor/laravel/framework/src/Illuminate/Console/Command.php(211): Illuminate/Container/Container->call(Array)
#10 C:/laragon/www/sportmate_pemwebII-main/sportmate/vendor/symfony/console/Command/Command.php(341): Illuminate/Console/Command->execute(Object(Symfony/Component/Console/Input/ArgvInput), Object(Illuminate/Console/OutputStyle))
#11 C:/laragon/www/sportmate_pemwebII-main/sportmate/vendor/laravel/framework/src/Illuminate/Console/Command.php(180): Symfony/Component/Console/Command/Command->run(Object(Symfony/Component/Console/Input/ArgvInput), Object(Illuminate/Console/OutputStyle))
#12 C:/laragon/www/sportmate_pemwebII-main/sportmate/vendor/symfony/console/Application.php(1117): Illuminate/Console/Command->run(Object(Symfony/Component/Console/Input/ArgvInput), Object(Symfony/Component/Console/Output/ConsoleOutput))
#13 C:/laragon/www/sportmate_pemwebII-main/sportmate/vendor/symfony/console/Application.php(356): Symfony/Component/Console/Application->doRunCommand(Object(Illuminate/Console/Scheduling/ScheduleRunCommand), Object(Symfony/Component/Console/Input/ArgvInput), Object(Symfony/Component/Console/Output/ConsoleOutput))
#14 C:/laragon/www/sportmate_pemwebII-main/sportmate/vendor/symfony/console/Application.php(195): Symfony/Component/Console/Application->doRun(Object(Symfony/Component/Console/Input/ArgvInput), Object(Symfony/Component/Console/Output/ConsoleOutput))
#15 C:/laragon/www/sportmate_pemwebII-main/sportmate/vendor/laravel/framework/src/Illuminate/Foundation/Console/Kernel.php(198): Symfony/Component/Console/Application->run(Object(Symfony/Component/Console/Input/ArgvInput), Object(Symfony/Component/Console/Output/ConsoleOutput))
#16 C:/laragon/www/sportmate_pemwebII-main/sportmate/vendor/laravel/framework/src/Illuminate/Foundation/Application.php(1235): Illuminate/Foundation/Console/Kernel->handle(Object(Symfony/Component/Console/Input/ArgvInput), Object(Symfony/Component/Console/Output/ConsoleOutput))
#17 C:/laragon/www/sportmate_pemwebII-main/sportmate/artisan(14): Illuminate/Foundation/Application->handleCommand(Object(Symfony/Component/Console/Input/ArgvInput))
#18 {main}
"} 
[2026-07-10 01:57:02] local.ERROR: Command "event:update-status" is not defined.

Did you mean one of these?
    event:cache
    event:clear
    event:list {"exception":"[object] (Symfony\\Component\\Console\\Exception\\CommandNotFoundException(code: 0): Command \"event:update-status\" is not defined.

Did you mean one of these?
    event:cache
    event:clear
    event:list at C:/laragon/www/sportmate_pemwebII-main/sportmate/vendor/symfony/console/Application.php:759)
[stacktrace]
#0 C:/laragon/www/sportmate_pemwebII-main/sportmate/vendor/symfony/console/Application.php(298): Symfony/Component/Console/Application->find('event:update-st...')
#1 C:/laragon/www/sportmate_pemwebII-main/sportmate/vendor/symfony/console/Application.php(195): Symfony/Component/Console/Application->doRun(Object(Symfony/Component/Console/Input/ArgvInput), Object(Symfony/Component/Console/Output/ConsoleOutput))
#2 C:/laragon/www/sportmate_pemwebII-main/sportmate/vendor/laravel/framework/src/Illuminate/Foundation/Console/Kernel.php(198): Symfony/Component/Console/Application->run(Object(Symfony/Component/Console/Input/ArgvInput), Object(Symfony/Component/Console/Output/ConsoleOutput))
#3 C:/laragon/www/sportmate_pemwebII-main/sportmate/vendor/laravel/framework/src/Illuminate/Foundation/Application.php(1235): Illuminate/Foundation/Console/Kernel->handle(Object(Symfony/Component/Console/Input/ArgvInput), Object(Symfony/Component/Console/Output/ConsoleOutput))
#4 C:/laragon/www/sportmate_pemwebII-main/sportmate/artisan(14): Illuminate/Foundation/Application->handleCommand(Object(Symfony/Component/Console/Input/ArgvInput))
#5 {main}
"} 
[2026-07-10 01:57:02] local.ERROR: Scheduled command ["C:\laragon\bin\php\php-8.4.19-Win32-vs17-x64\php.exe" "artisan" event:update-status] failed with exit code [1]. {"exception":"[object] (Exception(code: 0): Scheduled command [\"C:\\laragon\\bin\\php\\php-8.4.19-Win32-vs17-x64\\php.exe\" \"artisan\" event:update-status] failed with exit code [1]. at C:/laragon/www/sportmate_pemwebII-main/sportmate/vendor/laravel/framework/src/Illuminate/Console/Scheduling/ScheduleRunCommand.php:207)
[stacktrace]
#0 C:/laragon/www/sportmate_pemwebII-main/sportmate/vendor/laravel/framework/src/Illuminate/Console/View/Components/Task.php(41): Illuminate/Console/Scheduling/ScheduleRunCommand->{closure:Illuminate/Console/Scheduling/ScheduleRunCommand::runEvent():191}()
#1 C:/laragon/www/sportmate_pemwebII-main/sportmate/vendor/laravel/framework/src/Illuminate/Console/View/Components/Factory.php(59): Illuminate/Console/View/Components/Task->render('<fg=gray>2026-0...', Object(Closure))
#2 C:/laragon/www/sportmate_pemwebII-main/sportmate/vendor/laravel/framework/src/Illuminate/Console/Scheduling/ScheduleRunCommand.php(191): Illuminate/Console/View/Components/Factory->__call('task', Array)
#3 C:/laragon/www/sportmate_pemwebII-main/sportmate/vendor/laravel/framework/src/Illuminate/Console/Scheduling/ScheduleRunCommand.php(134): Illuminate/Console/Scheduling/ScheduleRunCommand->runEvent(Object(Illuminate/Console/Scheduling/Event))
#4 C:/laragon/www/sportmate_pemwebII-main/sportmate/vendor/laravel/framework/src/Illuminate/Container/BoundMethod.php(36): Illuminate/Console/Scheduling/ScheduleRunCommand->handle(Object(Illuminate/Console/Scheduling/Schedule), Object(Illuminate/Events/Dispatcher), Object(Illuminate/Cache/Repository), Object(NunoMaduro/Collision/Adapters/Laravel/ExceptionHandler))
#5 C:/laragon/www/sportmate_pemwebII-main/sportmate/vendor/laravel/framework/src/Illuminate/Container/Util.php(43): Illuminate/Container/BoundMethod::{closure:Illuminate/Container/BoundMethod::call():35}()
#6 C:/laragon/www/sportmate_pemwebII-main/sportmate/vendor/laravel/framework/src/Illuminate/Container/BoundMethod.php(96): Illuminate/Container/Util::unwrapIfClosure(Object(Closure))
#7 C:/laragon/www/sportmate_pemwebII-main/sportmate/vendor/laravel/framework/src/Illuminate/Container/BoundMethod.php(35): Illuminate/Container/BoundMethod::callBoundMethod(Object(Illuminate/Foundation/Application), Array, Object(Closure))
#8 C:/laragon/www/sportmate_pemwebII-main/sportmate/vendor/laravel/framework/src/Illuminate/Container/Container.php(799): Illuminate/Container/BoundMethod::call(Object(Illuminate/Foundation/Application), Array, Array, NULL)
#9 C:/laragon/www/sportmate_pemwebII-main/sportmate/vendor/laravel/framework/src/Illuminate/Console/Command.php(211): Illuminate/Container/Container->call(Array)
#10 C:/laragon/www/sportmate_pemwebII-main/sportmate/vendor/symfony/console/Command/Command.php(341): Illuminate/Console/Command->execute(Object(Symfony/Component/Console/Input/ArgvInput), Object(Illuminate/Console/OutputStyle))
#11 C:/laragon/www/sportmate_pemwebII-main/sportmate/vendor/laravel/framework/src/Illuminate/Console/Command.php(180): Symfony/Component/Console/Command/Command->run(Object(Symfony/Component/Console/Input/ArgvInput), Object(Illuminate/Console/OutputStyle))
#12 C:/laragon/www/sportmate_pemwebII-main/sportmate/vendor/symfony/console/Application.php(1117): Illuminate/Console/Command->run(Object(Symfony/Component/Console/Input/ArgvInput), Object(Symfony/Component/Console/Output/ConsoleOutput))
#13 C:/laragon/www/sportmate_pemwebII-main/sportmate/vendor/symfony/console/Application.php(356): Symfony/Component/Console/Application->doRunCommand(Object(Illuminate/Console/Scheduling/ScheduleRunCommand), Object(Symfony/Component/Console/Input/ArgvInput), Object(Symfony/Component/Console/Output/ConsoleOutput))
#14 C:/laragon/www/sportmate_pemwebII-main/sportmate/vendor/symfony/console/Application.php(195): Symfony/Component/Console/Application->doRun(Object(Symfony/Component/Console/Input/ArgvInput), Object(Symfony/Component/Console/Output/ConsoleOutput))
#15 C:/laragon/www/sportmate_pemwebII-main/sportmate/vendor/laravel/framework/src/Illuminate/Foundation/Console/Kernel.php(198): Symfony/Component/Console/Application->run(Object(Symfony/Component/Console/Input/ArgvInput), Object(Symfony/Component/Console/Output/ConsoleOutput))
#16 C:/laragon/www/sportmate_pemwebII-main/sportmate/vendor/laravel/framework/src/Illuminate/Foundation/Application.php(1235): Illuminate/Foundation/Console/Kernel->handle(Object(Symfony/Component/Console/Input/ArgvInput), Object(Symfony/Component/Console/Output/ConsoleOutput))
#17 C:/laragon/www/sportmate_pemwebII-main/sportmate/artisan(14): Illuminate/Foundation/Application->handleCommand(Object(Symfony/Component/Console/Input/ArgvInput))
#18 {main}
"} 
[2026-07-10 01:58:02] local.ERROR: Command "event:update-status" is not defined.

Did you mean one of these?
    event:cache
    event:clear
    event:list {"exception":"[object] (Symfony\\Component\\Console\\Exception\\CommandNotFoundException(code: 0): Command \"event:update-status\" is not defined.

Did you mean one of these?
    event:cache
    event:clear
    event:list at C:/laragon/www/sportmate_pemwebII-main/sportmate/vendor/symfony/console/Application.php:759)
[stacktrace]
#0 C:/laragon/www/sportmate_pemwebII-main/sportmate/vendor/symfony/console/Application.php(298): Symfony/Component/Console/Application->find('event:update-st...')
#1 C:/laragon/www/sportmate_pemwebII-main/sportmate/vendor/symfony/console/Application.php(195): Symfony/Component/Console/Application->doRun(Object(Symfony/Component/Console/Input/ArgvInput), Object(Symfony/Component/Console/Output/ConsoleOutput))
#2 C:/laragon/www/sportmate_pemwebII-main/sportmate/vendor/laravel/framework/src/Illuminate/Foundation/Console/Kernel.php(198): Symfony/Component/Console/Application->run(Object(Symfony/Component/Console/Input/ArgvInput), Object(Symfony/Component/Console/Output/ConsoleOutput))
#3 C:/laragon/www/sportmate_pemwebII-main/sportmate/vendor/laravel/framework/src/Illuminate/Foundation/Application.php(1235): Illuminate/Foundation/Console/Kernel->handle(Object(Symfony/Component/Console/Input/ArgvInput), Object(Symfony/Component/Console/Output/ConsoleOutput))
#4 C:/laragon/www/sportmate_pemwebII-main/sportmate/artisan(14): Illuminate/Foundation/Application->handleCommand(Object(Symfony/Component/Console/Input/ArgvInput))
#5 {main}
"} 
[2026-07-10 01:58:03] local.ERROR: Scheduled command ["C:\laragon\bin\php\php-8.4.19-Win32-vs17-x64\php.exe" "artisan" event:update-status] failed with exit code [1]. {"exception":"[object] (Exception(code: 0): Scheduled command [\"C:\\laragon\\bin\\php\\php-8.4.19-Win32-vs17-x64\\php.exe\" \"artisan\" event:update-status] failed with exit code [1]. at C:/laragon/www/sportmate_pemwebII-main/sportmate/vendor/laravel/framework/src/Illuminate/Console/Scheduling/ScheduleRunCommand.php:207)
[stacktrace]
#0 C:/laragon/www/sportmate_pemwebII-main/sportmate/vendor/laravel/framework/src/Illuminate/Console/View/Components/Task.php(41): Illuminate/Console/Scheduling/ScheduleRunCommand->{closure:Illuminate/Console/Scheduling/ScheduleRunCommand::runEvent():191}()
#1 C:/laragon/www/sportmate_pemwebII-main/sportmate/vendor/laravel/framework/src/Illuminate/Console/View/Components/Factory.php(59): Illuminate/Console/View/Components/Task->render('<fg=gray>2026-0...', Object(Closure))
#2 C:/laragon/www/sportmate_pemwebII-main/sportmate/vendor/laravel/framework/src/Illuminate/Console/Scheduling/ScheduleRunCommand.php(191): Illuminate/Console/View/Components/Factory->__call('task', Array)
#3 C:/laragon/www/sportmate_pemwebII-main/sportmate/vendor/laravel/framework/src/Illuminate/Console/Scheduling/ScheduleRunCommand.php(134): Illuminate/Console/Scheduling/ScheduleRunCommand->runEvent(Object(Illuminate/Console/Scheduling/Event))
#4 C:/laragon/www/sportmate_pemwebII-main/sportmate/vendor/laravel/framework/src/Illuminate/Container/BoundMethod.php(36): Illuminate/Console/Scheduling/ScheduleRunCommand->handle(Object(Illuminate/Console/Scheduling/Schedule), Object(Illuminate/Events/Dispatcher), Object(Illuminate/Cache/Repository), Object(NunoMaduro/Collision/Adapters/Laravel/ExceptionHandler))
#5 C:/laragon/www/sportmate_pemwebII-main/sportmate/vendor/laravel/framework/src/Illuminate/Container/Util.php(43): Illuminate/Container/BoundMethod::{closure:Illuminate/Container/BoundMethod::call():35}()
#6 C:/laragon/www/sportmate_pemwebII-main/sportmate/vendor/laravel/framework/src/Illuminate/Container/BoundMethod.php(96): Illuminate/Container/Util::unwrapIfClosure(Object(Closure))
#7 C:/laragon/www/sportmate_pemwebII-main/sportmate/vendor/laravel/framework/src/Illuminate/Container/BoundMethod.php(35): Illuminate/Container/BoundMethod::callBoundMethod(Object(Illuminate/Foundation/Application), Array, Object(Closure))
#8 C:/laragon/www/sportmate_pemwebII-main/sportmate/vendor/laravel/framework/src/Illuminate/Container/Container.php(799): Illuminate/Container/BoundMethod::call(Object(Illuminate/Foundation/Application), Array, Array, NULL)
#9 C:/laragon/www/sportmate_pemwebII-main/sportmate/vendor/laravel/framework/src/Illuminate/Console/Command.php(211): Illuminate/Container/Container->call(Array)
#10 C:/laragon/www/sportmate_pemwebII-main/sportmate/vendor/symfony/console/Command/Command.php(341): Illuminate/Console/Command->execute(Object(Symfony/Component/Console/Input/ArgvInput), Object(Illuminate/Console/OutputStyle))
#11 C:/laragon/www/sportmate_pemwebII-main/sportmate/vendor/laravel/framework/src/Illuminate/Console/Command.php(180): Symfony/Component/Console/Command/Command->run(Object(Symfony/Component/Console/Input/ArgvInput), Object(Illuminate/Console/OutputStyle))
#12 C:/laragon/www/sportmate_pemwebII-main/sportmate/vendor/symfony/console/Application.php(1117): Illuminate/Console/Command->run(Object(Symfony/Component/Console/Input/ArgvInput), Object(Symfony/Component/Console/Output/ConsoleOutput))
#13 C:/laragon/www/sportmate_pemwebII-main/sportmate/vendor/symfony/console/Application.php(356): Symfony/Component/Console/Application->doRunCommand(Object(Illuminate/Console/Scheduling/ScheduleRunCommand), Object(Symfony/Component/Console/Input/ArgvInput), Object(Symfony/Component/Console/Output/ConsoleOutput))
#14 C:/laragon/www/sportmate_pemwebII-main/sportmate/vendor/symfony/console/Application.php(195): Symfony/Component/Console/Application->doRun(Object(Symfony/Component/Console/Input/ArgvInput), Object(Symfony/Component/Console/Output/ConsoleOutput))
#15 C:/laragon/www/sportmate_pemwebII-main/sportmate/vendor/laravel/framework/src/Illuminate/Foundation/Console/Kernel.php(198): Symfony/Component/Console/Application->run(Object(Symfony/Component/Console/Input/ArgvInput), Object(Symfony/Component/Console/Output/ConsoleOutput))
#16 C:/laragon/www/sportmate_pemwebII-main/sportmate/vendor/laravel/framework/src/Illuminate/Foundation/Application.php(1235): Illuminate/Foundation/Console/Kernel->handle(Object(Symfony/Component/Console/Input/ArgvInput), Object(Symfony/Component/Console/Output/ConsoleOutput))
#17 C:/laragon/www/sportmate_pemwebII-main/sportmate/artisan(14): Illuminate/Foundation/Application->handleCommand(Object(Symfony/Component/Console/Input/ArgvInput))
#18 {main}
"} 
[2026-07-10 01:58:11] local.ERROR: Could not parse '2026-07-25 00:00:00 07:00:00': Failed to parse time string (2026-07-25 00:00:00 07:00:00) at position 20 (0): Double time specification {"exception":"[object] (Carbon\\Exceptions\\InvalidFormatException(code: 0): Could not parse '2026-07-25 00:00:00 07:00:00': Failed to parse time string (2026-07-25 00:00:00 07:00:00) at position 20 (0): Double time specification at C:/laragon/www/sportmate_pemwebII-main/sportmate/vendor/nesbot/carbon/src/Carbon/Traits/Creator.php:194)
[stacktrace]
#0 C:/laragon/www/sportmate_pemwebII-main/sportmate/vendor/nesbot/carbon/src/Carbon/Traits/Creator.php(214): Carbon/Carbon::rawParse('2026-07-25 00:0...', NULL)
#1 C:/laragon/www/sportmate_pemwebII-main/sportmate/app/Console/Commands/AutoUpdateEventStatus.php(41): Carbon/Carbon::parse('2026-07-25 00:0...')
#2 C:/laragon/www/sportmate_pemwebII-main/sportmate/vendor/laravel/framework/src/Illuminate/Container/BoundMethod.php(36): App/Console/Commands/AutoUpdateEventStatus->handle()
#3 C:/laragon/www/sportmate_pemwebII-main/sportmate/vendor/laravel/framework/src/Illuminate/Container/Util.php(43): Illuminate/Container/BoundMethod::{closure:Illuminate/Container/BoundMethod::call():35}()
#4 C:/laragon/www/sportmate_pemwebII-main/sportmate/vendor/laravel/framework/src/Illuminate/Container/BoundMethod.php(96): Illuminate/Container/Util::unwrapIfClosure(Object(Closure))
#5 C:/laragon/www/sportmate_pemwebII-main/sportmate/vendor/laravel/framework/src/Illuminate/Container/BoundMethod.php(35): Illuminate/Container/BoundMethod::callBoundMethod(Object(Illuminate/Foundation/Application), Array, Object(Closure))
#6 C:/laragon/www/sportmate_pemwebII-main/sportmate/vendor/laravel/framework/src/Illuminate/Container/Container.php(799): Illuminate/Container/BoundMethod::call(Object(Illuminate/Foundation/Application), Array, Array, NULL)
#7 C:/laragon/www/sportmate_pemwebII-main/sportmate/vendor/laravel/framework/src/Illuminate/Console/Command.php(211): Illuminate/Container/Container->call(Array)
#8 C:/laragon/www/sportmate_pemwebII-main/sportmate/vendor/symfony/console/Command/Command.php(341): Illuminate/Console/Command->execute(Object(Symfony/Component/Console/Input/ArgvInput), Object(Illuminate/Console/OutputStyle))
#9 C:/laragon/www/sportmate_pemwebII-main/sportmate/vendor/laravel/framework/src/Illuminate/Console/Command.php(180): Symfony/Component/Console/Command/Command->run(Object(Symfony/Component/Console/Input/ArgvInput), Object(Illuminate/Console/OutputStyle))
#10 C:/laragon/www/sportmate_pemwebII-main/sportmate/vendor/symfony/console/Application.php(1117): Illuminate/Console/Command->run(Object(Symfony/Component/Console/Input/ArgvInput), Object(Symfony/Component/Console/Output/ConsoleOutput))
#11 C:/laragon/www/sportmate_pemwebII-main/sportmate/vendor/symfony/console/Application.php(356): Symfony/Component/Console/Application->doRunCommand(Object(App/Console/Commands/AutoUpdateEventStatus), Object(Symfony/Component/Console/Input/ArgvInput), Object(Symfony/Component/Console/Output/ConsoleOutput))
#12 C:/laragon/www/sportmate_pemwebII-main/sportmate/vendor/symfony/console/Application.php(195): Symfony/Component/Console/Application->doRun(Object(Symfony/Component/Console/Input/ArgvInput), Object(Symfony/Component/Console/Output/ConsoleOutput))
#13 C:/laragon/www/sportmate_pemwebII-main/sportmate/vendor/laravel/framework/src/Illuminate/Foundation/Console/Kernel.php(198): Symfony/Component/Console/Application->run(Object(Symfony/Component/Console/Input/ArgvInput), Object(Symfony/Component/Console/Output/ConsoleOutput))
#14 C:/laragon/www/sportmate_pemwebII-main/sportmate/vendor/laravel/framework/src/Illuminate/Foundation/Application.php(1235): Illuminate/Foundation/Console/Kernel->handle(Object(Symfony/Component/Console/Input/ArgvInput), Object(Symfony/Component/Console/Output/ConsoleOutput))
#15 C:/laragon/www/sportmate_pemwebII-main/sportmate/artisan(14): Illuminate/Foundation/Application->handleCommand(Object(Symfony/Component/Console/Input/ArgvInput))
#16 {main}

[previous exception] [object] (Carbon\\Exceptions\\InvalidFormatException(code: 0): Failed to parse time string (2026-07-25 00:00:00 07:00:00) at position 20 (0): Double time specification at C:/laragon/www/sportmate_pemwebII-main/sportmate/vendor/nesbot/carbon/src/Carbon/Traits/Creator.php:102)
[stacktrace]
#0 C:/laragon/www/sportmate_pemwebII-main/sportmate/vendor/nesbot/carbon/src/Carbon/Traits/Creator.php(183): Carbon/Carbon->__construct('2026-07-25 00:0...', NULL)
#1 C:/laragon/www/sportmate_pemwebII-main/sportmate/vendor/nesbot/carbon/src/Carbon/Traits/Creator.php(214): Carbon/Carbon::rawParse('2026-07-25 00:0...', NULL)
#2 C:/laragon/www/sportmate_pemwebII-main/sportmate/app/Console/Commands/AutoUpdateEventStatus.php(41): Carbon/Carbon::parse('2026-07-25 00:0...')
#3 C:/laragon/www/sportmate_pemwebII-main/sportmate/vendor/laravel/framework/src/Illuminate/Container/BoundMethod.php(36): App/Console/Commands/AutoUpdateEventStatus->handle()
#4 C:/laragon/www/sportmate_pemwebII-main/sportmate/vendor/laravel/framework/src/Illuminate/Container/Util.php(43): Illuminate/Container/BoundMethod::{closure:Illuminate/Container/BoundMethod::call():35}()
#5 C:/laragon/www/sportmate_pemwebII-main/sportmate/vendor/laravel/framework/src/Illuminate/Container/BoundMethod.php(96): Illuminate/Container/Util::unwrapIfClosure(Object(Closure))
#6 C:/laragon/www/sportmate_pemwebII-main/sportmate/vendor/laravel/framework/src/Illuminate/Container/BoundMethod.php(35): Illuminate/Container/BoundMethod::callBoundMethod(Object(Illuminate/Foundation/Application), Array, Object(Closure))
#7 C:/laragon/www/sportmate_pemwebII-main/sportmate/vendor/laravel/framework/src/Illuminate/Container/Container.php(799): Illuminate/Container/BoundMethod::call(Object(Illuminate/Foundation/Application), Array, Array, NULL)
#8 C:/laragon/www/sportmate_pemwebII-main/sportmate/vendor/laravel/framework/src/Illuminate/Console/Command.php(211): Illuminate/Container/Container->call(Array)
#9 C:/laragon/www/sportmate_pemwebII-main/sportmate/vendor/symfony/console/Command/Command.php(341): Illuminate/Console/Command->execute(Object(Symfony/Component/Console/Input/ArgvInput), Object(Illuminate/Console/OutputStyle))
#10 C:/laragon/www/sportmate_pemwebII-main/sportmate/vendor/laravel/framework/src/Illuminate/Console/Command.php(180): Symfony/Component/Console/Command/Command->run(Object(Symfony/Component/Console/Input/ArgvInput), Object(Illuminate/Console/OutputStyle))
#11 C:/laragon/www/sportmate_pemwebII-main/sportmate/vendor/symfony/console/Application.php(1117): Illuminate/Console/Command->run(Object(Symfony/Component/Console/Input/ArgvInput), Object(Symfony/Component/Console/Output/ConsoleOutput))
#12 C:/laragon/www/sportmate_pemwebII-main/sportmate/vendor/symfony/console/Application.php(356): Symfony/Component/Console/Application->doRunCommand(Object(App/Console/Commands/AutoUpdateEventStatus), Object(Symfony/Component/Console/Input/ArgvInput), Object(Symfony/Component/Console/Output/ConsoleOutput))
#13 C:/laragon/www/sportmate_pemwebII-main/sportmate/vendor/symfony/console/Application.php(195): Symfony/Component/Console/Application->doRun(Object(Symfony/Component/Console/Input/ArgvInput), Object(Symfony/Component/Console/Output/ConsoleOutput))
#14 C:/laragon/www/sportmate_pemwebII-main/sportmate/vendor/laravel/framework/src/Illuminate/Foundation/Console/Kernel.php(198): Symfony/Component/Console/Application->run(Object(Symfony/Component/Console/Input/ArgvInput), Object(Symfony/Component/Console/Output/ConsoleOutput))
#15 C:/laragon/www/sportmate_pemwebII-main/sportmate/vendor/laravel/framework/src/Illuminate/Foundation/Application.php(1235): Illuminate/Foundation/Console/Kernel->handle(Object(Symfony/Component/Console/Input/ArgvInput), Object(Symfony/Component/Console/Output/ConsoleOutput))
#16 C:/laragon/www/sportmate_pemwebII-main/sportmate/artisan(14): Illuminate/Foundation/Application->handleCommand(Object(Symfony/Component/Console/Input/ArgvInput))
#17 {main}

[previous exception] [object] (DateMalformedStringException(code: 0): Failed to parse time string (2026-07-25 00:00:00 07:00:00) at position 20 (0): Double time specification at C:/laragon/www/sportmate_pemwebII-main/sportmate/vendor/nesbot/carbon/src/Carbon/Traits/Creator.php:100)
[stacktrace]
#0 C:/laragon/www/sportmate_pemwebII-main/sportmate/vendor/nesbot/carbon/src/Carbon/Traits/Creator.php(100): DateTime->__construct('2026-07-25 00:0...', NULL)
#1 C:/laragon/www/sportmate_pemwebII-main/sportmate/vendor/nesbot/carbon/src/Carbon/Traits/Creator.php(183): Carbon/Carbon->__construct('2026-07-25 00:0...', NULL)
#2 C:/laragon/www/sportmate_pemwebII-main/sportmate/vendor/nesbot/carbon/src/Carbon/Traits/Creator.php(214): Carbon/Carbon::rawParse('2026-07-25 00:0...', NULL)
#3 C:/laragon/www/sportmate_pemwebII-main/sportmate/app/Console/Commands/AutoUpdateEventStatus.php(41): Carbon/Carbon::parse('2026-07-25 00:0...')
#4 C:/laragon/www/sportmate_pemwebII-main/sportmate/vendor/laravel/framework/src/Illuminate/Container/BoundMethod.php(36): App/Console/Commands/AutoUpdateEventStatus->handle()
#5 C:/laragon/www/sportmate_pemwebII-main/sportmate/vendor/laravel/framework/src/Illuminate/Container/Util.php(43): Illuminate/Container/BoundMethod::{closure:Illuminate/Container/BoundMethod::call():35}()
#6 C:/laragon/www/sportmate_pemwebII-main/sportmate/vendor/laravel/framework/src/Illuminate/Container/BoundMethod.php(96): Illuminate/Container/Util::unwrapIfClosure(Object(Closure))
#7 C:/laragon/www/sportmate_pemwebII-main/sportmate/vendor/laravel/framework/src/Illuminate/Container/BoundMethod.php(35): Illuminate/Container/BoundMethod::callBoundMethod(Object(Illuminate/Foundation/Application), Array, Object(Closure))
#8 C:/laragon/www/sportmate_pemwebII-main/sportmate/vendor/laravel/framework/src/Illuminate/Container/Container.php(799): Illuminate/Container/BoundMethod::call(Object(Illuminate/Foundation/Application), Array, Array, NULL)
#9 C:/laragon/www/sportmate_pemwebII-main/sportmate/vendor/laravel/framework/src/Illuminate/Console/Command.php(211): Illuminate/Container/Container->call(Array)
#10 C:/laragon/www/sportmate_pemwebII-main/sportmate/vendor/symfony/console/Command/Command.php(341): Illuminate/Console/Command->execute(Object(Symfony/Component/Console/Input/ArgvInput), Object(Illuminate/Console/OutputStyle))
#11 C:/laragon/www/sportmate_pemwebII-main/sportmate/vendor/laravel/framework/src/Illuminate/Console/Command.php(180): Symfony/Component/Console/Command/Command->run(Object(Symfony/Component/Console/Input/ArgvInput), Object(Illuminate/Console/OutputStyle))
#12 C:/laragon/www/sportmate_pemwebII-main/sportmate/vendor/symfony/console/Application.php(1117): Illuminate/Console/Command->run(Object(Symfony/Component/Console/Input/ArgvInput), Object(Symfony/Component/Console/Output/ConsoleOutput))
#13 C:/laragon/www/sportmate_pemwebII-main/sportmate/vendor/symfony/console/Application.php(356): Symfony/Component/Console/Application->doRunCommand(Object(App/Console/Commands/AutoUpdateEventStatus), Object(Symfony/Component/Console/Input/ArgvInput), Object(Symfony/Component/Console/Output/ConsoleOutput))
#14 C:/laragon/www/sportmate_pemwebII-main/sportmate/vendor/symfony/console/Application.php(195): Symfony/Component/Console/Application->doRun(Object(Symfony/Component/Console/Input/ArgvInput), Object(Symfony/Component/Console/Output/ConsoleOutput))
#15 C:/laragon/www/sportmate_pemwebII-main/sportmate/vendor/laravel/framework/src/Illuminate/Foundation/Console/Kernel.php(198): Symfony/Component/Console/Application->run(Object(Symfony/Component/Console/Input/ArgvInput), Object(Symfony/Component/Console/Output/ConsoleOutput))
#16 C:/laragon/www/sportmate_pemwebII-main/sportmate/vendor/laravel/framework/src/Illuminate/Foundation/Application.php(1235): Illuminate/Foundation/Console/Kernel->handle(Object(Symfony/Component/Console/Input/ArgvInput), Object(Symfony/Component/Console/Output/ConsoleOutput))
#17 C:/laragon/www/sportmate_pemwebII-main/sportmate/artisan(14): Illuminate/Foundation/Application->handleCommand(Object(Symfony/Component/Console/Input/ArgvInput))
#18 {main}
"} 
[2026-07-10 01:59:02] local.ERROR: Command "event:update-status" is not defined.

Did you mean one of these?
    event:cache
    event:clear
    event:list {"exception":"[object] (Symfony\\Component\\Console\\Exception\\CommandNotFoundException(code: 0): Command \"event:update-status\" is not defined.

Did you mean one of these?
    event:cache
    event:clear
    event:list at C:/laragon/www/sportmate_pemwebII-main/sportmate/vendor/symfony/console/Application.php:759)
[stacktrace]
#0 C:/laragon/www/sportmate_pemwebII-main/sportmate/vendor/symfony/console/Application.php(298): Symfony/Component/Console/Application->find('event:update-st...')
#1 C:/laragon/www/sportmate_pemwebII-main/sportmate/vendor/symfony/console/Application.php(195): Symfony/Component/Console/Application->doRun(Object(Symfony/Component/Console/Input/ArgvInput), Object(Symfony/Component/Console/Output/ConsoleOutput))
#2 C:/laragon/www/sportmate_pemwebII-main/sportmate/vendor/laravel/framework/src/Illuminate/Foundation/Console/Kernel.php(198): Symfony/Component/Console/Application->run(Object(Symfony/Component/Console/Input/ArgvInput), Object(Symfony/Component/Console/Output/ConsoleOutput))
#3 C:/laragon/www/sportmate_pemwebII-main/sportmate/vendor/laravel/framework/src/Illuminate/Foundation/Application.php(1235): Illuminate/Foundation/Console/Kernel->handle(Object(Symfony/Component/Console/Input/ArgvInput), Object(Symfony/Component/Console/Output/ConsoleOutput))
#4 C:/laragon/www/sportmate_pemwebII-main/sportmate/artisan(14): Illuminate/Foundation/Application->handleCommand(Object(Symfony/Component/Console/Input/ArgvInput))
#5 {main}
"} 
[2026-07-10 01:59:03] local.ERROR: Scheduled command ["C:\laragon\bin\php\php-8.4.19-Win32-vs17-x64\php.exe" "artisan" event:update-status] failed with exit code [1]. {"exception":"[object] (Exception(code: 0): Scheduled command [\"C:\\laragon\\bin\\php\\php-8.4.19-Win32-vs17-x64\\php.exe\" \"artisan\" event:update-status] failed with exit code [1]. at C:/laragon/www/sportmate_pemwebII-main/sportmate/vendor/laravel/framework/src/Illuminate/Console/Scheduling/ScheduleRunCommand.php:207)
[stacktrace]
#0 C:/laragon/www/sportmate_pemwebII-main/sportmate/vendor/laravel/framework/src/Illuminate/Console/View/Components/Task.php(41): Illuminate/Console/Scheduling/ScheduleRunCommand->{closure:Illuminate/Console/Scheduling/ScheduleRunCommand::runEvent():191}()
#1 C:/laragon/www/sportmate_pemwebII-main/sportmate/vendor/laravel/framework/src/Illuminate/Console/View/Components/Factory.php(59): Illuminate/Console/View/Components/Task->render('<fg=gray>2026-0...', Object(Closure))
#2 C:/laragon/www/sportmate_pemwebII-main/sportmate/vendor/laravel/framework/src/Illuminate/Console/Scheduling/ScheduleRunCommand.php(191): Illuminate/Console/View/Components/Factory->__call('task', Array)
#3 C:/laragon/www/sportmate_pemwebII-main/sportmate/vendor/laravel/framework/src/Illuminate/Console/Scheduling/ScheduleRunCommand.php(134): Illuminate/Console/Scheduling/ScheduleRunCommand->runEvent(Object(Illuminate/Console/Scheduling/Event))
#4 C:/laragon/www/sportmate_pemwebII-main/sportmate/vendor/laravel/framework/src/Illuminate/Container/BoundMethod.php(36): Illuminate/Console/Scheduling/ScheduleRunCommand->handle(Object(Illuminate/Console/Scheduling/Schedule), Object(Illuminate/Events/Dispatcher), Object(Illuminate/Cache/Repository), Object(NunoMaduro/Collision/Adapters/Laravel/ExceptionHandler))
#5 C:/laragon/www/sportmate_pemwebII-main/sportmate/vendor/laravel/framework/src/Illuminate/Container/Util.php(43): Illuminate/Container/BoundMethod::{closure:Illuminate/Container/BoundMethod::call():35}()
#6 C:/laragon/www/sportmate_pemwebII-main/sportmate/vendor/laravel/framework/src/Illuminate/Container/BoundMethod.php(96): Illuminate/Container/Util::unwrapIfClosure(Object(Closure))
#7 C:/laragon/www/sportmate_pemwebII-main/sportmate/vendor/laravel/framework/src/Illuminate/Container/BoundMethod.php(35): Illuminate/Container/BoundMethod::callBoundMethod(Object(Illuminate/Foundation/Application), Array, Object(Closure))
#8 C:/laragon/www/sportmate_pemwebII-main/sportmate/vendor/laravel/framework/src/Illuminate/Container/Container.php(799): Illuminate/Container/BoundMethod::call(Object(Illuminate/Foundation/Application), Array, Array, NULL)
#9 C:/laragon/www/sportmate_pemwebII-main/sportmate/vendor/laravel/framework/src/Illuminate/Console/Command.php(211): Illuminate/Container/Container->call(Array)
#10 C:/laragon/www/sportmate_pemwebII-main/sportmate/vendor/symfony/console/Command/Command.php(341): Illuminate/Console/Command->execute(Object(Symfony/Component/Console/Input/ArgvInput), Object(Illuminate/Console/OutputStyle))
#11 C:/laragon/www/sportmate_pemwebII-main/sportmate/vendor/laravel/framework/src/Illuminate/Console/Command.php(180): Symfony/Component/Console/Command/Command->run(Object(Symfony/Component/Console/Input/ArgvInput), Object(Illuminate/Console/OutputStyle))
#12 C:/laragon/www/sportmate_pemwebII-main/sportmate/vendor/symfony/console/Application.php(1117): Illuminate/Console/Command->run(Object(Symfony/Component/Console/Input/ArgvInput), Object(Symfony/Component/Console/Output/ConsoleOutput))
#13 C:/laragon/www/sportmate_pemwebII-main/sportmate/vendor/symfony/console/Application.php(356): Symfony/Component/Console/Application->doRunCommand(Object(Illuminate/Console/Scheduling/ScheduleRunCommand), Object(Symfony/Component/Console/Input/ArgvInput), Object(Symfony/Component/Console/Output/ConsoleOutput))
#14 C:/laragon/www/sportmate_pemwebII-main/sportmate/vendor/symfony/console/Application.php(195): Symfony/Component/Console/Application->doRun(Object(Symfony/Component/Console/Input/ArgvInput), Object(Symfony/Component/Console/Output/ConsoleOutput))
#15 C:/laragon/www/sportmate_pemwebII-main/sportmate/vendor/laravel/framework/src/Illuminate/Foundation/Console/Kernel.php(198): Symfony/Component/Console/Application->run(Object(Symfony/Component/Console/Input/ArgvInput), Object(Symfony/Component/Console/Output/ConsoleOutput))
#16 C:/laragon/www/sportmate_pemwebII-main/sportmate/vendor/laravel/framework/src/Illuminate/Foundation/Application.php(1235): Illuminate/Foundation/Console/Kernel->handle(Object(Symfony/Component/Console/Input/ArgvInput), Object(Symfony/Component/Console/Output/ConsoleOutput))
#17 C:/laragon/www/sportmate_pemwebII-main/sportmate/artisan(14): Illuminate/Foundation/Application->handleCommand(Object(Symfony/Component/Console/Input/ArgvInput))
#18 {main}
"} 
[2026-07-10 02:00:02] local.ERROR: Command "event:update-status" is not defined.

Did you mean one of these?
    event:cache
    event:clear
    event:list {"exception":"[object] (Symfony\\Component\\Console\\Exception\\CommandNotFoundException(code: 0): Command \"event:update-status\" is not defined.

Did you mean one of these?
    event:cache
    event:clear
    event:list at C:/laragon/www/sportmate_pemwebII-main/sportmate/vendor/symfony/console/Application.php:759)
[stacktrace]
#0 C:/laragon/www/sportmate_pemwebII-main/sportmate/vendor/symfony/console/Application.php(298): Symfony/Component/Console/Application->find('event:update-st...')
#1 C:/laragon/www/sportmate_pemwebII-main/sportmate/vendor/symfony/console/Application.php(195): Symfony/Component/Console/Application->doRun(Object(Symfony/Component/Console/Input/ArgvInput), Object(Symfony/Component/Console/Output/ConsoleOutput))
#2 C:/laragon/www/sportmate_pemwebII-main/sportmate/vendor/laravel/framework/src/Illuminate/Foundation/Console/Kernel.php(198): Symfony/Component/Console/Application->run(Object(Symfony/Component/Console/Input/ArgvInput), Object(Symfony/Component/Console/Output/ConsoleOutput))
#3 C:/laragon/www/sportmate_pemwebII-main/sportmate/vendor/laravel/framework/src/Illuminate/Foundation/Application.php(1235): Illuminate/Foundation/Console/Kernel->handle(Object(Symfony/Component/Console/Input/ArgvInput), Object(Symfony/Component/Console/Output/ConsoleOutput))
#4 C:/laragon/www/sportmate_pemwebII-main/sportmate/artisan(14): Illuminate/Foundation/Application->handleCommand(Object(Symfony/Component/Console/Input/ArgvInput))
#5 {main}
"} 
[2026-07-10 02:00:02] local.ERROR: Scheduled command ["C:\laragon\bin\php\php-8.4.19-Win32-vs17-x64\php.exe" "artisan" event:update-status] failed with exit code [1]. {"exception":"[object] (Exception(code: 0): Scheduled command [\"C:\\laragon\\bin\\php\\php-8.4.19-Win32-vs17-x64\\php.exe\" \"artisan\" event:update-status] failed with exit code [1]. at C:/laragon/www/sportmate_pemwebII-main/sportmate/vendor/laravel/framework/src/Illuminate/Console/Scheduling/ScheduleRunCommand.php:207)
[stacktrace]
#0 C:/laragon/www/sportmate_pemwebII-main/sportmate/vendor/laravel/framework/src/Illuminate/Console/View/Components/Task.php(41): Illuminate/Console/Scheduling/ScheduleRunCommand->{closure:Illuminate/Console/Scheduling/ScheduleRunCommand::runEvent():191}()
#1 C:/laragon/www/sportmate_pemwebII-main/sportmate/vendor/laravel/framework/src/Illuminate/Console/View/Components/Factory.php(59): Illuminate/Console/View/Components/Task->render('<fg=gray>2026-0...', Object(Closure))
#2 C:/laragon/www/sportmate_pemwebII-main/sportmate/vendor/laravel/framework/src/Illuminate/Console/Scheduling/ScheduleRunCommand.php(191): Illuminate/Console/View/Components/Factory->__call('task', Array)
#3 C:/laragon/www/sportmate_pemwebII-main/sportmate/vendor/laravel/framework/src/Illuminate/Console/Scheduling/ScheduleRunCommand.php(134): Illuminate/Console/Scheduling/ScheduleRunCommand->runEvent(Object(Illuminate/Console/Scheduling/Event))
#4 C:/laragon/www/sportmate_pemwebII-main/sportmate/vendor/laravel/framework/src/Illuminate/Container/BoundMethod.php(36): Illuminate/Console/Scheduling/ScheduleRunCommand->handle(Object(Illuminate/Console/Scheduling/Schedule), Object(Illuminate/Events/Dispatcher), Object(Illuminate/Cache/Repository), Object(NunoMaduro/Collision/Adapters/Laravel/ExceptionHandler))
#5 C:/laragon/www/sportmate_pemwebII-main/sportmate/vendor/laravel/framework/src/Illuminate/Container/Util.php(43): Illuminate/Container/BoundMethod::{closure:Illuminate/Container/BoundMethod::call():35}()
#6 C:/laragon/www/sportmate_pemwebII-main/sportmate/vendor/laravel/framework/src/Illuminate/Container/BoundMethod.php(96): Illuminate/Container/Util::unwrapIfClosure(Object(Closure))
#7 C:/laragon/www/sportmate_pemwebII-main/sportmate/vendor/laravel/framework/src/Illuminate/Container/BoundMethod.php(35): Illuminate/Container/BoundMethod::callBoundMethod(Object(Illuminate/Foundation/Application), Array, Object(Closure))
#8 C:/laragon/www/sportmate_pemwebII-main/sportmate/vendor/laravel/framework/src/Illuminate/Container/Container.php(799): Illuminate/Container/BoundMethod::call(Object(Illuminate/Foundation/Application), Array, Array, NULL)
#9 C:/laragon/www/sportmate_pemwebII-main/sportmate/vendor/laravel/framework/src/Illuminate/Console/Command.php(211): Illuminate/Container/Container->call(Array)
#10 C:/laragon/www/sportmate_pemwebII-main/sportmate/vendor/symfony/console/Command/Command.php(341): Illuminate/Console/Command->execute(Object(Symfony/Component/Console/Input/ArgvInput), Object(Illuminate/Console/OutputStyle))
#11 C:/laragon/www/sportmate_pemwebII-main/sportmate/vendor/laravel/framework/src/Illuminate/Console/Command.php(180): Symfony/Component/Console/Command/Command->run(Object(Symfony/Component/Console/Input/ArgvInput), Object(Illuminate/Console/OutputStyle))
#12 C:/laragon/www/sportmate_pemwebII-main/sportmate/vendor/symfony/console/Application.php(1117): Illuminate/Console/Command->run(Object(Symfony/Component/Console/Input/ArgvInput), Object(Symfony/Component/Console/Output/ConsoleOutput))
#13 C:/laragon/www/sportmate_pemwebII-main/sportmate/vendor/symfony/console/Application.php(356): Symfony/Component/Console/Application->doRunCommand(Object(Illuminate/Console/Scheduling/ScheduleRunCommand), Object(Symfony/Component/Console/Input/ArgvInput), Object(Symfony/Component/Console/Output/ConsoleOutput))
#14 C:/laragon/www/sportmate_pemwebII-main/sportmate/vendor/symfony/console/Application.php(195): Symfony/Component/Console/Application->doRun(Object(Symfony/Component/Console/Input/ArgvInput), Object(Symfony/Component/Console/Output/ConsoleOutput))
#15 C:/laragon/www/sportmate_pemwebII-main/sportmate/vendor/laravel/framework/src/Illuminate/Foundation/Console/Kernel.php(198): Symfony/Component/Console/Application->run(Object(Symfony/Component/Console/Input/ArgvInput), Object(Symfony/Component/Console/Output/ConsoleOutput))
#16 C:/laragon/www/sportmate_pemwebII-main/sportmate/vendor/laravel/framework/src/Illuminate/Foundation/Application.php(1235): Illuminate/Foundation/Console/Kernel->handle(Object(Symfony/Component/Console/Input/ArgvInput), Object(Symfony/Component/Console/Output/ConsoleOutput))
#17 C:/laragon/www/sportmate_pemwebII-main/sportmate/artisan(14): Illuminate/Foundation/Application->handleCommand(Object(Symfony/Component/Console/Input/ArgvInput))
#18 {main}
"} 
[2026-07-10 02:01:02] local.ERROR: Command "event:update-status" is not defined.

Did you mean one of these?
    event:cache
    event:clear
    event:list {"exception":"[object] (Symfony\\Component\\Console\\Exception\\CommandNotFoundException(code: 0): Command \"event:update-status\" is not defined.

Did you mean one of these?
    event:cache
    event:clear
    event:list at C:/laragon/www/sportmate_pemwebII-main/sportmate/vendor/symfony/console/Application.php:759)
[stacktrace]
#0 C:/laragon/www/sportmate_pemwebII-main/sportmate/vendor/symfony/console/Application.php(298): Symfony/Component/Console/Application->find('event:update-st...')
#1 C:/laragon/www/sportmate_pemwebII-main/sportmate/vendor/symfony/console/Application.php(195): Symfony/Component/Console/Application->doRun(Object(Symfony/Component/Console/Input/ArgvInput), Object(Symfony/Component/Console/Output/ConsoleOutput))
#2 C:/laragon/www/sportmate_pemwebII-main/sportmate/vendor/laravel/framework/src/Illuminate/Foundation/Console/Kernel.php(198): Symfony/Component/Console/Application->run(Object(Symfony/Component/Console/Input/ArgvInput), Object(Symfony/Component/Console/Output/ConsoleOutput))
#3 C:/laragon/www/sportmate_pemwebII-main/sportmate/vendor/laravel/framework/src/Illuminate/Foundation/Application.php(1235): Illuminate/Foundation/Console/Kernel->handle(Object(Symfony/Component/Console/Input/ArgvInput), Object(Symfony/Component/Console/Output/ConsoleOutput))
#4 C:/laragon/www/sportmate_pemwebII-main/sportmate/artisan(14): Illuminate/Foundation/Application->handleCommand(Object(Symfony/Component/Console/Input/ArgvInput))
#5 {main}
"} 
[2026-07-10 02:01:02] local.ERROR: Scheduled command ["C:\laragon\bin\php\php-8.4.19-Win32-vs17-x64\php.exe" "artisan" event:update-status] failed with exit code [1]. {"exception":"[object] (Exception(code: 0): Scheduled command [\"C:\\laragon\\bin\\php\\php-8.4.19-Win32-vs17-x64\\php.exe\" \"artisan\" event:update-status] failed with exit code [1]. at C:/laragon/www/sportmate_pemwebII-main/sportmate/vendor/laravel/framework/src/Illuminate/Console/Scheduling/ScheduleRunCommand.php:207)
[stacktrace]
#0 C:/laragon/www/sportmate_pemwebII-main/sportmate/vendor/laravel/framework/src/Illuminate/Console/View/Components/Task.php(41): Illuminate/Console/Scheduling/ScheduleRunCommand->{closure:Illuminate/Console/Scheduling/ScheduleRunCommand::runEvent():191}()
#1 C:/laragon/www/sportmate_pemwebII-main/sportmate/vendor/laravel/framework/src/Illuminate/Console/View/Components/Factory.php(59): Illuminate/Console/View/Components/Task->render('<fg=gray>2026-0...', Object(Closure))
#2 C:/laragon/www/sportmate_pemwebII-main/sportmate/vendor/laravel/framework/src/Illuminate/Console/Scheduling/ScheduleRunCommand.php(191): Illuminate/Console/View/Components/Factory->__call('task', Array)
#3 C:/laragon/www/sportmate_pemwebII-main/sportmate/vendor/laravel/framework/src/Illuminate/Console/Scheduling/ScheduleRunCommand.php(134): Illuminate/Console/Scheduling/ScheduleRunCommand->runEvent(Object(Illuminate/Console/Scheduling/Event))
#4 C:/laragon/www/sportmate_pemwebII-main/sportmate/vendor/laravel/framework/src/Illuminate/Container/BoundMethod.php(36): Illuminate/Console/Scheduling/ScheduleRunCommand->handle(Object(Illuminate/Console/Scheduling/Schedule), Object(Illuminate/Events/Dispatcher), Object(Illuminate/Cache/Repository), Object(NunoMaduro/Collision/Adapters/Laravel/ExceptionHandler))
#5 C:/laragon/www/sportmate_pemwebII-main/sportmate/vendor/laravel/framework/src/Illuminate/Container/Util.php(43): Illuminate/Container/BoundMethod::{closure:Illuminate/Container/BoundMethod::call():35}()
#6 C:/laragon/www/sportmate_pemwebII-main/sportmate/vendor/laravel/framework/src/Illuminate/Container/BoundMethod.php(96): Illuminate/Container/Util::unwrapIfClosure(Object(Closure))
#7 C:/laragon/www/sportmate_pemwebII-main/sportmate/vendor/laravel/framework/src/Illuminate/Container/BoundMethod.php(35): Illuminate/Container/BoundMethod::callBoundMethod(Object(Illuminate/Foundation/Application), Array, Object(Closure))
#8 C:/laragon/www/sportmate_pemwebII-main/sportmate/vendor/laravel/framework/src/Illuminate/Container/Container.php(799): Illuminate/Container/BoundMethod::call(Object(Illuminate/Foundation/Application), Array, Array, NULL)
#9 C:/laragon/www/sportmate_pemwebII-main/sportmate/vendor/laravel/framework/src/Illuminate/Console/Command.php(211): Illuminate/Container/Container->call(Array)
#10 C:/laragon/www/sportmate_pemwebII-main/sportmate/vendor/symfony/console/Command/Command.php(341): Illuminate/Console/Command->execute(Object(Symfony/Component/Console/Input/ArgvInput), Object(Illuminate/Console/OutputStyle))
#11 C:/laragon/www/sportmate_pemwebII-main/sportmate/vendor/laravel/framework/src/Illuminate/Console/Command.php(180): Symfony/Component/Console/Command/Command->run(Object(Symfony/Component/Console/Input/ArgvInput), Object(Illuminate/Console/OutputStyle))
#12 C:/laragon/www/sportmate_pemwebII-main/sportmate/vendor/symfony/console/Application.php(1117): Illuminate/Console/Command->run(Object(Symfony/Component/Console/Input/ArgvInput), Object(Symfony/Component/Console/Output/ConsoleOutput))
#13 C:/laragon/www/sportmate_pemwebII-main/sportmate/vendor/symfony/console/Application.php(356): Symfony/Component/Console/Application->doRunCommand(Object(Illuminate/Console/Scheduling/ScheduleRunCommand), Object(Symfony/Component/Console/Input/ArgvInput), Object(Symfony/Component/Console/Output/ConsoleOutput))
#14 C:/laragon/www/sportmate_pemwebII-main/sportmate/vendor/symfony/console/Application.php(195): Symfony/Component/Console/Application->doRun(Object(Symfony/Component/Console/Input/ArgvInput), Object(Symfony/Component/Console/Output/ConsoleOutput))
#15 C:/laragon/www/sportmate_pemwebII-main/sportmate/vendor/laravel/framework/src/Illuminate/Foundation/Console/Kernel.php(198): Symfony/Component/Console/Application->run(Object(Symfony/Component/Console/Input/ArgvInput), Object(Symfony/Component/Console/Output/ConsoleOutput))
#16 C:/laragon/www/sportmate_pemwebII-main/sportmate/vendor/laravel/framework/src/Illuminate/Foundation/Application.php(1235): Illuminate/Foundation/Console/Kernel->handle(Object(Symfony/Component/Console/Input/ArgvInput), Object(Symfony/Component/Console/Output/ConsoleOutput))
#17 C:/laragon/www/sportmate_pemwebII-main/sportmate/artisan(14): Illuminate/Foundation/Application->handleCommand(Object(Symfony/Component/Console/Input/ArgvInput))
#18 {main}
"} 
[2026-07-10 02:02:03] local.ERROR: Command "event:update-status" is not defined.

Did you mean one of these?
    event:cache
    event:clear
    event:list {"exception":"[object] (Symfony\\Component\\Console\\Exception\\CommandNotFoundException(code: 0): Command \"event:update-status\" is not defined.

Did you mean one of these?
    event:cache
    event:clear
    event:list at C:/laragon/www/sportmate_pemwebII-main/sportmate/vendor/symfony/console/Application.php:759)
[stacktrace]
#0 C:/laragon/www/sportmate_pemwebII-main/sportmate/vendor/symfony/console/Application.php(298): Symfony/Component/Console/Application->find('event:update-st...')
#1 C:/laragon/www/sportmate_pemwebII-main/sportmate/vendor/symfony/console/Application.php(195): Symfony/Component/Console/Application->doRun(Object(Symfony/Component/Console/Input/ArgvInput), Object(Symfony/Component/Console/Output/ConsoleOutput))
#2 C:/laragon/www/sportmate_pemwebII-main/sportmate/vendor/laravel/framework/src/Illuminate/Foundation/Console/Kernel.php(198): Symfony/Component/Console/Application->run(Object(Symfony/Component/Console/Input/ArgvInput), Object(Symfony/Component/Console/Output/ConsoleOutput))
#3 C:/laragon/www/sportmate_pemwebII-main/sportmate/vendor/laravel/framework/src/Illuminate/Foundation/Application.php(1235): Illuminate/Foundation/Console/Kernel->handle(Object(Symfony/Component/Console/Input/ArgvInput), Object(Symfony/Component/Console/Output/ConsoleOutput))
#4 C:/laragon/www/sportmate_pemwebII-main/sportmate/artisan(14): Illuminate/Foundation/Application->handleCommand(Object(Symfony/Component/Console/Input/ArgvInput))
#5 {main}
"} 
[2026-07-10 02:02:03] local.ERROR: Scheduled command ["C:\laragon\bin\php\php-8.4.19-Win32-vs17-x64\php.exe" "artisan" event:update-status] failed with exit code [1]. {"exception":"[object] (Exception(code: 0): Scheduled command [\"C:\\laragon\\bin\\php\\php-8.4.19-Win32-vs17-x64\\php.exe\" \"artisan\" event:update-status] failed with exit code [1]. at C:/laragon/www/sportmate_pemwebII-main/sportmate/vendor/laravel/framework/src/Illuminate/Console/Scheduling/ScheduleRunCommand.php:207)
[stacktrace]
#0 C:/laragon/www/sportmate_pemwebII-main/sportmate/vendor/laravel/framework/src/Illuminate/Console/View/Components/Task.php(41): Illuminate/Console/Scheduling/ScheduleRunCommand->{closure:Illuminate/Console/Scheduling/ScheduleRunCommand::runEvent():191}()
#1 C:/laragon/www/sportmate_pemwebII-main/sportmate/vendor/laravel/framework/src/Illuminate/Console/View/Components/Factory.php(59): Illuminate/Console/View/Components/Task->render('<fg=gray>2026-0...', Object(Closure))
#2 C:/laragon/www/sportmate_pemwebII-main/sportmate/vendor/laravel/framework/src/Illuminate/Console/Scheduling/ScheduleRunCommand.php(191): Illuminate/Console/View/Components/Factory->__call('task', Array)
#3 C:/laragon/www/sportmate_pemwebII-main/sportmate/vendor/laravel/framework/src/Illuminate/Console/Scheduling/ScheduleRunCommand.php(134): Illuminate/Console/Scheduling/ScheduleRunCommand->runEvent(Object(Illuminate/Console/Scheduling/Event))
#4 C:/laragon/www/sportmate_pemwebII-main/sportmate/vendor/laravel/framework/src/Illuminate/Container/BoundMethod.php(36): Illuminate/Console/Scheduling/ScheduleRunCommand->handle(Object(Illuminate/Console/Scheduling/Schedule), Object(Illuminate/Events/Dispatcher), Object(Illuminate/Cache/Repository), Object(NunoMaduro/Collision/Adapters/Laravel/ExceptionHandler))
#5 C:/laragon/www/sportmate_pemwebII-main/sportmate/vendor/laravel/framework/src/Illuminate/Container/Util.php(43): Illuminate/Container/BoundMethod::{closure:Illuminate/Container/BoundMethod::call():35}()
#6 C:/laragon/www/sportmate_pemwebII-main/sportmate/vendor/laravel/framework/src/Illuminate/Container/BoundMethod.php(96): Illuminate/Container/Util::unwrapIfClosure(Object(Closure))
#7 C:/laragon/www/sportmate_pemwebII-main/sportmate/vendor/laravel/framework/src/Illuminate/Container/BoundMethod.php(35): Illuminate/Container/BoundMethod::callBoundMethod(Object(Illuminate/Foundation/Application), Array, Object(Closure))
#8 C:/laragon/www/sportmate_pemwebII-main/sportmate/vendor/laravel/framework/src/Illuminate/Container/Container.php(799): Illuminate/Container/BoundMethod::call(Object(Illuminate/Foundation/Application), Array, Array, NULL)
#9 C:/laragon/www/sportmate_pemwebII-main/sportmate/vendor/laravel/framework/src/Illuminate/Console/Command.php(211): Illuminate/Container/Container->call(Array)
#10 C:/laragon/www/sportmate_pemwebII-main/sportmate/vendor/symfony/console/Command/Command.php(341): Illuminate/Console/Command->execute(Object(Symfony/Component/Console/Input/ArgvInput), Object(Illuminate/Console/OutputStyle))
#11 C:/laragon/www/sportmate_pemwebII-main/sportmate/vendor/laravel/framework/src/Illuminate/Console/Command.php(180): Symfony/Component/Console/Command/Command->run(Object(Symfony/Component/Console/Input/ArgvInput), Object(Illuminate/Console/OutputStyle))
#12 C:/laragon/www/sportmate_pemwebII-main/sportmate/vendor/symfony/console/Application.php(1117): Illuminate/Console/Command->run(Object(Symfony/Component/Console/Input/ArgvInput), Object(Symfony/Component/Console/Output/ConsoleOutput))
#13 C:/laragon/www/sportmate_pemwebII-main/sportmate/vendor/symfony/console/Application.php(356): Symfony/Component/Console/Application->doRunCommand(Object(Illuminate/Console/Scheduling/ScheduleRunCommand), Object(Symfony/Component/Console/Input/ArgvInput), Object(Symfony/Component/Console/Output/ConsoleOutput))
#14 C:/laragon/www/sportmate_pemwebII-main/sportmate/vendor/symfony/console/Application.php(195): Symfony/Component/Console/Application->doRun(Object(Symfony/Component/Console/Input/ArgvInput), Object(Symfony/Component/Console/Output/ConsoleOutput))
#15 C:/laragon/www/sportmate_pemwebII-main/sportmate/vendor/laravel/framework/src/Illuminate/Foundation/Console/Kernel.php(198): Symfony/Component/Console/Application->run(Object(Symfony/Component/Console/Input/ArgvInput), Object(Symfony/Component/Console/Output/ConsoleOutput))
#16 C:/laragon/www/sportmate_pemwebII-main/sportmate/vendor/laravel/framework/src/Illuminate/Foundation/Application.php(1235): Illuminate/Foundation/Console/Kernel->handle(Object(Symfony/Component/Console/Input/ArgvInput), Object(Symfony/Component/Console/Output/ConsoleOutput))
#17 C:/laragon/www/sportmate_pemwebII-main/sportmate/artisan(14): Illuminate/Foundation/Application->handleCommand(Object(Symfony/Component/Console/Input/ArgvInput))
#18 {main}
"} 
[2026-07-10 02:03:02] local.ERROR: Command "event:update-status" is not defined.

Did you mean one of these?
    event:cache
    event:clear
    event:list {"exception":"[object] (Symfony\\Component\\Console\\Exception\\CommandNotFoundException(code: 0): Command \"event:update-status\" is not defined.

Did you mean one of these?
    event:cache
    event:clear
    event:list at C:/laragon/www/sportmate_pemwebII-main/sportmate/vendor/symfony/console/Application.php:759)
[stacktrace]
#0 C:/laragon/www/sportmate_pemwebII-main/sportmate/vendor/symfony/console/Application.php(298): Symfony/Component/Console/Application->find('event:update-st...')
#1 C:/laragon/www/sportmate_pemwebII-main/sportmate/vendor/symfony/console/Application.php(195): Symfony/Component/Console/Application->doRun(Object(Symfony/Component/Console/Input/ArgvInput), Object(Symfony/Component/Console/Output/ConsoleOutput))
#2 C:/laragon/www/sportmate_pemwebII-main/sportmate/vendor/laravel/framework/src/Illuminate/Foundation/Console/Kernel.php(198): Symfony/Component/Console/Application->run(Object(Symfony/Component/Console/Input/ArgvInput), Object(Symfony/Component/Console/Output/ConsoleOutput))
#3 C:/laragon/www/sportmate_pemwebII-main/sportmate/vendor/laravel/framework/src/Illuminate/Foundation/Application.php(1235): Illuminate/Foundation/Console/Kernel->handle(Object(Symfony/Component/Console/Input/ArgvInput), Object(Symfony/Component/Console/Output/ConsoleOutput))
#4 C:/laragon/www/sportmate_pemwebII-main/sportmate/artisan(14): Illuminate/Foundation/Application->handleCommand(Object(Symfony/Component/Console/Input/ArgvInput))
#5 {main}
"} 
[2026-07-10 02:03:02] local.ERROR: Scheduled command ["C:\laragon\bin\php\php-8.4.19-Win32-vs17-x64\php.exe" "artisan" event:update-status] failed with exit code [1]. {"exception":"[object] (Exception(code: 0): Scheduled command [\"C:\\laragon\\bin\\php\\php-8.4.19-Win32-vs17-x64\\php.exe\" \"artisan\" event:update-status] failed with exit code [1]. at C:/laragon/www/sportmate_pemwebII-main/sportmate/vendor/laravel/framework/src/Illuminate/Console/Scheduling/ScheduleRunCommand.php:207)
[stacktrace]
#0 C:/laragon/www/sportmate_pemwebII-main/sportmate/vendor/laravel/framework/src/Illuminate/Console/View/Components/Task.php(41): Illuminate/Console/Scheduling/ScheduleRunCommand->{closure:Illuminate/Console/Scheduling/ScheduleRunCommand::runEvent():191}()
#1 C:/laragon/www/sportmate_pemwebII-main/sportmate/vendor/laravel/framework/src/Illuminate/Console/View/Components/Factory.php(59): Illuminate/Console/View/Components/Task->render('<fg=gray>2026-0...', Object(Closure))
#2 C:/laragon/www/sportmate_pemwebII-main/sportmate/vendor/laravel/framework/src/Illuminate/Console/Scheduling/ScheduleRunCommand.php(191): Illuminate/Console/View/Components/Factory->__call('task', Array)
#3 C:/laragon/www/sportmate_pemwebII-main/sportmate/vendor/laravel/framework/src/Illuminate/Console/Scheduling/ScheduleRunCommand.php(134): Illuminate/Console/Scheduling/ScheduleRunCommand->runEvent(Object(Illuminate/Console/Scheduling/Event))
#4 C:/laragon/www/sportmate_pemwebII-main/sportmate/vendor/laravel/framework/src/Illuminate/Container/BoundMethod.php(36): Illuminate/Console/Scheduling/ScheduleRunCommand->handle(Object(Illuminate/Console/Scheduling/Schedule), Object(Illuminate/Events/Dispatcher), Object(Illuminate/Cache/Repository), Object(NunoMaduro/Collision/Adapters/Laravel/ExceptionHandler))
#5 C:/laragon/www/sportmate_pemwebII-main/sportmate/vendor/laravel/framework/src/Illuminate/Container/Util.php(43): Illuminate/Container/BoundMethod::{closure:Illuminate/Container/BoundMethod::call():35}()
#6 C:/laragon/www/sportmate_pemwebII-main/sportmate/vendor/laravel/framework/src/Illuminate/Container/BoundMethod.php(96): Illuminate/Container/Util::unwrapIfClosure(Object(Closure))
#7 C:/laragon/www/sportmate_pemwebII-main/sportmate/vendor/laravel/framework/src/Illuminate/Container/BoundMethod.php(35): Illuminate/Container/BoundMethod::callBoundMethod(Object(Illuminate/Foundation/Application), Array, Object(Closure))
#8 C:/laragon/www/sportmate_pemwebII-main/sportmate/vendor/laravel/framework/src/Illuminate/Container/Container.php(799): Illuminate/Container/BoundMethod::call(Object(Illuminate/Foundation/Application), Array, Array, NULL)
#9 C:/laragon/www/sportmate_pemwebII-main/sportmate/vendor/laravel/framework/src/Illuminate/Console/Command.php(211): Illuminate/Container/Container->call(Array)
#10 C:/laragon/www/sportmate_pemwebII-main/sportmate/vendor/symfony/console/Command/Command.php(341): Illuminate/Console/Command->execute(Object(Symfony/Component/Console/Input/ArgvInput), Object(Illuminate/Console/OutputStyle))
#11 C:/laragon/www/sportmate_pemwebII-main/sportmate/vendor/laravel/framework/src/Illuminate/Console/Command.php(180): Symfony/Component/Console/Command/Command->run(Object(Symfony/Component/Console/Input/ArgvInput), Object(Illuminate/Console/OutputStyle))
#12 C:/laragon/www/sportmate_pemwebII-main/sportmate/vendor/symfony/console/Application.php(1117): Illuminate/Console/Command->run(Object(Symfony/Component/Console/Input/ArgvInput), Object(Symfony/Component/Console/Output/ConsoleOutput))
#13 C:/laragon/www/sportmate_pemwebII-main/sportmate/vendor/symfony/console/Application.php(356): Symfony/Component/Console/Application->doRunCommand(Object(Illuminate/Console/Scheduling/ScheduleRunCommand), Object(Symfony/Component/Console/Input/ArgvInput), Object(Symfony/Component/Console/Output/ConsoleOutput))
#14 C:/laragon/www/sportmate_pemwebII-main/sportmate/vendor/symfony/console/Application.php(195): Symfony/Component/Console/Application->doRun(Object(Symfony/Component/Console/Input/ArgvInput), Object(Symfony/Component/Console/Output/ConsoleOutput))
#15 C:/laragon/www/sportmate_pemwebII-main/sportmate/vendor/laravel/framework/src/Illuminate/Foundation/Console/Kernel.php(198): Symfony/Component/Console/Application->run(Object(Symfony/Component/Console/Input/ArgvInput), Object(Symfony/Component/Console/Output/ConsoleOutput))
#16 C:/laragon/www/sportmate_pemwebII-main/sportmate/vendor/laravel/framework/src/Illuminate/Foundation/Application.php(1235): Illuminate/Foundation/Console/Kernel->handle(Object(Symfony/Component/Console/Input/ArgvInput), Object(Symfony/Component/Console/Output/ConsoleOutput))
#17 C:/laragon/www/sportmate_pemwebII-main/sportmate/artisan(14): Illuminate/Foundation/Application->handleCommand(Object(Symfony/Component/Console/Input/ArgvInput))
#18 {main}
"} 
[2026-07-10 02:04:03] local.ERROR: Command "event:update-status" is not defined.

Did you mean one of these?
    event:cache
    event:clear
    event:list {"exception":"[object] (Symfony\\Component\\Console\\Exception\\CommandNotFoundException(code: 0): Command \"event:update-status\" is not defined.

Did you mean one of these?
    event:cache
    event:clear
    event:list at C:/laragon/www/sportmate_pemwebII-main/sportmate/vendor/symfony/console/Application.php:759)
[stacktrace]
#0 C:/laragon/www/sportmate_pemwebII-main/sportmate/vendor/symfony/console/Application.php(298): Symfony/Component/Console/Application->find('event:update-st...')
#1 C:/laragon/www/sportmate_pemwebII-main/sportmate/vendor/symfony/console/Application.php(195): Symfony/Component/Console/Application->doRun(Object(Symfony/Component/Console/Input/ArgvInput), Object(Symfony/Component/Console/Output/ConsoleOutput))
#2 C:/laragon/www/sportmate_pemwebII-main/sportmate/vendor/laravel/framework/src/Illuminate/Foundation/Console/Kernel.php(198): Symfony/Component/Console/Application->run(Object(Symfony/Component/Console/Input/ArgvInput), Object(Symfony/Component/Console/Output/ConsoleOutput))
#3 C:/laragon/www/sportmate_pemwebII-main/sportmate/vendor/laravel/framework/src/Illuminate/Foundation/Application.php(1235): Illuminate/Foundation/Console/Kernel->handle(Object(Symfony/Component/Console/Input/ArgvInput), Object(Symfony/Component/Console/Output/ConsoleOutput))
#4 C:/laragon/www/sportmate_pemwebII-main/sportmate/artisan(14): Illuminate/Foundation/Application->handleCommand(Object(Symfony/Component/Console/Input/ArgvInput))
#5 {main}
"} 
[2026-07-10 02:04:03] local.ERROR: Scheduled command ["C:\laragon\bin\php\php-8.4.19-Win32-vs17-x64\php.exe" "artisan" event:update-status] failed with exit code [1]. {"exception":"[object] (Exception(code: 0): Scheduled command [\"C:\\laragon\\bin\\php\\php-8.4.19-Win32-vs17-x64\\php.exe\" \"artisan\" event:update-status] failed with exit code [1]. at C:/laragon/www/sportmate_pemwebII-main/sportmate/vendor/laravel/framework/src/Illuminate/Console/Scheduling/ScheduleRunCommand.php:207)
[stacktrace]
#0 C:/laragon/www/sportmate_pemwebII-main/sportmate/vendor/laravel/framework/src/Illuminate/Console/View/Components/Task.php(41): Illuminate/Console/Scheduling/ScheduleRunCommand->{closure:Illuminate/Console/Scheduling/ScheduleRunCommand::runEvent():191}()
#1 C:/laragon/www/sportmate_pemwebII-main/sportmate/vendor/laravel/framework/src/Illuminate/Console/View/Components/Factory.php(59): Illuminate/Console/View/Components/Task->render('<fg=gray>2026-0...', Object(Closure))
#2 C:/laragon/www/sportmate_pemwebII-main/sportmate/vendor/laravel/framework/src/Illuminate/Console/Scheduling/ScheduleRunCommand.php(191): Illuminate/Console/View/Components/Factory->__call('task', Array)
#3 C:/laragon/www/sportmate_pemwebII-main/sportmate/vendor/laravel/framework/src/Illuminate/Console/Scheduling/ScheduleRunCommand.php(134): Illuminate/Console/Scheduling/ScheduleRunCommand->runEvent(Object(Illuminate/Console/Scheduling/Event))
#4 C:/laragon/www/sportmate_pemwebII-main/sportmate/vendor/laravel/framework/src/Illuminate/Container/BoundMethod.php(36): Illuminate/Console/Scheduling/ScheduleRunCommand->handle(Object(Illuminate/Console/Scheduling/Schedule), Object(Illuminate/Events/Dispatcher), Object(Illuminate/Cache/Repository), Object(NunoMaduro/Collision/Adapters/Laravel/ExceptionHandler))
#5 C:/laragon/www/sportmate_pemwebII-main/sportmate/vendor/laravel/framework/src/Illuminate/Container/Util.php(43): Illuminate/Container/BoundMethod::{closure:Illuminate/Container/BoundMethod::call():35}()
#6 C:/laragon/www/sportmate_pemwebII-main/sportmate/vendor/laravel/framework/src/Illuminate/Container/BoundMethod.php(96): Illuminate/Container/Util::unwrapIfClosure(Object(Closure))
#7 C:/laragon/www/sportmate_pemwebII-main/sportmate/vendor/laravel/framework/src/Illuminate/Container/BoundMethod.php(35): Illuminate/Container/BoundMethod::callBoundMethod(Object(Illuminate/Foundation/Application), Array, Object(Closure))
#8 C:/laragon/www/sportmate_pemwebII-main/sportmate/vendor/laravel/framework/src/Illuminate/Container/Container.php(799): Illuminate/Container/BoundMethod::call(Object(Illuminate/Foundation/Application), Array, Array, NULL)
#9 C:/laragon/www/sportmate_pemwebII-main/sportmate/vendor/laravel/framework/src/Illuminate/Console/Command.php(211): Illuminate/Container/Container->call(Array)
#10 C:/laragon/www/sportmate_pemwebII-main/sportmate/vendor/symfony/console/Command/Command.php(341): Illuminate/Console/Command->execute(Object(Symfony/Component/Console/Input/ArgvInput), Object(Illuminate/Console/OutputStyle))
#11 C:/laragon/www/sportmate_pemwebII-main/sportmate/vendor/laravel/framework/src/Illuminate/Console/Command.php(180): Symfony/Component/Console/Command/Command->run(Object(Symfony/Component/Console/Input/ArgvInput), Object(Illuminate/Console/OutputStyle))
#12 C:/laragon/www/sportmate_pemwebII-main/sportmate/vendor/symfony/console/Application.php(1117): Illuminate/Console/Command->run(Object(Symfony/Component/Console/Input/ArgvInput), Object(Symfony/Component/Console/Output/ConsoleOutput))
#13 C:/laragon/www/sportmate_pemwebII-main/sportmate/vendor/symfony/console/Application.php(356): Symfony/Component/Console/Application->doRunCommand(Object(Illuminate/Console/Scheduling/ScheduleRunCommand), Object(Symfony/Component/Console/Input/ArgvInput), Object(Symfony/Component/Console/Output/ConsoleOutput))
#14 C:/laragon/www/sportmate_pemwebII-main/sportmate/vendor/symfony/console/Application.php(195): Symfony/Component/Console/Application->doRun(Object(Symfony/Component/Console/Input/ArgvInput), Object(Symfony/Component/Console/Output/ConsoleOutput))
#15 C:/laragon/www/sportmate_pemwebII-main/sportmate/vendor/laravel/framework/src/Illuminate/Foundation/Console/Kernel.php(198): Symfony/Component/Console/Application->run(Object(Symfony/Component/Console/Input/ArgvInput), Object(Symfony/Component/Console/Output/ConsoleOutput))
#16 C:/laragon/www/sportmate_pemwebII-main/sportmate/vendor/laravel/framework/src/Illuminate/Foundation/Application.php(1235): Illuminate/Foundation/Console/Kernel->handle(Object(Symfony/Component/Console/Input/ArgvInput), Object(Symfony/Component/Console/Output/ConsoleOutput))
#17 C:/laragon/www/sportmate_pemwebII-main/sportmate/artisan(14): Illuminate/Foundation/Application->handleCommand(Object(Symfony/Component/Console/Input/ArgvInput))
#18 {main}
"} 
[2026-07-10 02:05:02] local.ERROR: Command "event:update-status" is not defined.

Did you mean one of these?
    event:cache
    event:clear
    event:list {"exception":"[object] (Symfony\\Component\\Console\\Exception\\CommandNotFoundException(code: 0): Command \"event:update-status\" is not defined.

Did you mean one of these?
    event:cache
    event:clear
    event:list at C:/laragon/www/sportmate_pemwebII-main/sportmate/vendor/symfony/console/Application.php:759)
[stacktrace]
#0 C:/laragon/www/sportmate_pemwebII-main/sportmate/vendor/symfony/console/Application.php(298): Symfony/Component/Console/Application->find('event:update-st...')
#1 C:/laragon/www/sportmate_pemwebII-main/sportmate/vendor/symfony/console/Application.php(195): Symfony/Component/Console/Application->doRun(Object(Symfony/Component/Console/Input/ArgvInput), Object(Symfony/Component/Console/Output/ConsoleOutput))
#2 C:/laragon/www/sportmate_pemwebII-main/sportmate/vendor/laravel/framework/src/Illuminate/Foundation/Console/Kernel.php(198): Symfony/Component/Console/Application->run(Object(Symfony/Component/Console/Input/ArgvInput), Object(Symfony/Component/Console/Output/ConsoleOutput))
#3 C:/laragon/www/sportmate_pemwebII-main/sportmate/vendor/laravel/framework/src/Illuminate/Foundation/Application.php(1235): Illuminate/Foundation/Console/Kernel->handle(Object(Symfony/Component/Console/Input/ArgvInput), Object(Symfony/Component/Console/Output/ConsoleOutput))
#4 C:/laragon/www/sportmate_pemwebII-main/sportmate/artisan(14): Illuminate/Foundation/Application->handleCommand(Object(Symfony/Component/Console/Input/ArgvInput))
#5 {main}
"} 
[2026-07-10 02:05:02] local.ERROR: Scheduled command ["C:\laragon\bin\php\php-8.4.19-Win32-vs17-x64\php.exe" "artisan" event:update-status] failed with exit code [1]. {"exception":"[object] (Exception(code: 0): Scheduled command [\"C:\\laragon\\bin\\php\\php-8.4.19-Win32-vs17-x64\\php.exe\" \"artisan\" event:update-status] failed with exit code [1]. at C:/laragon/www/sportmate_pemwebII-main/sportmate/vendor/laravel/framework/src/Illuminate/Console/Scheduling/ScheduleRunCommand.php:207)
[stacktrace]
#0 C:/laragon/www/sportmate_pemwebII-main/sportmate/vendor/laravel/framework/src/Illuminate/Console/View/Components/Task.php(41): Illuminate/Console/Scheduling/ScheduleRunCommand->{closure:Illuminate/Console/Scheduling/ScheduleRunCommand::runEvent():191}()
#1 C:/laragon/www/sportmate_pemwebII-main/sportmate/vendor/laravel/framework/src/Illuminate/Console/View/Components/Factory.php(59): Illuminate/Console/View/Components/Task->render('<fg=gray>2026-0...', Object(Closure))
#2 C:/laragon/www/sportmate_pemwebII-main/sportmate/vendor/laravel/framework/src/Illuminate/Console/Scheduling/ScheduleRunCommand.php(191): Illuminate/Console/View/Components/Factory->__call('task', Array)
#3 C:/laragon/www/sportmate_pemwebII-main/sportmate/vendor/laravel/framework/src/Illuminate/Console/Scheduling/ScheduleRunCommand.php(134): Illuminate/Console/Scheduling/ScheduleRunCommand->runEvent(Object(Illuminate/Console/Scheduling/Event))
#4 C:/laragon/www/sportmate_pemwebII-main/sportmate/vendor/laravel/framework/src/Illuminate/Container/BoundMethod.php(36): Illuminate/Console/Scheduling/ScheduleRunCommand->handle(Object(Illuminate/Console/Scheduling/Schedule), Object(Illuminate/Events/Dispatcher), Object(Illuminate/Cache/Repository), Object(NunoMaduro/Collision/Adapters/Laravel/ExceptionHandler))
#5 C:/laragon/www/sportmate_pemwebII-main/sportmate/vendor/laravel/framework/src/Illuminate/Container/Util.php(43): Illuminate/Container/BoundMethod::{closure:Illuminate/Container/BoundMethod::call():35}()
#6 C:/laragon/www/sportmate_pemwebII-main/sportmate/vendor/laravel/framework/src/Illuminate/Container/BoundMethod.php(96): Illuminate/Container/Util::unwrapIfClosure(Object(Closure))
#7 C:/laragon/www/sportmate_pemwebII-main/sportmate/vendor/laravel/framework/src/Illuminate/Container/BoundMethod.php(35): Illuminate/Container/BoundMethod::callBoundMethod(Object(Illuminate/Foundation/Application), Array, Object(Closure))
#8 C:/laragon/www/sportmate_pemwebII-main/sportmate/vendor/laravel/framework/src/Illuminate/Container/Container.php(799): Illuminate/Container/BoundMethod::call(Object(Illuminate/Foundation/Application), Array, Array, NULL)
#9 C:/laragon/www/sportmate_pemwebII-main/sportmate/vendor/laravel/framework/src/Illuminate/Console/Command.php(211): Illuminate/Container/Container->call(Array)
#10 C:/laragon/www/sportmate_pemwebII-main/sportmate/vendor/symfony/console/Command/Command.php(341): Illuminate/Console/Command->execute(Object(Symfony/Component/Console/Input/ArgvInput), Object(Illuminate/Console/OutputStyle))
#11 C:/laragon/www/sportmate_pemwebII-main/sportmate/vendor/laravel/framework/src/Illuminate/Console/Command.php(180): Symfony/Component/Console/Command/Command->run(Object(Symfony/Component/Console/Input/ArgvInput), Object(Illuminate/Console/OutputStyle))
#12 C:/laragon/www/sportmate_pemwebII-main/sportmate/vendor/symfony/console/Application.php(1117): Illuminate/Console/Command->run(Object(Symfony/Component/Console/Input/ArgvInput), Object(Symfony/Component/Console/Output/ConsoleOutput))
#13 C:/laragon/www/sportmate_pemwebII-main/sportmate/vendor/symfony/console/Application.php(356): Symfony/Component/Console/Application->doRunCommand(Object(Illuminate/Console/Scheduling/ScheduleRunCommand), Object(Symfony/Component/Console/Input/ArgvInput), Object(Symfony/Component/Console/Output/ConsoleOutput))
#14 C:/laragon/www/sportmate_pemwebII-main/sportmate/vendor/symfony/console/Application.php(195): Symfony/Component/Console/Application->doRun(Object(Symfony/Component/Console/Input/ArgvInput), Object(Symfony/Component/Console/Output/ConsoleOutput))
#15 C:/laragon/www/sportmate_pemwebII-main/sportmate/vendor/laravel/framework/src/Illuminate/Foundation/Console/Kernel.php(198): Symfony/Component/Console/Application->run(Object(Symfony/Component/Console/Input/ArgvInput), Object(Symfony/Component/Console/Output/ConsoleOutput))
#16 C:/laragon/www/sportmate_pemwebII-main/sportmate/vendor/laravel/framework/src/Illuminate/Foundation/Application.php(1235): Illuminate/Foundation/Console/Kernel->handle(Object(Symfony/Component/Console/Input/ArgvInput), Object(Symfony/Component/Console/Output/ConsoleOutput))
#17 C:/laragon/www/sportmate_pemwebII-main/sportmate/artisan(14): Illuminate/Foundation/Application->handleCommand(Object(Symfony/Component/Console/Input/ArgvInput))
#18 {main}
"} 
[2026-07-10 02:06:02] local.ERROR: Command "event:update-status" is not defined.

Did you mean one of these?
    event:cache
    event:clear
    event:list {"exception":"[object] (Symfony\\Component\\Console\\Exception\\CommandNotFoundException(code: 0): Command \"event:update-status\" is not defined.

Did you mean one of these?
    event:cache
    event:clear
    event:list at C:/laragon/www/sportmate_pemwebII-main/sportmate/vendor/symfony/console/Application.php:759)
[stacktrace]
#0 C:/laragon/www/sportmate_pemwebII-main/sportmate/vendor/symfony/console/Application.php(298): Symfony/Component/Console/Application->find('event:update-st...')
#1 C:/laragon/www/sportmate_pemwebII-main/sportmate/vendor/symfony/console/Application.php(195): Symfony/Component/Console/Application->doRun(Object(Symfony/Component/Console/Input/ArgvInput), Object(Symfony/Component/Console/Output/ConsoleOutput))
#2 C:/laragon/www/sportmate_pemwebII-main/sportmate/vendor/laravel/framework/src/Illuminate/Foundation/Console/Kernel.php(198): Symfony/Component/Console/Application->run(Object(Symfony/Component/Console/Input/ArgvInput), Object(Symfony/Component/Console/Output/ConsoleOutput))
#3 C:/laragon/www/sportmate_pemwebII-main/sportmate/vendor/laravel/framework/src/Illuminate/Foundation/Application.php(1235): Illuminate/Foundation/Console/Kernel->handle(Object(Symfony/Component/Console/Input/ArgvInput), Object(Symfony/Component/Console/Output/ConsoleOutput))
#4 C:/laragon/www/sportmate_pemwebII-main/sportmate/artisan(14): Illuminate/Foundation/Application->handleCommand(Object(Symfony/Component/Console/Input/ArgvInput))
#5 {main}
"} 
[2026-07-10 02:06:02] local.ERROR: Scheduled command ["C:\laragon\bin\php\php-8.4.19-Win32-vs17-x64\php.exe" "artisan" event:update-status] failed with exit code [1]. {"exception":"[object] (Exception(code: 0): Scheduled command [\"C:\\laragon\\bin\\php\\php-8.4.19-Win32-vs17-x64\\php.exe\" \"artisan\" event:update-status] failed with exit code [1]. at C:/laragon/www/sportmate_pemwebII-main/sportmate/vendor/laravel/framework/src/Illuminate/Console/Scheduling/ScheduleRunCommand.php:207)
[stacktrace]
#0 C:/laragon/www/sportmate_pemwebII-main/sportmate/vendor/laravel/framework/src/Illuminate/Console/View/Components/Task.php(41): Illuminate/Console/Scheduling/ScheduleRunCommand->{closure:Illuminate/Console/Scheduling/ScheduleRunCommand::runEvent():191}()
#1 C:/laragon/www/sportmate_pemwebII-main/sportmate/vendor/laravel/framework/src/Illuminate/Console/View/Components/Factory.php(59): Illuminate/Console/View/Components/Task->render('<fg=gray>2026-0...', Object(Closure))
#2 C:/laragon/www/sportmate_pemwebII-main/sportmate/vendor/laravel/framework/src/Illuminate/Console/Scheduling/ScheduleRunCommand.php(191): Illuminate/Console/View/Components/Factory->__call('task', Array)
#3 C:/laragon/www/sportmate_pemwebII-main/sportmate/vendor/laravel/framework/src/Illuminate/Console/Scheduling/ScheduleRunCommand.php(134): Illuminate/Console/Scheduling/ScheduleRunCommand->runEvent(Object(Illuminate/Console/Scheduling/Event))
#4 C:/laragon/www/sportmate_pemwebII-main/sportmate/vendor/laravel/framework/src/Illuminate/Container/BoundMethod.php(36): Illuminate/Console/Scheduling/ScheduleRunCommand->handle(Object(Illuminate/Console/Scheduling/Schedule), Object(Illuminate/Events/Dispatcher), Object(Illuminate/Cache/Repository), Object(NunoMaduro/Collision/Adapters/Laravel/ExceptionHandler))
#5 C:/laragon/www/sportmate_pemwebII-main/sportmate/vendor/laravel/framework/src/Illuminate/Container/Util.php(43): Illuminate/Container/BoundMethod::{closure:Illuminate/Container/BoundMethod::call():35}()
#6 C:/laragon/www/sportmate_pemwebII-main/sportmate/vendor/laravel/framework/src/Illuminate/Container/BoundMethod.php(96): Illuminate/Container/Util::unwrapIfClosure(Object(Closure))
#7 C:/laragon/www/sportmate_pemwebII-main/sportmate/vendor/laravel/framework/src/Illuminate/Container/BoundMethod.php(35): Illuminate/Container/BoundMethod::callBoundMethod(Object(Illuminate/Foundation/Application), Array, Object(Closure))
#8 C:/laragon/www/sportmate_pemwebII-main/sportmate/vendor/laravel/framework/src/Illuminate/Container/Container.php(799): Illuminate/Container/BoundMethod::call(Object(Illuminate/Foundation/Application), Array, Array, NULL)
#9 C:/laragon/www/sportmate_pemwebII-main/sportmate/vendor/laravel/framework/src/Illuminate/Console/Command.php(211): Illuminate/Container/Container->call(Array)
#10 C:/laragon/www/sportmate_pemwebII-main/sportmate/vendor/symfony/console/Command/Command.php(341): Illuminate/Console/Command->execute(Object(Symfony/Component/Console/Input/ArgvInput), Object(Illuminate/Console/OutputStyle))
#11 C:/laragon/www/sportmate_pemwebII-main/sportmate/vendor/laravel/framework/src/Illuminate/Console/Command.php(180): Symfony/Component/Console/Command/Command->run(Object(Symfony/Component/Console/Input/ArgvInput), Object(Illuminate/Console/OutputStyle))
#12 C:/laragon/www/sportmate_pemwebII-main/sportmate/vendor/symfony/console/Application.php(1117): Illuminate/Console/Command->run(Object(Symfony/Component/Console/Input/ArgvInput), Object(Symfony/Component/Console/Output/ConsoleOutput))
#13 C:/laragon/www/sportmate_pemwebII-main/sportmate/vendor/symfony/console/Application.php(356): Symfony/Component/Console/Application->doRunCommand(Object(Illuminate/Console/Scheduling/ScheduleRunCommand), Object(Symfony/Component/Console/Input/ArgvInput), Object(Symfony/Component/Console/Output/ConsoleOutput))
#14 C:/laragon/www/sportmate_pemwebII-main/sportmate/vendor/symfony/console/Application.php(195): Symfony/Component/Console/Application->doRun(Object(Symfony/Component/Console/Input/ArgvInput), Object(Symfony/Component/Console/Output/ConsoleOutput))
#15 C:/laragon/www/sportmate_pemwebII-main/sportmate/vendor/laravel/framework/src/Illuminate/Foundation/Console/Kernel.php(198): Symfony/Component/Console/Application->run(Object(Symfony/Component/Console/Input/ArgvInput), Object(Symfony/Component/Console/Output/ConsoleOutput))
#16 C:/laragon/www/sportmate_pemwebII-main/sportmate/vendor/laravel/framework/src/Illuminate/Foundation/Application.php(1235): Illuminate/Foundation/Console/Kernel->handle(Object(Symfony/Component/Console/Input/ArgvInput), Object(Symfony/Component/Console/Output/ConsoleOutput))
#17 C:/laragon/www/sportmate_pemwebII-main/sportmate/artisan(14): Illuminate/Foundation/Application->handleCommand(Object(Symfony/Component/Console/Input/ArgvInput))
#18 {main}
"} 
[2026-07-10 02:07:02] local.ERROR: Command "event:update-status" is not defined.

Did you mean one of these?
    event:cache
    event:clear
    event:list {"exception":"[object] (Symfony\\Component\\Console\\Exception\\CommandNotFoundException(code: 0): Command \"event:update-status\" is not defined.

Did you mean one of these?
    event:cache
    event:clear
    event:list at C:/laragon/www/sportmate_pemwebII-main/sportmate/vendor/symfony/console/Application.php:759)
[stacktrace]
#0 C:/laragon/www/sportmate_pemwebII-main/sportmate/vendor/symfony/console/Application.php(298): Symfony/Component/Console/Application->find('event:update-st...')
#1 C:/laragon/www/sportmate_pemwebII-main/sportmate/vendor/symfony/console/Application.php(195): Symfony/Component/Console/Application->doRun(Object(Symfony/Component/Console/Input/ArgvInput), Object(Symfony/Component/Console/Output/ConsoleOutput))
#2 C:/laragon/www/sportmate_pemwebII-main/sportmate/vendor/laravel/framework/src/Illuminate/Foundation/Console/Kernel.php(198): Symfony/Component/Console/Application->run(Object(Symfony/Component/Console/Input/ArgvInput), Object(Symfony/Component/Console/Output/ConsoleOutput))
#3 C:/laragon/www/sportmate_pemwebII-main/sportmate/vendor/laravel/framework/src/Illuminate/Foundation/Application.php(1235): Illuminate/Foundation/Console/Kernel->handle(Object(Symfony/Component/Console/Input/ArgvInput), Object(Symfony/Component/Console/Output/ConsoleOutput))
#4 C:/laragon/www/sportmate_pemwebII-main/sportmate/artisan(14): Illuminate/Foundation/Application->handleCommand(Object(Symfony/Component/Console/Input/ArgvInput))
#5 {main}
"} 
[2026-07-10 02:07:02] local.ERROR: Scheduled command ["C:\laragon\bin\php\php-8.4.19-Win32-vs17-x64\php.exe" "artisan" event:update-status] failed with exit code [1]. {"exception":"[object] (Exception(code: 0): Scheduled command [\"C:\\laragon\\bin\\php\\php-8.4.19-Win32-vs17-x64\\php.exe\" \"artisan\" event:update-status] failed with exit code [1]. at C:/laragon/www/sportmate_pemwebII-main/sportmate/vendor/laravel/framework/src/Illuminate/Console/Scheduling/ScheduleRunCommand.php:207)
[stacktrace]
#0 C:/laragon/www/sportmate_pemwebII-main/sportmate/vendor/laravel/framework/src/Illuminate/Console/View/Components/Task.php(41): Illuminate/Console/Scheduling/ScheduleRunCommand->{closure:Illuminate/Console/Scheduling/ScheduleRunCommand::runEvent():191}()
#1 C:/laragon/www/sportmate_pemwebII-main/sportmate/vendor/laravel/framework/src/Illuminate/Console/View/Components/Factory.php(59): Illuminate/Console/View/Components/Task->render('<fg=gray>2026-0...', Object(Closure))
#2 C:/laragon/www/sportmate_pemwebII-main/sportmate/vendor/laravel/framework/src/Illuminate/Console/Scheduling/ScheduleRunCommand.php(191): Illuminate/Console/View/Components/Factory->__call('task', Array)
#3 C:/laragon/www/sportmate_pemwebII-main/sportmate/vendor/laravel/framework/src/Illuminate/Console/Scheduling/ScheduleRunCommand.php(134): Illuminate/Console/Scheduling/ScheduleRunCommand->runEvent(Object(Illuminate/Console/Scheduling/Event))
#4 C:/laragon/www/sportmate_pemwebII-main/sportmate/vendor/laravel/framework/src/Illuminate/Container/BoundMethod.php(36): Illuminate/Console/Scheduling/ScheduleRunCommand->handle(Object(Illuminate/Console/Scheduling/Schedule), Object(Illuminate/Events/Dispatcher), Object(Illuminate/Cache/Repository), Object(NunoMaduro/Collision/Adapters/Laravel/ExceptionHandler))
#5 C:/laragon/www/sportmate_pemwebII-main/sportmate/vendor/laravel/framework/src/Illuminate/Container/Util.php(43): Illuminate/Container/BoundMethod::{closure:Illuminate/Container/BoundMethod::call():35}()
#6 C:/laragon/www/sportmate_pemwebII-main/sportmate/vendor/laravel/framework/src/Illuminate/Container/BoundMethod.php(96): Illuminate/Container/Util::unwrapIfClosure(Object(Closure))
#7 C:/laragon/www/sportmate_pemwebII-main/sportmate/vendor/laravel/framework/src/Illuminate/Container/BoundMethod.php(35): Illuminate/Container/BoundMethod::callBoundMethod(Object(Illuminate/Foundation/Application), Array, Object(Closure))
#8 C:/laragon/www/sportmate_pemwebII-main/sportmate/vendor/laravel/framework/src/Illuminate/Container/Container.php(799): Illuminate/Container/BoundMethod::call(Object(Illuminate/Foundation/Application), Array, Array, NULL)
#9 C:/laragon/www/sportmate_pemwebII-main/sportmate/vendor/laravel/framework/src/Illuminate/Console/Command.php(211): Illuminate/Container/Container->call(Array)
#10 C:/laragon/www/sportmate_pemwebII-main/sportmate/vendor/symfony/console/Command/Command.php(341): Illuminate/Console/Command->execute(Object(Symfony/Component/Console/Input/ArgvInput), Object(Illuminate/Console/OutputStyle))
#11 C:/laragon/www/sportmate_pemwebII-main/sportmate/vendor/laravel/framework/src/Illuminate/Console/Command.php(180): Symfony/Component/Console/Command/Command->run(Object(Symfony/Component/Console/Input/ArgvInput), Object(Illuminate/Console/OutputStyle))
#12 C:/laragon/www/sportmate_pemwebII-main/sportmate/vendor/symfony/console/Application.php(1117): Illuminate/Console/Command->run(Object(Symfony/Component/Console/Input/ArgvInput), Object(Symfony/Component/Console/Output/ConsoleOutput))
#13 C:/laragon/www/sportmate_pemwebII-main/sportmate/vendor/symfony/console/Application.php(356): Symfony/Component/Console/Application->doRunCommand(Object(Illuminate/Console/Scheduling/ScheduleRunCommand), Object(Symfony/Component/Console/Input/ArgvInput), Object(Symfony/Component/Console/Output/ConsoleOutput))
#14 C:/laragon/www/sportmate_pemwebII-main/sportmate/vendor/symfony/console/Application.php(195): Symfony/Component/Console/Application->doRun(Object(Symfony/Component/Console/Input/ArgvInput), Object(Symfony/Component/Console/Output/ConsoleOutput))
#15 C:/laragon/www/sportmate_pemwebII-main/sportmate/vendor/laravel/framework/src/Illuminate/Foundation/Console/Kernel.php(198): Symfony/Component/Console/Application->run(Object(Symfony/Component/Console/Input/ArgvInput), Object(Symfony/Component/Console/Output/ConsoleOutput))
#16 C:/laragon/www/sportmate_pemwebII-main/sportmate/vendor/laravel/framework/src/Illuminate/Foundation/Application.php(1235): Illuminate/Foundation/Console/Kernel->handle(Object(Symfony/Component/Console/Input/ArgvInput), Object(Symfony/Component/Console/Output/ConsoleOutput))
#17 C:/laragon/www/sportmate_pemwebII-main/sportmate/artisan(14): Illuminate/Foundation/Application->handleCommand(Object(Symfony/Component/Console/Input/ArgvInput))
#18 {main}
"} 
[2026-07-10 02:08:02] local.ERROR: Command "event:update-status" is not defined.

Did you mean one of these?
    event:cache
    event:clear
    event:list {"exception":"[object] (Symfony\\Component\\Console\\Exception\\CommandNotFoundException(code: 0): Command \"event:update-status\" is not defined.

Did you mean one of these?
    event:cache
    event:clear
    event:list at C:/laragon/www/sportmate_pemwebII-main/sportmate/vendor/symfony/console/Application.php:759)
[stacktrace]
#0 C:/laragon/www/sportmate_pemwebII-main/sportmate/vendor/symfony/console/Application.php(298): Symfony/Component/Console/Application->find('event:update-st...')
#1 C:/laragon/www/sportmate_pemwebII-main/sportmate/vendor/symfony/console/Application.php(195): Symfony/Component/Console/Application->doRun(Object(Symfony/Component/Console/Input/ArgvInput), Object(Symfony/Component/Console/Output/ConsoleOutput))
#2 C:/laragon/www/sportmate_pemwebII-main/sportmate/vendor/laravel/framework/src/Illuminate/Foundation/Console/Kernel.php(198): Symfony/Component/Console/Application->run(Object(Symfony/Component/Console/Input/ArgvInput), Object(Symfony/Component/Console/Output/ConsoleOutput))
#3 C:/laragon/www/sportmate_pemwebII-main/sportmate/vendor/laravel/framework/src/Illuminate/Foundation/Application.php(1235): Illuminate/Foundation/Console/Kernel->handle(Object(Symfony/Component/Console/Input/ArgvInput), Object(Symfony/Component/Console/Output/ConsoleOutput))
#4 C:/laragon/www/sportmate_pemwebII-main/sportmate/artisan(14): Illuminate/Foundation/Application->handleCommand(Object(Symfony/Component/Console/Input/ArgvInput))
#5 {main}
"} 
[2026-07-10 02:08:02] local.ERROR: Scheduled command ["C:\laragon\bin\php\php-8.4.19-Win32-vs17-x64\php.exe" "artisan" event:update-status] failed with exit code [1]. {"exception":"[object] (Exception(code: 0): Scheduled command [\"C:\\laragon\\bin\\php\\php-8.4.19-Win32-vs17-x64\\php.exe\" \"artisan\" event:update-status] failed with exit code [1]. at C:/laragon/www/sportmate_pemwebII-main/sportmate/vendor/laravel/framework/src/Illuminate/Console/Scheduling/ScheduleRunCommand.php:207)
[stacktrace]
#0 C:/laragon/www/sportmate_pemwebII-main/sportmate/vendor/laravel/framework/src/Illuminate/Console/View/Components/Task.php(41): Illuminate/Console/Scheduling/ScheduleRunCommand->{closure:Illuminate/Console/Scheduling/ScheduleRunCommand::runEvent():191}()
#1 C:/laragon/www/sportmate_pemwebII-main/sportmate/vendor/laravel/framework/src/Illuminate/Console/View/Components/Factory.php(59): Illuminate/Console/View/Components/Task->render('<fg=gray>2026-0...', Object(Closure))
#2 C:/laragon/www/sportmate_pemwebII-main/sportmate/vendor/laravel/framework/src/Illuminate/Console/Scheduling/ScheduleRunCommand.php(191): Illuminate/Console/View/Components/Factory->__call('task', Array)
#3 C:/laragon/www/sportmate_pemwebII-main/sportmate/vendor/laravel/framework/src/Illuminate/Console/Scheduling/ScheduleRunCommand.php(134): Illuminate/Console/Scheduling/ScheduleRunCommand->runEvent(Object(Illuminate/Console/Scheduling/Event))
#4 C:/laragon/www/sportmate_pemwebII-main/sportmate/vendor/laravel/framework/src/Illuminate/Container/BoundMethod.php(36): Illuminate/Console/Scheduling/ScheduleRunCommand->handle(Object(Illuminate/Console/Scheduling/Schedule), Object(Illuminate/Events/Dispatcher), Object(Illuminate/Cache/Repository), Object(NunoMaduro/Collision/Adapters/Laravel/ExceptionHandler))
#5 C:/laragon/www/sportmate_pemwebII-main/sportmate/vendor/laravel/framework/src/Illuminate/Container/Util.php(43): Illuminate/Container/BoundMethod::{closure:Illuminate/Container/BoundMethod::call():35}()
#6 C:/laragon/www/sportmate_pemwebII-main/sportmate/vendor/laravel/framework/src/Illuminate/Container/BoundMethod.php(96): Illuminate/Container/Util::unwrapIfClosure(Object(Closure))
#7 C:/laragon/www/sportmate_pemwebII-main/sportmate/vendor/laravel/framework/src/Illuminate/Container/BoundMethod.php(35): Illuminate/Container/BoundMethod::callBoundMethod(Object(Illuminate/Foundation/Application), Array, Object(Closure))
#8 C:/laragon/www/sportmate_pemwebII-main/sportmate/vendor/laravel/framework/src/Illuminate/Container/Container.php(799): Illuminate/Container/BoundMethod::call(Object(Illuminate/Foundation/Application), Array, Array, NULL)
#9 C:/laragon/www/sportmate_pemwebII-main/sportmate/vendor/laravel/framework/src/Illuminate/Console/Command.php(211): Illuminate/Container/Container->call(Array)
#10 C:/laragon/www/sportmate_pemwebII-main/sportmate/vendor/symfony/console/Command/Command.php(341): Illuminate/Console/Command->execute(Object(Symfony/Component/Console/Input/ArgvInput), Object(Illuminate/Console/OutputStyle))
#11 C:/laragon/www/sportmate_pemwebII-main/sportmate/vendor/laravel/framework/src/Illuminate/Console/Command.php(180): Symfony/Component/Console/Command/Command->run(Object(Symfony/Component/Console/Input/ArgvInput), Object(Illuminate/Console/OutputStyle))
#12 C:/laragon/www/sportmate_pemwebII-main/sportmate/vendor/symfony/console/Application.php(1117): Illuminate/Console/Command->run(Object(Symfony/Component/Console/Input/ArgvInput), Object(Symfony/Component/Console/Output/ConsoleOutput))
#13 C:/laragon/www/sportmate_pemwebII-main/sportmate/vendor/symfony/console/Application.php(356): Symfony/Component/Console/Application->doRunCommand(Object(Illuminate/Console/Scheduling/ScheduleRunCommand), Object(Symfony/Component/Console/Input/ArgvInput), Object(Symfony/Component/Console/Output/ConsoleOutput))
#14 C:/laragon/www/sportmate_pemwebII-main/sportmate/vendor/symfony/console/Application.php(195): Symfony/Component/Console/Application->doRun(Object(Symfony/Component/Console/Input/ArgvInput), Object(Symfony/Component/Console/Output/ConsoleOutput))
#15 C:/laragon/www/sportmate_pemwebII-main/sportmate/vendor/laravel/framework/src/Illuminate/Foundation/Console/Kernel.php(198): Symfony/Component/Console/Application->run(Object(Symfony/Component/Console/Input/ArgvInput), Object(Symfony/Component/Console/Output/ConsoleOutput))
#16 C:/laragon/www/sportmate_pemwebII-main/sportmate/vendor/laravel/framework/src/Illuminate/Foundation/Application.php(1235): Illuminate/Foundation/Console/Kernel->handle(Object(Symfony/Component/Console/Input/ArgvInput), Object(Symfony/Component/Console/Output/ConsoleOutput))
#17 C:/laragon/www/sportmate_pemwebII-main/sportmate/artisan(14): Illuminate/Foundation/Application->handleCommand(Object(Symfony/Component/Console/Input/ArgvInput))
#18 {main}
"} 
[2026-07-10 02:09:02] local.ERROR: Command "event:update-status" is not defined.

Did you mean one of these?
    event:cache
    event:clear
    event:list {"exception":"[object] (Symfony\\Component\\Console\\Exception\\CommandNotFoundException(code: 0): Command \"event:update-status\" is not defined.

Did you mean one of these?
    event:cache
    event:clear
    event:list at C:/laragon/www/sportmate_pemwebII-main/sportmate/vendor/symfony/console/Application.php:759)
[stacktrace]
#0 C:/laragon/www/sportmate_pemwebII-main/sportmate/vendor/symfony/console/Application.php(298): Symfony/Component/Console/Application->find('event:update-st...')
#1 C:/laragon/www/sportmate_pemwebII-main/sportmate/vendor/symfony/console/Application.php(195): Symfony/Component/Console/Application->doRun(Object(Symfony/Component/Console/Input/ArgvInput), Object(Symfony/Component/Console/Output/ConsoleOutput))
#2 C:/laragon/www/sportmate_pemwebII-main/sportmate/vendor/laravel/framework/src/Illuminate/Foundation/Console/Kernel.php(198): Symfony/Component/Console/Application->run(Object(Symfony/Component/Console/Input/ArgvInput), Object(Symfony/Component/Console/Output/ConsoleOutput))
#3 C:/laragon/www/sportmate_pemwebII-main/sportmate/vendor/laravel/framework/src/Illuminate/Foundation/Application.php(1235): Illuminate/Foundation/Console/Kernel->handle(Object(Symfony/Component/Console/Input/ArgvInput), Object(Symfony/Component/Console/Output/ConsoleOutput))
#4 C:/laragon/www/sportmate_pemwebII-main/sportmate/artisan(14): Illuminate/Foundation/Application->handleCommand(Object(Symfony/Component/Console/Input/ArgvInput))
#5 {main}
"} 
[2026-07-10 02:09:02] local.ERROR: Scheduled command ["C:\laragon\bin\php\php-8.4.19-Win32-vs17-x64\php.exe" "artisan" event:update-status] failed with exit code [1]. {"exception":"[object] (Exception(code: 0): Scheduled command [\"C:\\laragon\\bin\\php\\php-8.4.19-Win32-vs17-x64\\php.exe\" \"artisan\" event:update-status] failed with exit code [1]. at C:/laragon/www/sportmate_pemwebII-main/sportmate/vendor/laravel/framework/src/Illuminate/Console/Scheduling/ScheduleRunCommand.php:207)
[stacktrace]
#0 C:/laragon/www/sportmate_pemwebII-main/sportmate/vendor/laravel/framework/src/Illuminate/Console/View/Components/Task.php(41): Illuminate/Console/Scheduling/ScheduleRunCommand->{closure:Illuminate/Console/Scheduling/ScheduleRunCommand::runEvent():191}()
#1 C:/laragon/www/sportmate_pemwebII-main/sportmate/vendor/laravel/framework/src/Illuminate/Console/View/Components/Factory.php(59): Illuminate/Console/View/Components/Task->render('<fg=gray>2026-0...', Object(Closure))
#2 C:/laragon/www/sportmate_pemwebII-main/sportmate/vendor/laravel/framework/src/Illuminate/Console/Scheduling/ScheduleRunCommand.php(191): Illuminate/Console/View/Components/Factory->__call('task', Array)
#3 C:/laragon/www/sportmate_pemwebII-main/sportmate/vendor/laravel/framework/src/Illuminate/Console/Scheduling/ScheduleRunCommand.php(134): Illuminate/Console/Scheduling/ScheduleRunCommand->runEvent(Object(Illuminate/Console/Scheduling/Event))
#4 C:/laragon/www/sportmate_pemwebII-main/sportmate/vendor/laravel/framework/src/Illuminate/Container/BoundMethod.php(36): Illuminate/Console/Scheduling/ScheduleRunCommand->handle(Object(Illuminate/Console/Scheduling/Schedule), Object(Illuminate/Events/Dispatcher), Object(Illuminate/Cache/Repository), Object(NunoMaduro/Collision/Adapters/Laravel/ExceptionHandler))
#5 C:/laragon/www/sportmate_pemwebII-main/sportmate/vendor/laravel/framework/src/Illuminate/Container/Util.php(43): Illuminate/Container/BoundMethod::{closure:Illuminate/Container/BoundMethod::call():35}()
#6 C:/laragon/www/sportmate_pemwebII-main/sportmate/vendor/laravel/framework/src/Illuminate/Container/BoundMethod.php(96): Illuminate/Container/Util::unwrapIfClosure(Object(Closure))
#7 C:/laragon/www/sportmate_pemwebII-main/sportmate/vendor/laravel/framework/src/Illuminate/Container/BoundMethod.php(35): Illuminate/Container/BoundMethod::callBoundMethod(Object(Illuminate/Foundation/Application), Array, Object(Closure))
#8 C:/laragon/www/sportmate_pemwebII-main/sportmate/vendor/laravel/framework/src/Illuminate/Container/Container.php(799): Illuminate/Container/BoundMethod::call(Object(Illuminate/Foundation/Application), Array, Array, NULL)
#9 C:/laragon/www/sportmate_pemwebII-main/sportmate/vendor/laravel/framework/src/Illuminate/Console/Command.php(211): Illuminate/Container/Container->call(Array)
#10 C:/laragon/www/sportmate_pemwebII-main/sportmate/vendor/symfony/console/Command/Command.php(341): Illuminate/Console/Command->execute(Object(Symfony/Component/Console/Input/ArgvInput), Object(Illuminate/Console/OutputStyle))
#11 C:/laragon/www/sportmate_pemwebII-main/sportmate/vendor/laravel/framework/src/Illuminate/Console/Command.php(180): Symfony/Component/Console/Command/Command->run(Object(Symfony/Component/Console/Input/ArgvInput), Object(Illuminate/Console/OutputStyle))
#12 C:/laragon/www/sportmate_pemwebII-main/sportmate/vendor/symfony/console/Application.php(1117): Illuminate/Console/Command->run(Object(Symfony/Component/Console/Input/ArgvInput), Object(Symfony/Component/Console/Output/ConsoleOutput))
#13 C:/laragon/www/sportmate_pemwebII-main/sportmate/vendor/symfony/console/Application.php(356): Symfony/Component/Console/Application->doRunCommand(Object(Illuminate/Console/Scheduling/ScheduleRunCommand), Object(Symfony/Component/Console/Input/ArgvInput), Object(Symfony/Component/Console/Output/ConsoleOutput))
#14 C:/laragon/www/sportmate_pemwebII-main/sportmate/vendor/symfony/console/Application.php(195): Symfony/Component/Console/Application->doRun(Object(Symfony/Component/Console/Input/ArgvInput), Object(Symfony/Component/Console/Output/ConsoleOutput))
#15 C:/laragon/www/sportmate_pemwebII-main/sportmate/vendor/laravel/framework/src/Illuminate/Foundation/Console/Kernel.php(198): Symfony/Component/Console/Application->run(Object(Symfony/Component/Console/Input/ArgvInput), Object(Symfony/Component/Console/Output/ConsoleOutput))
#16 C:/laragon/www/sportmate_pemwebII-main/sportmate/vendor/laravel/framework/src/Illuminate/Foundation/Application.php(1235): Illuminate/Foundation/Console/Kernel->handle(Object(Symfony/Component/Console/Input/ArgvInput), Object(Symfony/Component/Console/Output/ConsoleOutput))
#17 C:/laragon/www/sportmate_pemwebII-main/sportmate/artisan(14): Illuminate/Foundation/Application->handleCommand(Object(Symfony/Component/Console/Input/ArgvInput))
#18 {main}
"} 
[2026-07-10 02:10:02] local.ERROR: Command "event:update-status" is not defined.

Did you mean one of these?
    event:cache
    event:clear
    event:list {"exception":"[object] (Symfony\\Component\\Console\\Exception\\CommandNotFoundException(code: 0): Command \"event:update-status\" is not defined.

Did you mean one of these?
    event:cache
    event:clear
    event:list at C:/laragon/www/sportmate_pemwebII-main/sportmate/vendor/symfony/console/Application.php:759)
[stacktrace]
#0 C:/laragon/www/sportmate_pemwebII-main/sportmate/vendor/symfony/console/Application.php(298): Symfony/Component/Console/Application->find('event:update-st...')
#1 C:/laragon/www/sportmate_pemwebII-main/sportmate/vendor/symfony/console/Application.php(195): Symfony/Component/Console/Application->doRun(Object(Symfony/Component/Console/Input/ArgvInput), Object(Symfony/Component/Console/Output/ConsoleOutput))
#2 C:/laragon/www/sportmate_pemwebII-main/sportmate/vendor/laravel/framework/src/Illuminate/Foundation/Console/Kernel.php(198): Symfony/Component/Console/Application->run(Object(Symfony/Component/Console/Input/ArgvInput), Object(Symfony/Component/Console/Output/ConsoleOutput))
#3 C:/laragon/www/sportmate_pemwebII-main/sportmate/vendor/laravel/framework/src/Illuminate/Foundation/Application.php(1235): Illuminate/Foundation/Console/Kernel->handle(Object(Symfony/Component/Console/Input/ArgvInput), Object(Symfony/Component/Console/Output/ConsoleOutput))
#4 C:/laragon/www/sportmate_pemwebII-main/sportmate/artisan(14): Illuminate/Foundation/Application->handleCommand(Object(Symfony/Component/Console/Input/ArgvInput))
#5 {main}
"} 
[2026-07-10 02:10:02] local.ERROR: Scheduled command ["C:\laragon\bin\php\php-8.4.19-Win32-vs17-x64\php.exe" "artisan" event:update-status] failed with exit code [1]. {"exception":"[object] (Exception(code: 0): Scheduled command [\"C:\\laragon\\bin\\php\\php-8.4.19-Win32-vs17-x64\\php.exe\" \"artisan\" event:update-status] failed with exit code [1]. at C:/laragon/www/sportmate_pemwebII-main/sportmate/vendor/laravel/framework/src/Illuminate/Console/Scheduling/ScheduleRunCommand.php:207)
[stacktrace]
#0 C:/laragon/www/sportmate_pemwebII-main/sportmate/vendor/laravel/framework/src/Illuminate/Console/View/Components/Task.php(41): Illuminate/Console/Scheduling/ScheduleRunCommand->{closure:Illuminate/Console/Scheduling/ScheduleRunCommand::runEvent():191}()
#1 C:/laragon/www/sportmate_pemwebII-main/sportmate/vendor/laravel/framework/src/Illuminate/Console/View/Components/Factory.php(59): Illuminate/Console/View/Components/Task->render('<fg=gray>2026-0...', Object(Closure))
#2 C:/laragon/www/sportmate_pemwebII-main/sportmate/vendor/laravel/framework/src/Illuminate/Console/Scheduling/ScheduleRunCommand.php(191): Illuminate/Console/View/Components/Factory->__call('task', Array)
#3 C:/laragon/www/sportmate_pemwebII-main/sportmate/vendor/laravel/framework/src/Illuminate/Console/Scheduling/ScheduleRunCommand.php(134): Illuminate/Console/Scheduling/ScheduleRunCommand->runEvent(Object(Illuminate/Console/Scheduling/Event))
#4 C:/laragon/www/sportmate_pemwebII-main/sportmate/vendor/laravel/framework/src/Illuminate/Container/BoundMethod.php(36): Illuminate/Console/Scheduling/ScheduleRunCommand->handle(Object(Illuminate/Console/Scheduling/Schedule), Object(Illuminate/Events/Dispatcher), Object(Illuminate/Cache/Repository), Object(NunoMaduro/Collision/Adapters/Laravel/ExceptionHandler))
#5 C:/laragon/www/sportmate_pemwebII-main/sportmate/vendor/laravel/framework/src/Illuminate/Container/Util.php(43): Illuminate/Container/BoundMethod::{closure:Illuminate/Container/BoundMethod::call():35}()
#6 C:/laragon/www/sportmate_pemwebII-main/sportmate/vendor/laravel/framework/src/Illuminate/Container/BoundMethod.php(96): Illuminate/Container/Util::unwrapIfClosure(Object(Closure))
#7 C:/laragon/www/sportmate_pemwebII-main/sportmate/vendor/laravel/framework/src/Illuminate/Container/BoundMethod.php(35): Illuminate/Container/BoundMethod::callBoundMethod(Object(Illuminate/Foundation/Application), Array, Object(Closure))
#8 C:/laragon/www/sportmate_pemwebII-main/sportmate/vendor/laravel/framework/src/Illuminate/Container/Container.php(799): Illuminate/Container/BoundMethod::call(Object(Illuminate/Foundation/Application), Array, Array, NULL)
#9 C:/laragon/www/sportmate_pemwebII-main/sportmate/vendor/laravel/framework/src/Illuminate/Console/Command.php(211): Illuminate/Container/Container->call(Array)
#10 C:/laragon/www/sportmate_pemwebII-main/sportmate/vendor/symfony/console/Command/Command.php(341): Illuminate/Console/Command->execute(Object(Symfony/Component/Console/Input/ArgvInput), Object(Illuminate/Console/OutputStyle))
#11 C:/laragon/www/sportmate_pemwebII-main/sportmate/vendor/laravel/framework/src/Illuminate/Console/Command.php(180): Symfony/Component/Console/Command/Command->run(Object(Symfony/Component/Console/Input/ArgvInput), Object(Illuminate/Console/OutputStyle))
#12 C:/laragon/www/sportmate_pemwebII-main/sportmate/vendor/symfony/console/Application.php(1117): Illuminate/Console/Command->run(Object(Symfony/Component/Console/Input/ArgvInput), Object(Symfony/Component/Console/Output/ConsoleOutput))
#13 C:/laragon/www/sportmate_pemwebII-main/sportmate/vendor/symfony/console/Application.php(356): Symfony/Component/Console/Application->doRunCommand(Object(Illuminate/Console/Scheduling/ScheduleRunCommand), Object(Symfony/Component/Console/Input/ArgvInput), Object(Symfony/Component/Console/Output/ConsoleOutput))
#14 C:/laragon/www/sportmate_pemwebII-main/sportmate/vendor/symfony/console/Application.php(195): Symfony/Component/Console/Application->doRun(Object(Symfony/Component/Console/Input/ArgvInput), Object(Symfony/Component/Console/Output/ConsoleOutput))
#15 C:/laragon/www/sportmate_pemwebII-main/sportmate/vendor/laravel/framework/src/Illuminate/Foundation/Console/Kernel.php(198): Symfony/Component/Console/Application->run(Object(Symfony/Component/Console/Input/ArgvInput), Object(Symfony/Component/Console/Output/ConsoleOutput))
#16 C:/laragon/www/sportmate_pemwebII-main/sportmate/vendor/laravel/framework/src/Illuminate/Foundation/Application.php(1235): Illuminate/Foundation/Console/Kernel->handle(Object(Symfony/Component/Console/Input/ArgvInput), Object(Symfony/Component/Console/Output/ConsoleOutput))
#17 C:/laragon/www/sportmate_pemwebII-main/sportmate/artisan(14): Illuminate/Foundation/Application->handleCommand(Object(Symfony/Component/Console/Input/ArgvInput))
#18 {main}
"} 
[2026-07-10 02:11:02] local.ERROR: Command "event:update-status" is not defined.

Did you mean one of these?
    event:cache
    event:clear
    event:list {"exception":"[object] (Symfony\\Component\\Console\\Exception\\CommandNotFoundException(code: 0): Command \"event:update-status\" is not defined.

Did you mean one of these?
    event:cache
    event:clear
    event:list at C:/laragon/www/sportmate_pemwebII-main/sportmate/vendor/symfony/console/Application.php:759)
[stacktrace]
#0 C:/laragon/www/sportmate_pemwebII-main/sportmate/vendor/symfony/console/Application.php(298): Symfony/Component/Console/Application->find('event:update-st...')
#1 C:/laragon/www/sportmate_pemwebII-main/sportmate/vendor/symfony/console/Application.php(195): Symfony/Component/Console/Application->doRun(Object(Symfony/Component/Console/Input/ArgvInput), Object(Symfony/Component/Console/Output/ConsoleOutput))
#2 C:/laragon/www/sportmate_pemwebII-main/sportmate/vendor/laravel/framework/src/Illuminate/Foundation/Console/Kernel.php(198): Symfony/Component/Console/Application->run(Object(Symfony/Component/Console/Input/ArgvInput), Object(Symfony/Component/Console/Output/ConsoleOutput))
#3 C:/laragon/www/sportmate_pemwebII-main/sportmate/vendor/laravel/framework/src/Illuminate/Foundation/Application.php(1235): Illuminate/Foundation/Console/Kernel->handle(Object(Symfony/Component/Console/Input/ArgvInput), Object(Symfony/Component/Console/Output/ConsoleOutput))
#4 C:/laragon/www/sportmate_pemwebII-main/sportmate/artisan(14): Illuminate/Foundation/Application->handleCommand(Object(Symfony/Component/Console/Input/ArgvInput))
#5 {main}
"} 
[2026-07-10 02:11:02] local.ERROR: Scheduled command ["C:\laragon\bin\php\php-8.4.19-Win32-vs17-x64\php.exe" "artisan" event:update-status] failed with exit code [1]. {"exception":"[object] (Exception(code: 0): Scheduled command [\"C:\\laragon\\bin\\php\\php-8.4.19-Win32-vs17-x64\\php.exe\" \"artisan\" event:update-status] failed with exit code [1]. at C:/laragon/www/sportmate_pemwebII-main/sportmate/vendor/laravel/framework/src/Illuminate/Console/Scheduling/ScheduleRunCommand.php:207)
[stacktrace]
#0 C:/laragon/www/sportmate_pemwebII-main/sportmate/vendor/laravel/framework/src/Illuminate/Console/View/Components/Task.php(41): Illuminate/Console/Scheduling/ScheduleRunCommand->{closure:Illuminate/Console/Scheduling/ScheduleRunCommand::runEvent():191}()
#1 C:/laragon/www/sportmate_pemwebII-main/sportmate/vendor/laravel/framework/src/Illuminate/Console/View/Components/Factory.php(59): Illuminate/Console/View/Components/Task->render('<fg=gray>2026-0...', Object(Closure))
#2 C:/laragon/www/sportmate_pemwebII-main/sportmate/vendor/laravel/framework/src/Illuminate/Console/Scheduling/ScheduleRunCommand.php(191): Illuminate/Console/View/Components/Factory->__call('task', Array)
#3 C:/laragon/www/sportmate_pemwebII-main/sportmate/vendor/laravel/framework/src/Illuminate/Console/Scheduling/ScheduleRunCommand.php(134): Illuminate/Console/Scheduling/ScheduleRunCommand->runEvent(Object(Illuminate/Console/Scheduling/Event))
#4 C:/laragon/www/sportmate_pemwebII-main/sportmate/vendor/laravel/framework/src/Illuminate/Container/BoundMethod.php(36): Illuminate/Console/Scheduling/ScheduleRunCommand->handle(Object(Illuminate/Console/Scheduling/Schedule), Object(Illuminate/Events/Dispatcher), Object(Illuminate/Cache/Repository), Object(NunoMaduro/Collision/Adapters/Laravel/ExceptionHandler))
#5 C:/laragon/www/sportmate_pemwebII-main/sportmate/vendor/laravel/framework/src/Illuminate/Container/Util.php(43): Illuminate/Container/BoundMethod::{closure:Illuminate/Container/BoundMethod::call():35}()
#6 C:/laragon/www/sportmate_pemwebII-main/sportmate/vendor/laravel/framework/src/Illuminate/Container/BoundMethod.php(96): Illuminate/Container/Util::unwrapIfClosure(Object(Closure))
#7 C:/laragon/www/sportmate_pemwebII-main/sportmate/vendor/laravel/framework/src/Illuminate/Container/BoundMethod.php(35): Illuminate/Container/BoundMethod::callBoundMethod(Object(Illuminate/Foundation/Application), Array, Object(Closure))
#8 C:/laragon/www/sportmate_pemwebII-main/sportmate/vendor/laravel/framework/src/Illuminate/Container/Container.php(799): Illuminate/Container/BoundMethod::call(Object(Illuminate/Foundation/Application), Array, Array, NULL)
#9 C:/laragon/www/sportmate_pemwebII-main/sportmate/vendor/laravel/framework/src/Illuminate/Console/Command.php(211): Illuminate/Container/Container->call(Array)
#10 C:/laragon/www/sportmate_pemwebII-main/sportmate/vendor/symfony/console/Command/Command.php(341): Illuminate/Console/Command->execute(Object(Symfony/Component/Console/Input/ArgvInput), Object(Illuminate/Console/OutputStyle))
#11 C:/laragon/www/sportmate_pemwebII-main/sportmate/vendor/laravel/framework/src/Illuminate/Console/Command.php(180): Symfony/Component/Console/Command/Command->run(Object(Symfony/Component/Console/Input/ArgvInput), Object(Illuminate/Console/OutputStyle))
#12 C:/laragon/www/sportmate_pemwebII-main/sportmate/vendor/symfony/console/Application.php(1117): Illuminate/Console/Command->run(Object(Symfony/Component/Console/Input/ArgvInput), Object(Symfony/Component/Console/Output/ConsoleOutput))
#13 C:/laragon/www/sportmate_pemwebII-main/sportmate/vendor/symfony/console/Application.php(356): Symfony/Component/Console/Application->doRunCommand(Object(Illuminate/Console/Scheduling/ScheduleRunCommand), Object(Symfony/Component/Console/Input/ArgvInput), Object(Symfony/Component/Console/Output/ConsoleOutput))
#14 C:/laragon/www/sportmate_pemwebII-main/sportmate/vendor/symfony/console/Application.php(195): Symfony/Component/Console/Application->doRun(Object(Symfony/Component/Console/Input/ArgvInput), Object(Symfony/Component/Console/Output/ConsoleOutput))
#15 C:/laragon/www/sportmate_pemwebII-main/sportmate/vendor/laravel/framework/src/Illuminate/Foundation/Console/Kernel.php(198): Symfony/Component/Console/Application->run(Object(Symfony/Component/Console/Input/ArgvInput), Object(Symfony/Component/Console/Output/ConsoleOutput))
#16 C:/laragon/www/sportmate_pemwebII-main/sportmate/vendor/laravel/framework/src/Illuminate/Foundation/Application.php(1235): Illuminate/Foundation/Console/Kernel->handle(Object(Symfony/Component/Console/Input/ArgvInput), Object(Symfony/Component/Console/Output/ConsoleOutput))
#17 C:/laragon/www/sportmate_pemwebII-main/sportmate/artisan(14): Illuminate/Foundation/Application->handleCommand(Object(Symfony/Component/Console/Input/ArgvInput))
#18 {main}
"} 
[2026-07-10 02:12:02] local.ERROR: Command "event:update-status" is not defined.

Did you mean one of these?
    event:cache
    event:clear
    event:list {"exception":"[object] (Symfony\\Component\\Console\\Exception\\CommandNotFoundException(code: 0): Command \"event:update-status\" is not defined.

Did you mean one of these?
    event:cache
    event:clear
    event:list at C:/laragon/www/sportmate_pemwebII-main/sportmate/vendor/symfony/console/Application.php:759)
[stacktrace]
#0 C:/laragon/www/sportmate_pemwebII-main/sportmate/vendor/symfony/console/Application.php(298): Symfony/Component/Console/Application->find('event:update-st...')
#1 C:/laragon/www/sportmate_pemwebII-main/sportmate/vendor/symfony/console/Application.php(195): Symfony/Component/Console/Application->doRun(Object(Symfony/Component/Console/Input/ArgvInput), Object(Symfony/Component/Console/Output/ConsoleOutput))
#2 C:/laragon/www/sportmate_pemwebII-main/sportmate/vendor/laravel/framework/src/Illuminate/Foundation/Console/Kernel.php(198): Symfony/Component/Console/Application->run(Object(Symfony/Component/Console/Input/ArgvInput), Object(Symfony/Component/Console/Output/ConsoleOutput))
#3 C:/laragon/www/sportmate_pemwebII-main/sportmate/vendor/laravel/framework/src/Illuminate/Foundation/Application.php(1235): Illuminate/Foundation/Console/Kernel->handle(Object(Symfony/Component/Console/Input/ArgvInput), Object(Symfony/Component/Console/Output/ConsoleOutput))
#4 C:/laragon/www/sportmate_pemwebII-main/sportmate/artisan(14): Illuminate/Foundation/Application->handleCommand(Object(Symfony/Component/Console/Input/ArgvInput))
#5 {main}
"} 
[2026-07-10 02:12:02] local.ERROR: Scheduled command ["C:\laragon\bin\php\php-8.4.19-Win32-vs17-x64\php.exe" "artisan" event:update-status] failed with exit code [1]. {"exception":"[object] (Exception(code: 0): Scheduled command [\"C:\\laragon\\bin\\php\\php-8.4.19-Win32-vs17-x64\\php.exe\" \"artisan\" event:update-status] failed with exit code [1]. at C:/laragon/www/sportmate_pemwebII-main/sportmate/vendor/laravel/framework/src/Illuminate/Console/Scheduling/ScheduleRunCommand.php:207)
[stacktrace]
#0 C:/laragon/www/sportmate_pemwebII-main/sportmate/vendor/laravel/framework/src/Illuminate/Console/View/Components/Task.php(41): Illuminate/Console/Scheduling/ScheduleRunCommand->{closure:Illuminate/Console/Scheduling/ScheduleRunCommand::runEvent():191}()
#1 C:/laragon/www/sportmate_pemwebII-main/sportmate/vendor/laravel/framework/src/Illuminate/Console/View/Components/Factory.php(59): Illuminate/Console/View/Components/Task->render('<fg=gray>2026-0...', Object(Closure))
#2 C:/laragon/www/sportmate_pemwebII-main/sportmate/vendor/laravel/framework/src/Illuminate/Console/Scheduling/ScheduleRunCommand.php(191): Illuminate/Console/View/Components/Factory->__call('task', Array)
#3 C:/laragon/www/sportmate_pemwebII-main/sportmate/vendor/laravel/framework/src/Illuminate/Console/Scheduling/ScheduleRunCommand.php(134): Illuminate/Console/Scheduling/ScheduleRunCommand->runEvent(Object(Illuminate/Console/Scheduling/Event))
#4 C:/laragon/www/sportmate_pemwebII-main/sportmate/vendor/laravel/framework/src/Illuminate/Container/BoundMethod.php(36): Illuminate/Console/Scheduling/ScheduleRunCommand->handle(Object(Illuminate/Console/Scheduling/Schedule), Object(Illuminate/Events/Dispatcher), Object(Illuminate/Cache/Repository), Object(NunoMaduro/Collision/Adapters/Laravel/ExceptionHandler))
#5 C:/laragon/www/sportmate_pemwebII-main/sportmate/vendor/laravel/framework/src/Illuminate/Container/Util.php(43): Illuminate/Container/BoundMethod::{closure:Illuminate/Container/BoundMethod::call():35}()
#6 C:/laragon/www/sportmate_pemwebII-main/sportmate/vendor/laravel/framework/src/Illuminate/Container/BoundMethod.php(96): Illuminate/Container/Util::unwrapIfClosure(Object(Closure))
#7 C:/laragon/www/sportmate_pemwebII-main/sportmate/vendor/laravel/framework/src/Illuminate/Container/BoundMethod.php(35): Illuminate/Container/BoundMethod::callBoundMethod(Object(Illuminate/Foundation/Application), Array, Object(Closure))
#8 C:/laragon/www/sportmate_pemwebII-main/sportmate/vendor/laravel/framework/src/Illuminate/Container/Container.php(799): Illuminate/Container/BoundMethod::call(Object(Illuminate/Foundation/Application), Array, Array, NULL)
#9 C:/laragon/www/sportmate_pemwebII-main/sportmate/vendor/laravel/framework/src/Illuminate/Console/Command.php(211): Illuminate/Container/Container->call(Array)
#10 C:/laragon/www/sportmate_pemwebII-main/sportmate/vendor/symfony/console/Command/Command.php(341): Illuminate/Console/Command->execute(Object(Symfony/Component/Console/Input/ArgvInput), Object(Illuminate/Console/OutputStyle))
#11 C:/laragon/www/sportmate_pemwebII-main/sportmate/vendor/laravel/framework/src/Illuminate/Console/Command.php(180): Symfony/Component/Console/Command/Command->run(Object(Symfony/Component/Console/Input/ArgvInput), Object(Illuminate/Console/OutputStyle))
#12 C:/laragon/www/sportmate_pemwebII-main/sportmate/vendor/symfony/console/Application.php(1117): Illuminate/Console/Command->run(Object(Symfony/Component/Console/Input/ArgvInput), Object(Symfony/Component/Console/Output/ConsoleOutput))
#13 C:/laragon/www/sportmate_pemwebII-main/sportmate/vendor/symfony/console/Application.php(356): Symfony/Component/Console/Application->doRunCommand(Object(Illuminate/Console/Scheduling/ScheduleRunCommand), Object(Symfony/Component/Console/Input/ArgvInput), Object(Symfony/Component/Console/Output/ConsoleOutput))
#14 C:/laragon/www/sportmate_pemwebII-main/sportmate/vendor/symfony/console/Application.php(195): Symfony/Component/Console/Application->doRun(Object(Symfony/Component/Console/Input/ArgvInput), Object(Symfony/Component/Console/Output/ConsoleOutput))
#15 C:/laragon/www/sportmate_pemwebII-main/sportmate/vendor/laravel/framework/src/Illuminate/Foundation/Console/Kernel.php(198): Symfony/Component/Console/Application->run(Object(Symfony/Component/Console/Input/ArgvInput), Object(Symfony/Component/Console/Output/ConsoleOutput))
#16 C:/laragon/www/sportmate_pemwebII-main/sportmate/vendor/laravel/framework/src/Illuminate/Foundation/Application.php(1235): Illuminate/Foundation/Console/Kernel->handle(Object(Symfony/Component/Console/Input/ArgvInput), Object(Symfony/Component/Console/Output/ConsoleOutput))
#17 C:/laragon/www/sportmate_pemwebII-main/sportmate/artisan(14): Illuminate/Foundation/Application->handleCommand(Object(Symfony/Component/Console/Input/ArgvInput))
#18 {main}
"} 
[2026-07-10 02:13:02] local.ERROR: Command "event:update-status" is not defined.

Did you mean one of these?
    event:cache
    event:clear
    event:list {"exception":"[object] (Symfony\\Component\\Console\\Exception\\CommandNotFoundException(code: 0): Command \"event:update-status\" is not defined.

Did you mean one of these?
    event:cache
    event:clear
    event:list at C:/laragon/www/sportmate_pemwebII-main/sportmate/vendor/symfony/console/Application.php:759)
[stacktrace]
#0 C:/laragon/www/sportmate_pemwebII-main/sportmate/vendor/symfony/console/Application.php(298): Symfony/Component/Console/Application->find('event:update-st...')
#1 C:/laragon/www/sportmate_pemwebII-main/sportmate/vendor/symfony/console/Application.php(195): Symfony/Component/Console/Application->doRun(Object(Symfony/Component/Console/Input/ArgvInput), Object(Symfony/Component/Console/Output/ConsoleOutput))
#2 C:/laragon/www/sportmate_pemwebII-main/sportmate/vendor/laravel/framework/src/Illuminate/Foundation/Console/Kernel.php(198): Symfony/Component/Console/Application->run(Object(Symfony/Component/Console/Input/ArgvInput), Object(Symfony/Component/Console/Output/ConsoleOutput))
#3 C:/laragon/www/sportmate_pemwebII-main/sportmate/vendor/laravel/framework/src/Illuminate/Foundation/Application.php(1235): Illuminate/Foundation/Console/Kernel->handle(Object(Symfony/Component/Console/Input/ArgvInput), Object(Symfony/Component/Console/Output/ConsoleOutput))
#4 C:/laragon/www/sportmate_pemwebII-main/sportmate/artisan(14): Illuminate/Foundation/Application->handleCommand(Object(Symfony/Component/Console/Input/ArgvInput))
#5 {main}
"} 
[2026-07-10 02:13:02] local.ERROR: Scheduled command ["C:\laragon\bin\php\php-8.4.19-Win32-vs17-x64\php.exe" "artisan" event:update-status] failed with exit code [1]. {"exception":"[object] (Exception(code: 0): Scheduled command [\"C:\\laragon\\bin\\php\\php-8.4.19-Win32-vs17-x64\\php.exe\" \"artisan\" event:update-status] failed with exit code [1]. at C:/laragon/www/sportmate_pemwebII-main/sportmate/vendor/laravel/framework/src/Illuminate/Console/Scheduling/ScheduleRunCommand.php:207)
[stacktrace]
#0 C:/laragon/www/sportmate_pemwebII-main/sportmate/vendor/laravel/framework/src/Illuminate/Console/View/Components/Task.php(41): Illuminate/Console/Scheduling/ScheduleRunCommand->{closure:Illuminate/Console/Scheduling/ScheduleRunCommand::runEvent():191}()
#1 C:/laragon/www/sportmate_pemwebII-main/sportmate/vendor/laravel/framework/src/Illuminate/Console/View/Components/Factory.php(59): Illuminate/Console/View/Components/Task->render('<fg=gray>2026-0...', Object(Closure))
#2 C:/laragon/www/sportmate_pemwebII-main/sportmate/vendor/laravel/framework/src/Illuminate/Console/Scheduling/ScheduleRunCommand.php(191): Illuminate/Console/View/Components/Factory->__call('task', Array)
#3 C:/laragon/www/sportmate_pemwebII-main/sportmate/vendor/laravel/framework/src/Illuminate/Console/Scheduling/ScheduleRunCommand.php(134): Illuminate/Console/Scheduling/ScheduleRunCommand->runEvent(Object(Illuminate/Console/Scheduling/Event))
#4 C:/laragon/www/sportmate_pemwebII-main/sportmate/vendor/laravel/framework/src/Illuminate/Container/BoundMethod.php(36): Illuminate/Console/Scheduling/ScheduleRunCommand->handle(Object(Illuminate/Console/Scheduling/Schedule), Object(Illuminate/Events/Dispatcher), Object(Illuminate/Cache/Repository), Object(NunoMaduro/Collision/Adapters/Laravel/ExceptionHandler))
#5 C:/laragon/www/sportmate_pemwebII-main/sportmate/vendor/laravel/framework/src/Illuminate/Container/Util.php(43): Illuminate/Container/BoundMethod::{closure:Illuminate/Container/BoundMethod::call():35}()
#6 C:/laragon/www/sportmate_pemwebII-main/sportmate/vendor/laravel/framework/src/Illuminate/Container/BoundMethod.php(96): Illuminate/Container/Util::unwrapIfClosure(Object(Closure))
#7 C:/laragon/www/sportmate_pemwebII-main/sportmate/vendor/laravel/framework/src/Illuminate/Container/BoundMethod.php(35): Illuminate/Container/BoundMethod::callBoundMethod(Object(Illuminate/Foundation/Application), Array, Object(Closure))
#8 C:/laragon/www/sportmate_pemwebII-main/sportmate/vendor/laravel/framework/src/Illuminate/Container/Container.php(799): Illuminate/Container/BoundMethod::call(Object(Illuminate/Foundation/Application), Array, Array, NULL)
#9 C:/laragon/www/sportmate_pemwebII-main/sportmate/vendor/laravel/framework/src/Illuminate/Console/Command.php(211): Illuminate/Container/Container->call(Array)
#10 C:/laragon/www/sportmate_pemwebII-main/sportmate/vendor/symfony/console/Command/Command.php(341): Illuminate/Console/Command->execute(Object(Symfony/Component/Console/Input/ArgvInput), Object(Illuminate/Console/OutputStyle))
#11 C:/laragon/www/sportmate_pemwebII-main/sportmate/vendor/laravel/framework/src/Illuminate/Console/Command.php(180): Symfony/Component/Console/Command/Command->run(Object(Symfony/Component/Console/Input/ArgvInput), Object(Illuminate/Console/OutputStyle))
#12 C:/laragon/www/sportmate_pemwebII-main/sportmate/vendor/symfony/console/Application.php(1117): Illuminate/Console/Command->run(Object(Symfony/Component/Console/Input/ArgvInput), Object(Symfony/Component/Console/Output/ConsoleOutput))
#13 C:/laragon/www/sportmate_pemwebII-main/sportmate/vendor/symfony/console/Application.php(356): Symfony/Component/Console/Application->doRunCommand(Object(Illuminate/Console/Scheduling/ScheduleRunCommand), Object(Symfony/Component/Console/Input/ArgvInput), Object(Symfony/Component/Console/Output/ConsoleOutput))
#14 C:/laragon/www/sportmate_pemwebII-main/sportmate/vendor/symfony/console/Application.php(195): Symfony/Component/Console/Application->doRun(Object(Symfony/Component/Console/Input/ArgvInput), Object(Symfony/Component/Console/Output/ConsoleOutput))
#15 C:/laragon/www/sportmate_pemwebII-main/sportmate/vendor/laravel/framework/src/Illuminate/Foundation/Console/Kernel.php(198): Symfony/Component/Console/Application->run(Object(Symfony/Component/Console/Input/ArgvInput), Object(Symfony/Component/Console/Output/ConsoleOutput))
#16 C:/laragon/www/sportmate_pemwebII-main/sportmate/vendor/laravel/framework/src/Illuminate/Foundation/Application.php(1235): Illuminate/Foundation/Console/Kernel->handle(Object(Symfony/Component/Console/Input/ArgvInput), Object(Symfony/Component/Console/Output/ConsoleOutput))
#17 C:/laragon/www/sportmate_pemwebII-main/sportmate/artisan(14): Illuminate/Foundation/Application->handleCommand(Object(Symfony/Component/Console/Input/ArgvInput))
#18 {main}
"} 
[2026-07-10 02:14:02] local.ERROR: Command "event:update-status" is not defined.

Did you mean one of these?
    event:cache
    event:clear
    event:list {"exception":"[object] (Symfony\\Component\\Console\\Exception\\CommandNotFoundException(code: 0): Command \"event:update-status\" is not defined.

Did you mean one of these?
    event:cache
    event:clear
    event:list at C:/laragon/www/sportmate_pemwebII-main/sportmate/vendor/symfony/console/Application.php:759)
[stacktrace]
#0 C:/laragon/www/sportmate_pemwebII-main/sportmate/vendor/symfony/console/Application.php(298): Symfony/Component/Console/Application->find('event:update-st...')
#1 C:/laragon/www/sportmate_pemwebII-main/sportmate/vendor/symfony/console/Application.php(195): Symfony/Component/Console/Application->doRun(Object(Symfony/Component/Console/Input/ArgvInput), Object(Symfony/Component/Console/Output/ConsoleOutput))
#2 C:/laragon/www/sportmate_pemwebII-main/sportmate/vendor/laravel/framework/src/Illuminate/Foundation/Console/Kernel.php(198): Symfony/Component/Console/Application->run(Object(Symfony/Component/Console/Input/ArgvInput), Object(Symfony/Component/Console/Output/ConsoleOutput))
#3 C:/laragon/www/sportmate_pemwebII-main/sportmate/vendor/laravel/framework/src/Illuminate/Foundation/Application.php(1235): Illuminate/Foundation/Console/Kernel->handle(Object(Symfony/Component/Console/Input/ArgvInput), Object(Symfony/Component/Console/Output/ConsoleOutput))
#4 C:/laragon/www/sportmate_pemwebII-main/sportmate/artisan(14): Illuminate/Foundation/Application->handleCommand(Object(Symfony/Component/Console/Input/ArgvInput))
#5 {main}
"} 
[2026-07-10 02:14:03] local.ERROR: Scheduled command ["C:\laragon\bin\php\php-8.4.19-Win32-vs17-x64\php.exe" "artisan" event:update-status] failed with exit code [1]. {"exception":"[object] (Exception(code: 0): Scheduled command [\"C:\\laragon\\bin\\php\\php-8.4.19-Win32-vs17-x64\\php.exe\" \"artisan\" event:update-status] failed with exit code [1]. at C:/laragon/www/sportmate_pemwebII-main/sportmate/vendor/laravel/framework/src/Illuminate/Console/Scheduling/ScheduleRunCommand.php:207)
[stacktrace]
#0 C:/laragon/www/sportmate_pemwebII-main/sportmate/vendor/laravel/framework/src/Illuminate/Console/View/Components/Task.php(41): Illuminate/Console/Scheduling/ScheduleRunCommand->{closure:Illuminate/Console/Scheduling/ScheduleRunCommand::runEvent():191}()
#1 C:/laragon/www/sportmate_pemwebII-main/sportmate/vendor/laravel/framework/src/Illuminate/Console/View/Components/Factory.php(59): Illuminate/Console/View/Components/Task->render('<fg=gray>2026-0...', Object(Closure))
#2 C:/laragon/www/sportmate_pemwebII-main/sportmate/vendor/laravel/framework/src/Illuminate/Console/Scheduling/ScheduleRunCommand.php(191): Illuminate/Console/View/Components/Factory->__call('task', Array)
#3 C:/laragon/www/sportmate_pemwebII-main/sportmate/vendor/laravel/framework/src/Illuminate/Console/Scheduling/ScheduleRunCommand.php(134): Illuminate/Console/Scheduling/ScheduleRunCommand->runEvent(Object(Illuminate/Console/Scheduling/Event))
#4 C:/laragon/www/sportmate_pemwebII-main/sportmate/vendor/laravel/framework/src/Illuminate/Container/BoundMethod.php(36): Illuminate/Console/Scheduling/ScheduleRunCommand->handle(Object(Illuminate/Console/Scheduling/Schedule), Object(Illuminate/Events/Dispatcher), Object(Illuminate/Cache/Repository), Object(NunoMaduro/Collision/Adapters/Laravel/ExceptionHandler))
#5 C:/laragon/www/sportmate_pemwebII-main/sportmate/vendor/laravel/framework/src/Illuminate/Container/Util.php(43): Illuminate/Container/BoundMethod::{closure:Illuminate/Container/BoundMethod::call():35}()
#6 C:/laragon/www/sportmate_pemwebII-main/sportmate/vendor/laravel/framework/src/Illuminate/Container/BoundMethod.php(96): Illuminate/Container/Util::unwrapIfClosure(Object(Closure))
#7 C:/laragon/www/sportmate_pemwebII-main/sportmate/vendor/laravel/framework/src/Illuminate/Container/BoundMethod.php(35): Illuminate/Container/BoundMethod::callBoundMethod(Object(Illuminate/Foundation/Application), Array, Object(Closure))
#8 C:/laragon/www/sportmate_pemwebII-main/sportmate/vendor/laravel/framework/src/Illuminate/Container/Container.php(799): Illuminate/Container/BoundMethod::call(Object(Illuminate/Foundation/Application), Array, Array, NULL)
#9 C:/laragon/www/sportmate_pemwebII-main/sportmate/vendor/laravel/framework/src/Illuminate/Console/Command.php(211): Illuminate/Container/Container->call(Array)
#10 C:/laragon/www/sportmate_pemwebII-main/sportmate/vendor/symfony/console/Command/Command.php(341): Illuminate/Console/Command->execute(Object(Symfony/Component/Console/Input/ArgvInput), Object(Illuminate/Console/OutputStyle))
#11 C:/laragon/www/sportmate_pemwebII-main/sportmate/vendor/laravel/framework/src/Illuminate/Console/Command.php(180): Symfony/Component/Console/Command/Command->run(Object(Symfony/Component/Console/Input/ArgvInput), Object(Illuminate/Console/OutputStyle))
#12 C:/laragon/www/sportmate_pemwebII-main/sportmate/vendor/symfony/console/Application.php(1117): Illuminate/Console/Command->run(Object(Symfony/Component/Console/Input/ArgvInput), Object(Symfony/Component/Console/Output/ConsoleOutput))
#13 C:/laragon/www/sportmate_pemwebII-main/sportmate/vendor/symfony/console/Application.php(356): Symfony/Component/Console/Application->doRunCommand(Object(Illuminate/Console/Scheduling/ScheduleRunCommand), Object(Symfony/Component/Console/Input/ArgvInput), Object(Symfony/Component/Console/Output/ConsoleOutput))
#14 C:/laragon/www/sportmate_pemwebII-main/sportmate/vendor/symfony/console/Application.php(195): Symfony/Component/Console/Application->doRun(Object(Symfony/Component/Console/Input/ArgvInput), Object(Symfony/Component/Console/Output/ConsoleOutput))
#15 C:/laragon/www/sportmate_pemwebII-main/sportmate/vendor/laravel/framework/src/Illuminate/Foundation/Console/Kernel.php(198): Symfony/Component/Console/Application->run(Object(Symfony/Component/Console/Input/ArgvInput), Object(Symfony/Component/Console/Output/ConsoleOutput))
#16 C:/laragon/www/sportmate_pemwebII-main/sportmate/vendor/laravel/framework/src/Illuminate/Foundation/Application.php(1235): Illuminate/Foundation/Console/Kernel->handle(Object(Symfony/Component/Console/Input/ArgvInput), Object(Symfony/Component/Console/Output/ConsoleOutput))
#17 C:/laragon/www/sportmate_pemwebII-main/sportmate/artisan(14): Illuminate/Foundation/Application->handleCommand(Object(Symfony/Component/Console/Input/ArgvInput))
#18 {main}
"} 
[2026-07-10 02:15:02] local.ERROR: Command "event:update-status" is not defined.

Did you mean one of these?
    event:cache
    event:clear
    event:list {"exception":"[object] (Symfony\\Component\\Console\\Exception\\CommandNotFoundException(code: 0): Command \"event:update-status\" is not defined.

Did you mean one of these?
    event:cache
    event:clear
    event:list at C:/laragon/www/sportmate_pemwebII-main/sportmate/vendor/symfony/console/Application.php:759)
[stacktrace]
#0 C:/laragon/www/sportmate_pemwebII-main/sportmate/vendor/symfony/console/Application.php(298): Symfony/Component/Console/Application->find('event:update-st...')
#1 C:/laragon/www/sportmate_pemwebII-main/sportmate/vendor/symfony/console/Application.php(195): Symfony/Component/Console/Application->doRun(Object(Symfony/Component/Console/Input/ArgvInput), Object(Symfony/Component/Console/Output/ConsoleOutput))
#2 C:/laragon/www/sportmate_pemwebII-main/sportmate/vendor/laravel/framework/src/Illuminate/Foundation/Console/Kernel.php(198): Symfony/Component/Console/Application->run(Object(Symfony/Component/Console/Input/ArgvInput), Object(Symfony/Component/Console/Output/ConsoleOutput))
#3 C:/laragon/www/sportmate_pemwebII-main/sportmate/vendor/laravel/framework/src/Illuminate/Foundation/Application.php(1235): Illuminate/Foundation/Console/Kernel->handle(Object(Symfony/Component/Console/Input/ArgvInput), Object(Symfony/Component/Console/Output/ConsoleOutput))
#4 C:/laragon/www/sportmate_pemwebII-main/sportmate/artisan(14): Illuminate/Foundation/Application->handleCommand(Object(Symfony/Component/Console/Input/ArgvInput))
#5 {main}
"} 
[2026-07-10 02:15:02] local.ERROR: Scheduled command ["C:\laragon\bin\php\php-8.4.19-Win32-vs17-x64\php.exe" "artisan" event:update-status] failed with exit code [1]. {"exception":"[object] (Exception(code: 0): Scheduled command [\"C:\\laragon\\bin\\php\\php-8.4.19-Win32-vs17-x64\\php.exe\" \"artisan\" event:update-status] failed with exit code [1]. at C:/laragon/www/sportmate_pemwebII-main/sportmate/vendor/laravel/framework/src/Illuminate/Console/Scheduling/ScheduleRunCommand.php:207)
[stacktrace]
#0 C:/laragon/www/sportmate_pemwebII-main/sportmate/vendor/laravel/framework/src/Illuminate/Console/View/Components/Task.php(41): Illuminate/Console/Scheduling/ScheduleRunCommand->{closure:Illuminate/Console/Scheduling/ScheduleRunCommand::runEvent():191}()
#1 C:/laragon/www/sportmate_pemwebII-main/sportmate/vendor/laravel/framework/src/Illuminate/Console/View/Components/Factory.php(59): Illuminate/Console/View/Components/Task->render('<fg=gray>2026-0...', Object(Closure))
#2 C:/laragon/www/sportmate_pemwebII-main/sportmate/vendor/laravel/framework/src/Illuminate/Console/Scheduling/ScheduleRunCommand.php(191): Illuminate/Console/View/Components/Factory->__call('task', Array)
#3 C:/laragon/www/sportmate_pemwebII-main/sportmate/vendor/laravel/framework/src/Illuminate/Console/Scheduling/ScheduleRunCommand.php(134): Illuminate/Console/Scheduling/ScheduleRunCommand->runEvent(Object(Illuminate/Console/Scheduling/Event))
#4 C:/laragon/www/sportmate_pemwebII-main/sportmate/vendor/laravel/framework/src/Illuminate/Container/BoundMethod.php(36): Illuminate/Console/Scheduling/ScheduleRunCommand->handle(Object(Illuminate/Console/Scheduling/Schedule), Object(Illuminate/Events/Dispatcher), Object(Illuminate/Cache/Repository), Object(NunoMaduro/Collision/Adapters/Laravel/ExceptionHandler))
#5 C:/laragon/www/sportmate_pemwebII-main/sportmate/vendor/laravel/framework/src/Illuminate/Container/Util.php(43): Illuminate/Container/BoundMethod::{closure:Illuminate/Container/BoundMethod::call():35}()
#6 C:/laragon/www/sportmate_pemwebII-main/sportmate/vendor/laravel/framework/src/Illuminate/Container/BoundMethod.php(96): Illuminate/Container/Util::unwrapIfClosure(Object(Closure))
#7 C:/laragon/www/sportmate_pemwebII-main/sportmate/vendor/laravel/framework/src/Illuminate/Container/BoundMethod.php(35): Illuminate/Container/BoundMethod::callBoundMethod(Object(Illuminate/Foundation/Application), Array, Object(Closure))
#8 C:/laragon/www/sportmate_pemwebII-main/sportmate/vendor/laravel/framework/src/Illuminate/Container/Container.php(799): Illuminate/Container/BoundMethod::call(Object(Illuminate/Foundation/Application), Array, Array, NULL)
#9 C:/laragon/www/sportmate_pemwebII-main/sportmate/vendor/laravel/framework/src/Illuminate/Console/Command.php(211): Illuminate/Container/Container->call(Array)
#10 C:/laragon/www/sportmate_pemwebII-main/sportmate/vendor/symfony/console/Command/Command.php(341): Illuminate/Console/Command->execute(Object(Symfony/Component/Console/Input/ArgvInput), Object(Illuminate/Console/OutputStyle))
#11 C:/laragon/www/sportmate_pemwebII-main/sportmate/vendor/laravel/framework/src/Illuminate/Console/Command.php(180): Symfony/Component/Console/Command/Command->run(Object(Symfony/Component/Console/Input/ArgvInput), Object(Illuminate/Console/OutputStyle))
#12 C:/laragon/www/sportmate_pemwebII-main/sportmate/vendor/symfony/console/Application.php(1117): Illuminate/Console/Command->run(Object(Symfony/Component/Console/Input/ArgvInput), Object(Symfony/Component/Console/Output/ConsoleOutput))
#13 C:/laragon/www/sportmate_pemwebII-main/sportmate/vendor/symfony/console/Application.php(356): Symfony/Component/Console/Application->doRunCommand(Object(Illuminate/Console/Scheduling/ScheduleRunCommand), Object(Symfony/Component/Console/Input/ArgvInput), Object(Symfony/Component/Console/Output/ConsoleOutput))
#14 C:/laragon/www/sportmate_pemwebII-main/sportmate/vendor/symfony/console/Application.php(195): Symfony/Component/Console/Application->doRun(Object(Symfony/Component/Console/Input/ArgvInput), Object(Symfony/Component/Console/Output/ConsoleOutput))
#15 C:/laragon/www/sportmate_pemwebII-main/sportmate/vendor/laravel/framework/src/Illuminate/Foundation/Console/Kernel.php(198): Symfony/Component/Console/Application->run(Object(Symfony/Component/Console/Input/ArgvInput), Object(Symfony/Component/Console/Output/ConsoleOutput))
#16 C:/laragon/www/sportmate_pemwebII-main/sportmate/vendor/laravel/framework/src/Illuminate/Foundation/Application.php(1235): Illuminate/Foundation/Console/Kernel->handle(Object(Symfony/Component/Console/Input/ArgvInput), Object(Symfony/Component/Console/Output/ConsoleOutput))
#17 C:/laragon/www/sportmate_pemwebII-main/sportmate/artisan(14): Illuminate/Foundation/Application->handleCommand(Object(Symfony/Component/Console/Input/ArgvInput))
#18 {main}
"} 
[2026-07-10 02:16:02] local.ERROR: Command "event:update-status" is not defined.

Did you mean one of these?
    event:cache
    event:clear
    event:list {"exception":"[object] (Symfony\\Component\\Console\\Exception\\CommandNotFoundException(code: 0): Command \"event:update-status\" is not defined.

Did you mean one of these?
    event:cache
    event:clear
    event:list at C:/laragon/www/sportmate_pemwebII-main/sportmate/vendor/symfony/console/Application.php:759)
[stacktrace]
#0 C:/laragon/www/sportmate_pemwebII-main/sportmate/vendor/symfony/console/Application.php(298): Symfony/Component/Console/Application->find('event:update-st...')
#1 C:/laragon/www/sportmate_pemwebII-main/sportmate/vendor/symfony/console/Application.php(195): Symfony/Component/Console/Application->doRun(Object(Symfony/Component/Console/Input/ArgvInput), Object(Symfony/Component/Console/Output/ConsoleOutput))
#2 C:/laragon/www/sportmate_pemwebII-main/sportmate/vendor/laravel/framework/src/Illuminate/Foundation/Console/Kernel.php(198): Symfony/Component/Console/Application->run(Object(Symfony/Component/Console/Input/ArgvInput), Object(Symfony/Component/Console/Output/ConsoleOutput))
#3 C:/laragon/www/sportmate_pemwebII-main/sportmate/vendor/laravel/framework/src/Illuminate/Foundation/Application.php(1235): Illuminate/Foundation/Console/Kernel->handle(Object(Symfony/Component/Console/Input/ArgvInput), Object(Symfony/Component/Console/Output/ConsoleOutput))
#4 C:/laragon/www/sportmate_pemwebII-main/sportmate/artisan(14): Illuminate/Foundation/Application->handleCommand(Object(Symfony/Component/Console/Input/ArgvInput))
#5 {main}
"} 
[2026-07-10 02:16:03] local.ERROR: Scheduled command ["C:\laragon\bin\php\php-8.4.19-Win32-vs17-x64\php.exe" "artisan" event:update-status] failed with exit code [1]. {"exception":"[object] (Exception(code: 0): Scheduled command [\"C:\\laragon\\bin\\php\\php-8.4.19-Win32-vs17-x64\\php.exe\" \"artisan\" event:update-status] failed with exit code [1]. at C:/laragon/www/sportmate_pemwebII-main/sportmate/vendor/laravel/framework/src/Illuminate/Console/Scheduling/ScheduleRunCommand.php:207)
[stacktrace]
#0 C:/laragon/www/sportmate_pemwebII-main/sportmate/vendor/laravel/framework/src/Illuminate/Console/View/Components/Task.php(41): Illuminate/Console/Scheduling/ScheduleRunCommand->{closure:Illuminate/Console/Scheduling/ScheduleRunCommand::runEvent():191}()
#1 C:/laragon/www/sportmate_pemwebII-main/sportmate/vendor/laravel/framework/src/Illuminate/Console/View/Components/Factory.php(59): Illuminate/Console/View/Components/Task->render('<fg=gray>2026-0...', Object(Closure))
#2 C:/laragon/www/sportmate_pemwebII-main/sportmate/vendor/laravel/framework/src/Illuminate/Console/Scheduling/ScheduleRunCommand.php(191): Illuminate/Console/View/Components/Factory->__call('task', Array)
#3 C:/laragon/www/sportmate_pemwebII-main/sportmate/vendor/laravel/framework/src/Illuminate/Console/Scheduling/ScheduleRunCommand.php(134): Illuminate/Console/Scheduling/ScheduleRunCommand->runEvent(Object(Illuminate/Console/Scheduling/Event))
#4 C:/laragon/www/sportmate_pemwebII-main/sportmate/vendor/laravel/framework/src/Illuminate/Container/BoundMethod.php(36): Illuminate/Console/Scheduling/ScheduleRunCommand->handle(Object(Illuminate/Console/Scheduling/Schedule), Object(Illuminate/Events/Dispatcher), Object(Illuminate/Cache/Repository), Object(NunoMaduro/Collision/Adapters/Laravel/ExceptionHandler))
#5 C:/laragon/www/sportmate_pemwebII-main/sportmate/vendor/laravel/framework/src/Illuminate/Container/Util.php(43): Illuminate/Container/BoundMethod::{closure:Illuminate/Container/BoundMethod::call():35}()
#6 C:/laragon/www/sportmate_pemwebII-main/sportmate/vendor/laravel/framework/src/Illuminate/Container/BoundMethod.php(96): Illuminate/Container/Util::unwrapIfClosure(Object(Closure))
#7 C:/laragon/www/sportmate_pemwebII-main/sportmate/vendor/laravel/framework/src/Illuminate/Container/BoundMethod.php(35): Illuminate/Container/BoundMethod::callBoundMethod(Object(Illuminate/Foundation/Application), Array, Object(Closure))
#8 C:/laragon/www/sportmate_pemwebII-main/sportmate/vendor/laravel/framework/src/Illuminate/Container/Container.php(799): Illuminate/Container/BoundMethod::call(Object(Illuminate/Foundation/Application), Array, Array, NULL)
#9 C:/laragon/www/sportmate_pemwebII-main/sportmate/vendor/laravel/framework/src/Illuminate/Console/Command.php(211): Illuminate/Container/Container->call(Array)
#10 C:/laragon/www/sportmate_pemwebII-main/sportmate/vendor/symfony/console/Command/Command.php(341): Illuminate/Console/Command->execute(Object(Symfony/Component/Console/Input/ArgvInput), Object(Illuminate/Console/OutputStyle))
#11 C:/laragon/www/sportmate_pemwebII-main/sportmate/vendor/laravel/framework/src/Illuminate/Console/Command.php(180): Symfony/Component/Console/Command/Command->run(Object(Symfony/Component/Console/Input/ArgvInput), Object(Illuminate/Console/OutputStyle))
#12 C:/laragon/www/sportmate_pemwebII-main/sportmate/vendor/symfony/console/Application.php(1117): Illuminate/Console/Command->run(Object(Symfony/Component/Console/Input/ArgvInput), Object(Symfony/Component/Console/Output/ConsoleOutput))
#13 C:/laragon/www/sportmate_pemwebII-main/sportmate/vendor/symfony/console/Application.php(356): Symfony/Component/Console/Application->doRunCommand(Object(Illuminate/Console/Scheduling/ScheduleRunCommand), Object(Symfony/Component/Console/Input/ArgvInput), Object(Symfony/Component/Console/Output/ConsoleOutput))
#14 C:/laragon/www/sportmate_pemwebII-main/sportmate/vendor/symfony/console/Application.php(195): Symfony/Component/Console/Application->doRun(Object(Symfony/Component/Console/Input/ArgvInput), Object(Symfony/Component/Console/Output/ConsoleOutput))
#15 C:/laragon/www/sportmate_pemwebII-main/sportmate/vendor/laravel/framework/src/Illuminate/Foundation/Console/Kernel.php(198): Symfony/Component/Console/Application->run(Object(Symfony/Component/Console/Input/ArgvInput), Object(Symfony/Component/Console/Output/ConsoleOutput))
#16 C:/laragon/www/sportmate_pemwebII-main/sportmate/vendor/laravel/framework/src/Illuminate/Foundation/Application.php(1235): Illuminate/Foundation/Console/Kernel->handle(Object(Symfony/Component/Console/Input/ArgvInput), Object(Symfony/Component/Console/Output/ConsoleOutput))
#17 C:/laragon/www/sportmate_pemwebII-main/sportmate/artisan(14): Illuminate/Foundation/Application->handleCommand(Object(Symfony/Component/Console/Input/ArgvInput))
#18 {main}
"} 
[2026-07-10 02:17:03] local.ERROR: Command "event:update-status" is not defined.

Did you mean one of these?
    event:cache
    event:clear
    event:list {"exception":"[object] (Symfony\\Component\\Console\\Exception\\CommandNotFoundException(code: 0): Command \"event:update-status\" is not defined.

Did you mean one of these?
    event:cache
    event:clear
    event:list at C:/laragon/www/sportmate_pemwebII-main/sportmate/vendor/symfony/console/Application.php:759)
[stacktrace]
#0 C:/laragon/www/sportmate_pemwebII-main/sportmate/vendor/symfony/console/Application.php(298): Symfony/Component/Console/Application->find('event:update-st...')
#1 C:/laragon/www/sportmate_pemwebII-main/sportmate/vendor/symfony/console/Application.php(195): Symfony/Component/Console/Application->doRun(Object(Symfony/Component/Console/Input/ArgvInput), Object(Symfony/Component/Console/Output/ConsoleOutput))
#2 C:/laragon/www/sportmate_pemwebII-main/sportmate/vendor/laravel/framework/src/Illuminate/Foundation/Console/Kernel.php(198): Symfony/Component/Console/Application->run(Object(Symfony/Component/Console/Input/ArgvInput), Object(Symfony/Component/Console/Output/ConsoleOutput))
#3 C:/laragon/www/sportmate_pemwebII-main/sportmate/vendor/laravel/framework/src/Illuminate/Foundation/Application.php(1235): Illuminate/Foundation/Console/Kernel->handle(Object(Symfony/Component/Console/Input/ArgvInput), Object(Symfony/Component/Console/Output/ConsoleOutput))
#4 C:/laragon/www/sportmate_pemwebII-main/sportmate/artisan(14): Illuminate/Foundation/Application->handleCommand(Object(Symfony/Component/Console/Input/ArgvInput))
#5 {main}
"} 
[2026-07-10 02:17:04] local.ERROR: Scheduled command ["C:\laragon\bin\php\php-8.4.19-Win32-vs17-x64\php.exe" "artisan" event:update-status] failed with exit code [1]. {"exception":"[object] (Exception(code: 0): Scheduled command [\"C:\\laragon\\bin\\php\\php-8.4.19-Win32-vs17-x64\\php.exe\" \"artisan\" event:update-status] failed with exit code [1]. at C:/laragon/www/sportmate_pemwebII-main/sportmate/vendor/laravel/framework/src/Illuminate/Console/Scheduling/ScheduleRunCommand.php:207)
[stacktrace]
#0 C:/laragon/www/sportmate_pemwebII-main/sportmate/vendor/laravel/framework/src/Illuminate/Console/View/Components/Task.php(41): Illuminate/Console/Scheduling/ScheduleRunCommand->{closure:Illuminate/Console/Scheduling/ScheduleRunCommand::runEvent():191}()
#1 C:/laragon/www/sportmate_pemwebII-main/sportmate/vendor/laravel/framework/src/Illuminate/Console/View/Components/Factory.php(59): Illuminate/Console/View/Components/Task->render('<fg=gray>2026-0...', Object(Closure))
#2 C:/laragon/www/sportmate_pemwebII-main/sportmate/vendor/laravel/framework/src/Illuminate/Console/Scheduling/ScheduleRunCommand.php(191): Illuminate/Console/View/Components/Factory->__call('task', Array)
#3 C:/laragon/www/sportmate_pemwebII-main/sportmate/vendor/laravel/framework/src/Illuminate/Console/Scheduling/ScheduleRunCommand.php(134): Illuminate/Console/Scheduling/ScheduleRunCommand->runEvent(Object(Illuminate/Console/Scheduling/Event))
#4 C:/laragon/www/sportmate_pemwebII-main/sportmate/vendor/laravel/framework/src/Illuminate/Container/BoundMethod.php(36): Illuminate/Console/Scheduling/ScheduleRunCommand->handle(Object(Illuminate/Console/Scheduling/Schedule), Object(Illuminate/Events/Dispatcher), Object(Illuminate/Cache/Repository), Object(NunoMaduro/Collision/Adapters/Laravel/ExceptionHandler))
#5 C:/laragon/www/sportmate_pemwebII-main/sportmate/vendor/laravel/framework/src/Illuminate/Container/Util.php(43): Illuminate/Container/BoundMethod::{closure:Illuminate/Container/BoundMethod::call():35}()
#6 C:/laragon/www/sportmate_pemwebII-main/sportmate/vendor/laravel/framework/src/Illuminate/Container/BoundMethod.php(96): Illuminate/Container/Util::unwrapIfClosure(Object(Closure))
#7 C:/laragon/www/sportmate_pemwebII-main/sportmate/vendor/laravel/framework/src/Illuminate/Container/BoundMethod.php(35): Illuminate/Container/BoundMethod::callBoundMethod(Object(Illuminate/Foundation/Application), Array, Object(Closure))
#8 C:/laragon/www/sportmate_pemwebII-main/sportmate/vendor/laravel/framework/src/Illuminate/Container/Container.php(799): Illuminate/Container/BoundMethod::call(Object(Illuminate/Foundation/Application), Array, Array, NULL)
#9 C:/laragon/www/sportmate_pemwebII-main/sportmate/vendor/laravel/framework/src/Illuminate/Console/Command.php(211): Illuminate/Container/Container->call(Array)
#10 C:/laragon/www/sportmate_pemwebII-main/sportmate/vendor/symfony/console/Command/Command.php(341): Illuminate/Console/Command->execute(Object(Symfony/Component/Console/Input/ArgvInput), Object(Illuminate/Console/OutputStyle))
#11 C:/laragon/www/sportmate_pemwebII-main/sportmate/vendor/laravel/framework/src/Illuminate/Console/Command.php(180): Symfony/Component/Console/Command/Command->run(Object(Symfony/Component/Console/Input/ArgvInput), Object(Illuminate/Console/OutputStyle))
#12 C:/laragon/www/sportmate_pemwebII-main/sportmate/vendor/symfony/console/Application.php(1117): Illuminate/Console/Command->run(Object(Symfony/Component/Console/Input/ArgvInput), Object(Symfony/Component/Console/Output/ConsoleOutput))
#13 C:/laragon/www/sportmate_pemwebII-main/sportmate/vendor/symfony/console/Application.php(356): Symfony/Component/Console/Application->doRunCommand(Object(Illuminate/Console/Scheduling/ScheduleRunCommand), Object(Symfony/Component/Console/Input/ArgvInput), Object(Symfony/Component/Console/Output/ConsoleOutput))
#14 C:/laragon/www/sportmate_pemwebII-main/sportmate/vendor/symfony/console/Application.php(195): Symfony/Component/Console/Application->doRun(Object(Symfony/Component/Console/Input/ArgvInput), Object(Symfony/Component/Console/Output/ConsoleOutput))
#15 C:/laragon/www/sportmate_pemwebII-main/sportmate/vendor/laravel/framework/src/Illuminate/Foundation/Console/Kernel.php(198): Symfony/Component/Console/Application->run(Object(Symfony/Component/Console/Input/ArgvInput), Object(Symfony/Component/Console/Output/ConsoleOutput))
#16 C:/laragon/www/sportmate_pemwebII-main/sportmate/vendor/laravel/framework/src/Illuminate/Foundation/Application.php(1235): Illuminate/Foundation/Console/Kernel->handle(Object(Symfony/Component/Console/Input/ArgvInput), Object(Symfony/Component/Console/Output/ConsoleOutput))
#17 C:/laragon/www/sportmate_pemwebII-main/sportmate/artisan(14): Illuminate/Foundation/Application->handleCommand(Object(Symfony/Component/Console/Input/ArgvInput))
#18 {main}
"} 
[2026-07-10 02:18:02] local.ERROR: Command "event:update-status" is not defined.

Did you mean one of these?
    event:cache
    event:clear
    event:list {"exception":"[object] (Symfony\\Component\\Console\\Exception\\CommandNotFoundException(code: 0): Command \"event:update-status\" is not defined.

Did you mean one of these?
    event:cache
    event:clear
    event:list at C:/laragon/www/sportmate_pemwebII-main/sportmate/vendor/symfony/console/Application.php:759)
[stacktrace]
#0 C:/laragon/www/sportmate_pemwebII-main/sportmate/vendor/symfony/console/Application.php(298): Symfony/Component/Console/Application->find('event:update-st...')
#1 C:/laragon/www/sportmate_pemwebII-main/sportmate/vendor/symfony/console/Application.php(195): Symfony/Component/Console/Application->doRun(Object(Symfony/Component/Console/Input/ArgvInput), Object(Symfony/Component/Console/Output/ConsoleOutput))
#2 C:/laragon/www/sportmate_pemwebII-main/sportmate/vendor/laravel/framework/src/Illuminate/Foundation/Console/Kernel.php(198): Symfony/Component/Console/Application->run(Object(Symfony/Component/Console/Input/ArgvInput), Object(Symfony/Component/Console/Output/ConsoleOutput))
#3 C:/laragon/www/sportmate_pemwebII-main/sportmate/vendor/laravel/framework/src/Illuminate/Foundation/Application.php(1235): Illuminate/Foundation/Console/Kernel->handle(Object(Symfony/Component/Console/Input/ArgvInput), Object(Symfony/Component/Console/Output/ConsoleOutput))
#4 C:/laragon/www/sportmate_pemwebII-main/sportmate/artisan(14): Illuminate/Foundation/Application->handleCommand(Object(Symfony/Component/Console/Input/ArgvInput))
#5 {main}
"} 
[2026-07-10 02:18:03] local.ERROR: Scheduled command ["C:\laragon\bin\php\php-8.4.19-Win32-vs17-x64\php.exe" "artisan" event:update-status] failed with exit code [1]. {"exception":"[object] (Exception(code: 0): Scheduled command [\"C:\\laragon\\bin\\php\\php-8.4.19-Win32-vs17-x64\\php.exe\" \"artisan\" event:update-status] failed with exit code [1]. at C:/laragon/www/sportmate_pemwebII-main/sportmate/vendor/laravel/framework/src/Illuminate/Console/Scheduling/ScheduleRunCommand.php:207)
[stacktrace]
#0 C:/laragon/www/sportmate_pemwebII-main/sportmate/vendor/laravel/framework/src/Illuminate/Console/View/Components/Task.php(41): Illuminate/Console/Scheduling/ScheduleRunCommand->{closure:Illuminate/Console/Scheduling/ScheduleRunCommand::runEvent():191}()
#1 C:/laragon/www/sportmate_pemwebII-main/sportmate/vendor/laravel/framework/src/Illuminate/Console/View/Components/Factory.php(59): Illuminate/Console/View/Components/Task->render('<fg=gray>2026-0...', Object(Closure))
#2 C:/laragon/www/sportmate_pemwebII-main/sportmate/vendor/laravel/framework/src/Illuminate/Console/Scheduling/ScheduleRunCommand.php(191): Illuminate/Console/View/Components/Factory->__call('task', Array)
#3 C:/laragon/www/sportmate_pemwebII-main/sportmate/vendor/laravel/framework/src/Illuminate/Console/Scheduling/ScheduleRunCommand.php(134): Illuminate/Console/Scheduling/ScheduleRunCommand->runEvent(Object(Illuminate/Console/Scheduling/Event))
#4 C:/laragon/www/sportmate_pemwebII-main/sportmate/vendor/laravel/framework/src/Illuminate/Container/BoundMethod.php(36): Illuminate/Console/Scheduling/ScheduleRunCommand->handle(Object(Illuminate/Console/Scheduling/Schedule), Object(Illuminate/Events/Dispatcher), Object(Illuminate/Cache/Repository), Object(NunoMaduro/Collision/Adapters/Laravel/ExceptionHandler))
#5 C:/laragon/www/sportmate_pemwebII-main/sportmate/vendor/laravel/framework/src/Illuminate/Container/Util.php(43): Illuminate/Container/BoundMethod::{closure:Illuminate/Container/BoundMethod::call():35}()
#6 C:/laragon/www/sportmate_pemwebII-main/sportmate/vendor/laravel/framework/src/Illuminate/Container/BoundMethod.php(96): Illuminate/Container/Util::unwrapIfClosure(Object(Closure))
#7 C:/laragon/www/sportmate_pemwebII-main/sportmate/vendor/laravel/framework/src/Illuminate/Container/BoundMethod.php(35): Illuminate/Container/BoundMethod::callBoundMethod(Object(Illuminate/Foundation/Application), Array, Object(Closure))
#8 C:/laragon/www/sportmate_pemwebII-main/sportmate/vendor/laravel/framework/src/Illuminate/Container/Container.php(799): Illuminate/Container/BoundMethod::call(Object(Illuminate/Foundation/Application), Array, Array, NULL)
#9 C:/laragon/www/sportmate_pemwebII-main/sportmate/vendor/laravel/framework/src/Illuminate/Console/Command.php(211): Illuminate/Container/Container->call(Array)
#10 C:/laragon/www/sportmate_pemwebII-main/sportmate/vendor/symfony/console/Command/Command.php(341): Illuminate/Console/Command->execute(Object(Symfony/Component/Console/Input/ArgvInput), Object(Illuminate/Console/OutputStyle))
#11 C:/laragon/www/sportmate_pemwebII-main/sportmate/vendor/laravel/framework/src/Illuminate/Console/Command.php(180): Symfony/Component/Console/Command/Command->run(Object(Symfony/Component/Console/Input/ArgvInput), Object(Illuminate/Console/OutputStyle))
#12 C:/laragon/www/sportmate_pemwebII-main/sportmate/vendor/symfony/console/Application.php(1117): Illuminate/Console/Command->run(Object(Symfony/Component/Console/Input/ArgvInput), Object(Symfony/Component/Console/Output/ConsoleOutput))
#13 C:/laragon/www/sportmate_pemwebII-main/sportmate/vendor/symfony/console/Application.php(356): Symfony/Component/Console/Application->doRunCommand(Object(Illuminate/Console/Scheduling/ScheduleRunCommand), Object(Symfony/Component/Console/Input/ArgvInput), Object(Symfony/Component/Console/Output/ConsoleOutput))
#14 C:/laragon/www/sportmate_pemwebII-main/sportmate/vendor/symfony/console/Application.php(195): Symfony/Component/Console/Application->doRun(Object(Symfony/Component/Console/Input/ArgvInput), Object(Symfony/Component/Console/Output/ConsoleOutput))
#15 C:/laragon/www/sportmate_pemwebII-main/sportmate/vendor/laravel/framework/src/Illuminate/Foundation/Console/Kernel.php(198): Symfony/Component/Console/Application->run(Object(Symfony/Component/Console/Input/ArgvInput), Object(Symfony/Component/Console/Output/ConsoleOutput))
#16 C:/laragon/www/sportmate_pemwebII-main/sportmate/vendor/laravel/framework/src/Illuminate/Foundation/Application.php(1235): Illuminate/Foundation/Console/Kernel->handle(Object(Symfony/Component/Console/Input/ArgvInput), Object(Symfony/Component/Console/Output/ConsoleOutput))
#17 C:/laragon/www/sportmate_pemwebII-main/sportmate/artisan(14): Illuminate/Foundation/Application->handleCommand(Object(Symfony/Component/Console/Input/ArgvInput))
#18 {main}
"} 
[2026-07-10 02:19:02] local.ERROR: Command "event:update-status" is not defined.

Did you mean one of these?
    event:cache
    event:clear
    event:list {"exception":"[object] (Symfony\\Component\\Console\\Exception\\CommandNotFoundException(code: 0): Command \"event:update-status\" is not defined.

Did you mean one of these?
    event:cache
    event:clear
    event:list at C:/laragon/www/sportmate_pemwebII-main/sportmate/vendor/symfony/console/Application.php:759)
[stacktrace]
#0 C:/laragon/www/sportmate_pemwebII-main/sportmate/vendor/symfony/console/Application.php(298): Symfony/Component/Console/Application->find('event:update-st...')
#1 C:/laragon/www/sportmate_pemwebII-main/sportmate/vendor/symfony/console/Application.php(195): Symfony/Component/Console/Application->doRun(Object(Symfony/Component/Console/Input/ArgvInput), Object(Symfony/Component/Console/Output/ConsoleOutput))
#2 C:/laragon/www/sportmate_pemwebII-main/sportmate/vendor/laravel/framework/src/Illuminate/Foundation/Console/Kernel.php(198): Symfony/Component/Console/Application->run(Object(Symfony/Component/Console/Input/ArgvInput), Object(Symfony/Component/Console/Output/ConsoleOutput))
#3 C:/laragon/www/sportmate_pemwebII-main/sportmate/vendor/laravel/framework/src/Illuminate/Foundation/Application.php(1235): Illuminate/Foundation/Console/Kernel->handle(Object(Symfony/Component/Console/Input/ArgvInput), Object(Symfony/Component/Console/Output/ConsoleOutput))
#4 C:/laragon/www/sportmate_pemwebII-main/sportmate/artisan(14): Illuminate/Foundation/Application->handleCommand(Object(Symfony/Component/Console/Input/ArgvInput))
#5 {main}
"} 
[2026-07-10 02:19:02] local.ERROR: Scheduled command ["C:\laragon\bin\php\php-8.4.19-Win32-vs17-x64\php.exe" "artisan" event:update-status] failed with exit code [1]. {"exception":"[object] (Exception(code: 0): Scheduled command [\"C:\\laragon\\bin\\php\\php-8.4.19-Win32-vs17-x64\\php.exe\" \"artisan\" event:update-status] failed with exit code [1]. at C:/laragon/www/sportmate_pemwebII-main/sportmate/vendor/laravel/framework/src/Illuminate/Console/Scheduling/ScheduleRunCommand.php:207)
[stacktrace]
#0 C:/laragon/www/sportmate_pemwebII-main/sportmate/vendor/laravel/framework/src/Illuminate/Console/View/Components/Task.php(41): Illuminate/Console/Scheduling/ScheduleRunCommand->{closure:Illuminate/Console/Scheduling/ScheduleRunCommand::runEvent():191}()
#1 C:/laragon/www/sportmate_pemwebII-main/sportmate/vendor/laravel/framework/src/Illuminate/Console/View/Components/Factory.php(59): Illuminate/Console/View/Components/Task->render('<fg=gray>2026-0...', Object(Closure))
#2 C:/laragon/www/sportmate_pemwebII-main/sportmate/vendor/laravel/framework/src/Illuminate/Console/Scheduling/ScheduleRunCommand.php(191): Illuminate/Console/View/Components/Factory->__call('task', Array)
#3 C:/laragon/www/sportmate_pemwebII-main/sportmate/vendor/laravel/framework/src/Illuminate/Console/Scheduling/ScheduleRunCommand.php(134): Illuminate/Console/Scheduling/ScheduleRunCommand->runEvent(Object(Illuminate/Console/Scheduling/Event))
#4 C:/laragon/www/sportmate_pemwebII-main/sportmate/vendor/laravel/framework/src/Illuminate/Container/BoundMethod.php(36): Illuminate/Console/Scheduling/ScheduleRunCommand->handle(Object(Illuminate/Console/Scheduling/Schedule), Object(Illuminate/Events/Dispatcher), Object(Illuminate/Cache/Repository), Object(NunoMaduro/Collision/Adapters/Laravel/ExceptionHandler))
#5 C:/laragon/www/sportmate_pemwebII-main/sportmate/vendor/laravel/framework/src/Illuminate/Container/Util.php(43): Illuminate/Container/BoundMethod::{closure:Illuminate/Container/BoundMethod::call():35}()
#6 C:/laragon/www/sportmate_pemwebII-main/sportmate/vendor/laravel/framework/src/Illuminate/Container/BoundMethod.php(96): Illuminate/Container/Util::unwrapIfClosure(Object(Closure))
#7 C:/laragon/www/sportmate_pemwebII-main/sportmate/vendor/laravel/framework/src/Illuminate/Container/BoundMethod.php(35): Illuminate/Container/BoundMethod::callBoundMethod(Object(Illuminate/Foundation/Application), Array, Object(Closure))
#8 C:/laragon/www/sportmate_pemwebII-main/sportmate/vendor/laravel/framework/src/Illuminate/Container/Container.php(799): Illuminate/Container/BoundMethod::call(Object(Illuminate/Foundation/Application), Array, Array, NULL)
#9 C:/laragon/www/sportmate_pemwebII-main/sportmate/vendor/laravel/framework/src/Illuminate/Console/Command.php(211): Illuminate/Container/Container->call(Array)
#10 C:/laragon/www/sportmate_pemwebII-main/sportmate/vendor/symfony/console/Command/Command.php(341): Illuminate/Console/Command->execute(Object(Symfony/Component/Console/Input/ArgvInput), Object(Illuminate/Console/OutputStyle))
#11 C:/laragon/www/sportmate_pemwebII-main/sportmate/vendor/laravel/framework/src/Illuminate/Console/Command.php(180): Symfony/Component/Console/Command/Command->run(Object(Symfony/Component/Console/Input/ArgvInput), Object(Illuminate/Console/OutputStyle))
#12 C:/laragon/www/sportmate_pemwebII-main/sportmate/vendor/symfony/console/Application.php(1117): Illuminate/Console/Command->run(Object(Symfony/Component/Console/Input/ArgvInput), Object(Symfony/Component/Console/Output/ConsoleOutput))
#13 C:/laragon/www/sportmate_pemwebII-main/sportmate/vendor/symfony/console/Application.php(356): Symfony/Component/Console/Application->doRunCommand(Object(Illuminate/Console/Scheduling/ScheduleRunCommand), Object(Symfony/Component/Console/Input/ArgvInput), Object(Symfony/Component/Console/Output/ConsoleOutput))
#14 C:/laragon/www/sportmate_pemwebII-main/sportmate/vendor/symfony/console/Application.php(195): Symfony/Component/Console/Application->doRun(Object(Symfony/Component/Console/Input/ArgvInput), Object(Symfony/Component/Console/Output/ConsoleOutput))
#15 C:/laragon/www/sportmate_pemwebII-main/sportmate/vendor/laravel/framework/src/Illuminate/Foundation/Console/Kernel.php(198): Symfony/Component/Console/Application->run(Object(Symfony/Component/Console/Input/ArgvInput), Object(Symfony/Component/Console/Output/ConsoleOutput))
#16 C:/laragon/www/sportmate_pemwebII-main/sportmate/vendor/laravel/framework/src/Illuminate/Foundation/Application.php(1235): Illuminate/Foundation/Console/Kernel->handle(Object(Symfony/Component/Console/Input/ArgvInput), Object(Symfony/Component/Console/Output/ConsoleOutput))
#17 C:/laragon/www/sportmate_pemwebII-main/sportmate/artisan(14): Illuminate/Foundation/Application->handleCommand(Object(Symfony/Component/Console/Input/ArgvInput))
#18 {main}
"} 
[2026-07-10 02:20:02] local.ERROR: Command "event:update-status" is not defined.

Did you mean one of these?
    event:cache
    event:clear
    event:list {"exception":"[object] (Symfony\\Component\\Console\\Exception\\CommandNotFoundException(code: 0): Command \"event:update-status\" is not defined.

Did you mean one of these?
    event:cache
    event:clear
    event:list at C:/laragon/www/sportmate_pemwebII-main/sportmate/vendor/symfony/console/Application.php:759)
[stacktrace]
#0 C:/laragon/www/sportmate_pemwebII-main/sportmate/vendor/symfony/console/Application.php(298): Symfony/Component/Console/Application->find('event:update-st...')
#1 C:/laragon/www/sportmate_pemwebII-main/sportmate/vendor/symfony/console/Application.php(195): Symfony/Component/Console/Application->doRun(Object(Symfony/Component/Console/Input/ArgvInput), Object(Symfony/Component/Console/Output/ConsoleOutput))
#2 C:/laragon/www/sportmate_pemwebII-main/sportmate/vendor/laravel/framework/src/Illuminate/Foundation/Console/Kernel.php(198): Symfony/Component/Console/Application->run(Object(Symfony/Component/Console/Input/ArgvInput), Object(Symfony/Component/Console/Output/ConsoleOutput))
#3 C:/laragon/www/sportmate_pemwebII-main/sportmate/vendor/laravel/framework/src/Illuminate/Foundation/Application.php(1235): Illuminate/Foundation/Console/Kernel->handle(Object(Symfony/Component/Console/Input/ArgvInput), Object(Symfony/Component/Console/Output/ConsoleOutput))
#4 C:/laragon/www/sportmate_pemwebII-main/sportmate/artisan(14): Illuminate/Foundation/Application->handleCommand(Object(Symfony/Component/Console/Input/ArgvInput))
#5 {main}
"} 
[2026-07-10 02:20:02] local.ERROR: Scheduled command ["C:\laragon\bin\php\php-8.4.19-Win32-vs17-x64\php.exe" "artisan" event:update-status] failed with exit code [1]. {"exception":"[object] (Exception(code: 0): Scheduled command [\"C:\\laragon\\bin\\php\\php-8.4.19-Win32-vs17-x64\\php.exe\" \"artisan\" event:update-status] failed with exit code [1]. at C:/laragon/www/sportmate_pemwebII-main/sportmate/vendor/laravel/framework/src/Illuminate/Console/Scheduling/ScheduleRunCommand.php:207)
[stacktrace]
#0 C:/laragon/www/sportmate_pemwebII-main/sportmate/vendor/laravel/framework/src/Illuminate/Console/View/Components/Task.php(41): Illuminate/Console/Scheduling/ScheduleRunCommand->{closure:Illuminate/Console/Scheduling/ScheduleRunCommand::runEvent():191}()
#1 C:/laragon/www/sportmate_pemwebII-main/sportmate/vendor/laravel/framework/src/Illuminate/Console/View/Components/Factory.php(59): Illuminate/Console/View/Components/Task->render('<fg=gray>2026-0...', Object(Closure))
#2 C:/laragon/www/sportmate_pemwebII-main/sportmate/vendor/laravel/framework/src/Illuminate/Console/Scheduling/ScheduleRunCommand.php(191): Illuminate/Console/View/Components/Factory->__call('task', Array)
#3 C:/laragon/www/sportmate_pemwebII-main/sportmate/vendor/laravel/framework/src/Illuminate/Console/Scheduling/ScheduleRunCommand.php(134): Illuminate/Console/Scheduling/ScheduleRunCommand->runEvent(Object(Illuminate/Console/Scheduling/Event))
#4 C:/laragon/www/sportmate_pemwebII-main/sportmate/vendor/laravel/framework/src/Illuminate/Container/BoundMethod.php(36): Illuminate/Console/Scheduling/ScheduleRunCommand->handle(Object(Illuminate/Console/Scheduling/Schedule), Object(Illuminate/Events/Dispatcher), Object(Illuminate/Cache/Repository), Object(NunoMaduro/Collision/Adapters/Laravel/ExceptionHandler))
#5 C:/laragon/www/sportmate_pemwebII-main/sportmate/vendor/laravel/framework/src/Illuminate/Container/Util.php(43): Illuminate/Container/BoundMethod::{closure:Illuminate/Container/BoundMethod::call():35}()
#6 C:/laragon/www/sportmate_pemwebII-main/sportmate/vendor/laravel/framework/src/Illuminate/Container/BoundMethod.php(96): Illuminate/Container/Util::unwrapIfClosure(Object(Closure))
#7 C:/laragon/www/sportmate_pemwebII-main/sportmate/vendor/laravel/framework/src/Illuminate/Container/BoundMethod.php(35): Illuminate/Container/BoundMethod::callBoundMethod(Object(Illuminate/Foundation/Application), Array, Object(Closure))
#8 C:/laragon/www/sportmate_pemwebII-main/sportmate/vendor/laravel/framework/src/Illuminate/Container/Container.php(799): Illuminate/Container/BoundMethod::call(Object(Illuminate/Foundation/Application), Array, Array, NULL)
#9 C:/laragon/www/sportmate_pemwebII-main/sportmate/vendor/laravel/framework/src/Illuminate/Console/Command.php(211): Illuminate/Container/Container->call(Array)
#10 C:/laragon/www/sportmate_pemwebII-main/sportmate/vendor/symfony/console/Command/Command.php(341): Illuminate/Console/Command->execute(Object(Symfony/Component/Console/Input/ArgvInput), Object(Illuminate/Console/OutputStyle))
#11 C:/laragon/www/sportmate_pemwebII-main/sportmate/vendor/laravel/framework/src/Illuminate/Console/Command.php(180): Symfony/Component/Console/Command/Command->run(Object(Symfony/Component/Console/Input/ArgvInput), Object(Illuminate/Console/OutputStyle))
#12 C:/laragon/www/sportmate_pemwebII-main/sportmate/vendor/symfony/console/Application.php(1117): Illuminate/Console/Command->run(Object(Symfony/Component/Console/Input/ArgvInput), Object(Symfony/Component/Console/Output/ConsoleOutput))
#13 C:/laragon/www/sportmate_pemwebII-main/sportmate/vendor/symfony/console/Application.php(356): Symfony/Component/Console/Application->doRunCommand(Object(Illuminate/Console/Scheduling/ScheduleRunCommand), Object(Symfony/Component/Console/Input/ArgvInput), Object(Symfony/Component/Console/Output/ConsoleOutput))
#14 C:/laragon/www/sportmate_pemwebII-main/sportmate/vendor/symfony/console/Application.php(195): Symfony/Component/Console/Application->doRun(Object(Symfony/Component/Console/Input/ArgvInput), Object(Symfony/Component/Console/Output/ConsoleOutput))
#15 C:/laragon/www/sportmate_pemwebII-main/sportmate/vendor/laravel/framework/src/Illuminate/Foundation/Console/Kernel.php(198): Symfony/Component/Console/Application->run(Object(Symfony/Component/Console/Input/ArgvInput), Object(Symfony/Component/Console/Output/ConsoleOutput))
#16 C:/laragon/www/sportmate_pemwebII-main/sportmate/vendor/laravel/framework/src/Illuminate/Foundation/Application.php(1235): Illuminate/Foundation/Console/Kernel->handle(Object(Symfony/Component/Console/Input/ArgvInput), Object(Symfony/Component/Console/Output/ConsoleOutput))
#17 C:/laragon/www/sportmate_pemwebII-main/sportmate/artisan(14): Illuminate/Foundation/Application->handleCommand(Object(Symfony/Component/Console/Input/ArgvInput))
#18 {main}
"} 
[2026-07-10 02:21:03] local.ERROR: Command "event:update-status" is not defined.

Did you mean one of these?
    event:cache
    event:clear
    event:list {"exception":"[object] (Symfony\\Component\\Console\\Exception\\CommandNotFoundException(code: 0): Command \"event:update-status\" is not defined.

Did you mean one of these?
    event:cache
    event:clear
    event:list at C:/laragon/www/sportmate_pemwebII-main/sportmate/vendor/symfony/console/Application.php:759)
[stacktrace]
#0 C:/laragon/www/sportmate_pemwebII-main/sportmate/vendor/symfony/console/Application.php(298): Symfony/Component/Console/Application->find('event:update-st...')
#1 C:/laragon/www/sportmate_pemwebII-main/sportmate/vendor/symfony/console/Application.php(195): Symfony/Component/Console/Application->doRun(Object(Symfony/Component/Console/Input/ArgvInput), Object(Symfony/Component/Console/Output/ConsoleOutput))
#2 C:/laragon/www/sportmate_pemwebII-main/sportmate/vendor/laravel/framework/src/Illuminate/Foundation/Console/Kernel.php(198): Symfony/Component/Console/Application->run(Object(Symfony/Component/Console/Input/ArgvInput), Object(Symfony/Component/Console/Output/ConsoleOutput))
#3 C:/laragon/www/sportmate_pemwebII-main/sportmate/vendor/laravel/framework/src/Illuminate/Foundation/Application.php(1235): Illuminate/Foundation/Console/Kernel->handle(Object(Symfony/Component/Console/Input/ArgvInput), Object(Symfony/Component/Console/Output/ConsoleOutput))
#4 C:/laragon/www/sportmate_pemwebII-main/sportmate/artisan(14): Illuminate/Foundation/Application->handleCommand(Object(Symfony/Component/Console/Input/ArgvInput))
#5 {main}
"} 
[2026-07-10 02:21:03] local.ERROR: Scheduled command ["C:\laragon\bin\php\php-8.4.19-Win32-vs17-x64\php.exe" "artisan" event:update-status] failed with exit code [1]. {"exception":"[object] (Exception(code: 0): Scheduled command [\"C:\\laragon\\bin\\php\\php-8.4.19-Win32-vs17-x64\\php.exe\" \"artisan\" event:update-status] failed with exit code [1]. at C:/laragon/www/sportmate_pemwebII-main/sportmate/vendor/laravel/framework/src/Illuminate/Console/Scheduling/ScheduleRunCommand.php:207)
[stacktrace]
#0 C:/laragon/www/sportmate_pemwebII-main/sportmate/vendor/laravel/framework/src/Illuminate/Console/View/Components/Task.php(41): Illuminate/Console/Scheduling/ScheduleRunCommand->{closure:Illuminate/Console/Scheduling/ScheduleRunCommand::runEvent():191}()
#1 C:/laragon/www/sportmate_pemwebII-main/sportmate/vendor/laravel/framework/src/Illuminate/Console/View/Components/Factory.php(59): Illuminate/Console/View/Components/Task->render('<fg=gray>2026-0...', Object(Closure))
#2 C:/laragon/www/sportmate_pemwebII-main/sportmate/vendor/laravel/framework/src/Illuminate/Console/Scheduling/ScheduleRunCommand.php(191): Illuminate/Console/View/Components/Factory->__call('task', Array)
#3 C:/laragon/www/sportmate_pemwebII-main/sportmate/vendor/laravel/framework/src/Illuminate/Console/Scheduling/ScheduleRunCommand.php(134): Illuminate/Console/Scheduling/ScheduleRunCommand->runEvent(Object(Illuminate/Console/Scheduling/Event))
#4 C:/laragon/www/sportmate_pemwebII-main/sportmate/vendor/laravel/framework/src/Illuminate/Container/BoundMethod.php(36): Illuminate/Console/Scheduling/ScheduleRunCommand->handle(Object(Illuminate/Console/Scheduling/Schedule), Object(Illuminate/Events/Dispatcher), Object(Illuminate/Cache/Repository), Object(NunoMaduro/Collision/Adapters/Laravel/ExceptionHandler))
#5 C:/laragon/www/sportmate_pemwebII-main/sportmate/vendor/laravel/framework/src/Illuminate/Container/Util.php(43): Illuminate/Container/BoundMethod::{closure:Illuminate/Container/BoundMethod::call():35}()
#6 C:/laragon/www/sportmate_pemwebII-main/sportmate/vendor/laravel/framework/src/Illuminate/Container/BoundMethod.php(96): Illuminate/Container/Util::unwrapIfClosure(Object(Closure))
#7 C:/laragon/www/sportmate_pemwebII-main/sportmate/vendor/laravel/framework/src/Illuminate/Container/BoundMethod.php(35): Illuminate/Container/BoundMethod::callBoundMethod(Object(Illuminate/Foundation/Application), Array, Object(Closure))
#8 C:/laragon/www/sportmate_pemwebII-main/sportmate/vendor/laravel/framework/src/Illuminate/Container/Container.php(799): Illuminate/Container/BoundMethod::call(Object(Illuminate/Foundation/Application), Array, Array, NULL)
#9 C:/laragon/www/sportmate_pemwebII-main/sportmate/vendor/laravel/framework/src/Illuminate/Console/Command.php(211): Illuminate/Container/Container->call(Array)
#10 C:/laragon/www/sportmate_pemwebII-main/sportmate/vendor/symfony/console/Command/Command.php(341): Illuminate/Console/Command->execute(Object(Symfony/Component/Console/Input/ArgvInput), Object(Illuminate/Console/OutputStyle))
#11 C:/laragon/www/sportmate_pemwebII-main/sportmate/vendor/laravel/framework/src/Illuminate/Console/Command.php(180): Symfony/Component/Console/Command/Command->run(Object(Symfony/Component/Console/Input/ArgvInput), Object(Illuminate/Console/OutputStyle))
#12 C:/laragon/www/sportmate_pemwebII-main/sportmate/vendor/symfony/console/Application.php(1117): Illuminate/Console/Command->run(Object(Symfony/Component/Console/Input/ArgvInput), Object(Symfony/Component/Console/Output/ConsoleOutput))
#13 C:/laragon/www/sportmate_pemwebII-main/sportmate/vendor/symfony/console/Application.php(356): Symfony/Component/Console/Application->doRunCommand(Object(Illuminate/Console/Scheduling/ScheduleRunCommand), Object(Symfony/Component/Console/Input/ArgvInput), Object(Symfony/Component/Console/Output/ConsoleOutput))
#14 C:/laragon/www/sportmate_pemwebII-main/sportmate/vendor/symfony/console/Application.php(195): Symfony/Component/Console/Application->doRun(Object(Symfony/Component/Console/Input/ArgvInput), Object(Symfony/Component/Console/Output/ConsoleOutput))
#15 C:/laragon/www/sportmate_pemwebII-main/sportmate/vendor/laravel/framework/src/Illuminate/Foundation/Console/Kernel.php(198): Symfony/Component/Console/Application->run(Object(Symfony/Component/Console/Input/ArgvInput), Object(Symfony/Component/Console/Output/ConsoleOutput))
#16 C:/laragon/www/sportmate_pemwebII-main/sportmate/vendor/laravel/framework/src/Illuminate/Foundation/Application.php(1235): Illuminate/Foundation/Console/Kernel->handle(Object(Symfony/Component/Console/Input/ArgvInput), Object(Symfony/Component/Console/Output/ConsoleOutput))
#17 C:/laragon/www/sportmate_pemwebII-main/sportmate/artisan(14): Illuminate/Foundation/Application->handleCommand(Object(Symfony/Component/Console/Input/ArgvInput))
#18 {main}
"} 
[2026-07-10 02:22:02] local.ERROR: Command "event:update-status" is not defined.

Did you mean one of these?
    event:cache
    event:clear
    event:list {"exception":"[object] (Symfony\\Component\\Console\\Exception\\CommandNotFoundException(code: 0): Command \"event:update-status\" is not defined.

Did you mean one of these?
    event:cache
    event:clear
    event:list at C:/laragon/www/sportmate_pemwebII-main/sportmate/vendor/symfony/console/Application.php:759)
[stacktrace]
#0 C:/laragon/www/sportmate_pemwebII-main/sportmate/vendor/symfony/console/Application.php(298): Symfony/Component/Console/Application->find('event:update-st...')
#1 C:/laragon/www/sportmate_pemwebII-main/sportmate/vendor/symfony/console/Application.php(195): Symfony/Component/Console/Application->doRun(Object(Symfony/Component/Console/Input/ArgvInput), Object(Symfony/Component/Console/Output/ConsoleOutput))
#2 C:/laragon/www/sportmate_pemwebII-main/sportmate/vendor/laravel/framework/src/Illuminate/Foundation/Console/Kernel.php(198): Symfony/Component/Console/Application->run(Object(Symfony/Component/Console/Input/ArgvInput), Object(Symfony/Component/Console/Output/ConsoleOutput))
#3 C:/laragon/www/sportmate_pemwebII-main/sportmate/vendor/laravel/framework/src/Illuminate/Foundation/Application.php(1235): Illuminate/Foundation/Console/Kernel->handle(Object(Symfony/Component/Console/Input/ArgvInput), Object(Symfony/Component/Console/Output/ConsoleOutput))
#4 C:/laragon/www/sportmate_pemwebII-main/sportmate/artisan(14): Illuminate/Foundation/Application->handleCommand(Object(Symfony/Component/Console/Input/ArgvInput))
#5 {main}
"} 
[2026-07-10 02:22:02] local.ERROR: Scheduled command ["C:\laragon\bin\php\php-8.4.19-Win32-vs17-x64\php.exe" "artisan" event:update-status] failed with exit code [1]. {"exception":"[object] (Exception(code: 0): Scheduled command [\"C:\\laragon\\bin\\php\\php-8.4.19-Win32-vs17-x64\\php.exe\" \"artisan\" event:update-status] failed with exit code [1]. at C:/laragon/www/sportmate_pemwebII-main/sportmate/vendor/laravel/framework/src/Illuminate/Console/Scheduling/ScheduleRunCommand.php:207)
[stacktrace]
#0 C:/laragon/www/sportmate_pemwebII-main/sportmate/vendor/laravel/framework/src/Illuminate/Console/View/Components/Task.php(41): Illuminate/Console/Scheduling/ScheduleRunCommand->{closure:Illuminate/Console/Scheduling/ScheduleRunCommand::runEvent():191}()
#1 C:/laragon/www/sportmate_pemwebII-main/sportmate/vendor/laravel/framework/src/Illuminate/Console/View/Components/Factory.php(59): Illuminate/Console/View/Components/Task->render('<fg=gray>2026-0...', Object(Closure))
#2 C:/laragon/www/sportmate_pemwebII-main/sportmate/vendor/laravel/framework/src/Illuminate/Console/Scheduling/ScheduleRunCommand.php(191): Illuminate/Console/View/Components/Factory->__call('task', Array)
#3 C:/laragon/www/sportmate_pemwebII-main/sportmate/vendor/laravel/framework/src/Illuminate/Console/Scheduling/ScheduleRunCommand.php(134): Illuminate/Console/Scheduling/ScheduleRunCommand->runEvent(Object(Illuminate/Console/Scheduling/Event))
#4 C:/laragon/www/sportmate_pemwebII-main/sportmate/vendor/laravel/framework/src/Illuminate/Container/BoundMethod.php(36): Illuminate/Console/Scheduling/ScheduleRunCommand->handle(Object(Illuminate/Console/Scheduling/Schedule), Object(Illuminate/Events/Dispatcher), Object(Illuminate/Cache/Repository), Object(NunoMaduro/Collision/Adapters/Laravel/ExceptionHandler))
#5 C:/laragon/www/sportmate_pemwebII-main/sportmate/vendor/laravel/framework/src/Illuminate/Container/Util.php(43): Illuminate/Container/BoundMethod::{closure:Illuminate/Container/BoundMethod::call():35}()
#6 C:/laragon/www/sportmate_pemwebII-main/sportmate/vendor/laravel/framework/src/Illuminate/Container/BoundMethod.php(96): Illuminate/Container/Util::unwrapIfClosure(Object(Closure))
#7 C:/laragon/www/sportmate_pemwebII-main/sportmate/vendor/laravel/framework/src/Illuminate/Container/BoundMethod.php(35): Illuminate/Container/BoundMethod::callBoundMethod(Object(Illuminate/Foundation/Application), Array, Object(Closure))
#8 C:/laragon/www/sportmate_pemwebII-main/sportmate/vendor/laravel/framework/src/Illuminate/Container/Container.php(799): Illuminate/Container/BoundMethod::call(Object(Illuminate/Foundation/Application), Array, Array, NULL)
#9 C:/laragon/www/sportmate_pemwebII-main/sportmate/vendor/laravel/framework/src/Illuminate/Console/Command.php(211): Illuminate/Container/Container->call(Array)
#10 C:/laragon/www/sportmate_pemwebII-main/sportmate/vendor/symfony/console/Command/Command.php(341): Illuminate/Console/Command->execute(Object(Symfony/Component/Console/Input/ArgvInput), Object(Illuminate/Console/OutputStyle))
#11 C:/laragon/www/sportmate_pemwebII-main/sportmate/vendor/laravel/framework/src/Illuminate/Console/Command.php(180): Symfony/Component/Console/Command/Command->run(Object(Symfony/Component/Console/Input/ArgvInput), Object(Illuminate/Console/OutputStyle))
#12 C:/laragon/www/sportmate_pemwebII-main/sportmate/vendor/symfony/console/Application.php(1117): Illuminate/Console/Command->run(Object(Symfony/Component/Console/Input/ArgvInput), Object(Symfony/Component/Console/Output/ConsoleOutput))
#13 C:/laragon/www/sportmate_pemwebII-main/sportmate/vendor/symfony/console/Application.php(356): Symfony/Component/Console/Application->doRunCommand(Object(Illuminate/Console/Scheduling/ScheduleRunCommand), Object(Symfony/Component/Console/Input/ArgvInput), Object(Symfony/Component/Console/Output/ConsoleOutput))
#14 C:/laragon/www/sportmate_pemwebII-main/sportmate/vendor/symfony/console/Application.php(195): Symfony/Component/Console/Application->doRun(Object(Symfony/Component/Console/Input/ArgvInput), Object(Symfony/Component/Console/Output/ConsoleOutput))
#15 C:/laragon/www/sportmate_pemwebII-main/sportmate/vendor/laravel/framework/src/Illuminate/Foundation/Console/Kernel.php(198): Symfony/Component/Console/Application->run(Object(Symfony/Component/Console/Input/ArgvInput), Object(Symfony/Component/Console/Output/ConsoleOutput))
#16 C:/laragon/www/sportmate_pemwebII-main/sportmate/vendor/laravel/framework/src/Illuminate/Foundation/Application.php(1235): Illuminate/Foundation/Console/Kernel->handle(Object(Symfony/Component/Console/Input/ArgvInput), Object(Symfony/Component/Console/Output/ConsoleOutput))
#17 C:/laragon/www/sportmate_pemwebII-main/sportmate/artisan(14): Illuminate/Foundation/Application->handleCommand(Object(Symfony/Component/Console/Input/ArgvInput))
#18 {main}
"} 
[2026-07-10 02:23:02] local.ERROR: Command "event:update-status" is not defined.

Did you mean one of these?
    event:cache
    event:clear
    event:list {"exception":"[object] (Symfony\\Component\\Console\\Exception\\CommandNotFoundException(code: 0): Command \"event:update-status\" is not defined.

Did you mean one of these?
    event:cache
    event:clear
    event:list at C:/laragon/www/sportmate_pemwebII-main/sportmate/vendor/symfony/console/Application.php:759)
[stacktrace]
#0 C:/laragon/www/sportmate_pemwebII-main/sportmate/vendor/symfony/console/Application.php(298): Symfony/Component/Console/Application->find('event:update-st...')
#1 C:/laragon/www/sportmate_pemwebII-main/sportmate/vendor/symfony/console/Application.php(195): Symfony/Component/Console/Application->doRun(Object(Symfony/Component/Console/Input/ArgvInput), Object(Symfony/Component/Console/Output/ConsoleOutput))
#2 C:/laragon/www/sportmate_pemwebII-main/sportmate/vendor/laravel/framework/src/Illuminate/Foundation/Console/Kernel.php(198): Symfony/Component/Console/Application->run(Object(Symfony/Component/Console/Input/ArgvInput), Object(Symfony/Component/Console/Output/ConsoleOutput))
#3 C:/laragon/www/sportmate_pemwebII-main/sportmate/vendor/laravel/framework/src/Illuminate/Foundation/Application.php(1235): Illuminate/Foundation/Console/Kernel->handle(Object(Symfony/Component/Console/Input/ArgvInput), Object(Symfony/Component/Console/Output/ConsoleOutput))
#4 C:/laragon/www/sportmate_pemwebII-main/sportmate/artisan(14): Illuminate/Foundation/Application->handleCommand(Object(Symfony/Component/Console/Input/ArgvInput))
#5 {main}
"} 
[2026-07-10 02:23:02] local.ERROR: Scheduled command ["C:\laragon\bin\php\php-8.4.19-Win32-vs17-x64\php.exe" "artisan" event:update-status] failed with exit code [1]. {"exception":"[object] (Exception(code: 0): Scheduled command [\"C:\\laragon\\bin\\php\\php-8.4.19-Win32-vs17-x64\\php.exe\" \"artisan\" event:update-status] failed with exit code [1]. at C:/laragon/www/sportmate_pemwebII-main/sportmate/vendor/laravel/framework/src/Illuminate/Console/Scheduling/ScheduleRunCommand.php:207)
[stacktrace]
#0 C:/laragon/www/sportmate_pemwebII-main/sportmate/vendor/laravel/framework/src/Illuminate/Console/View/Components/Task.php(41): Illuminate/Console/Scheduling/ScheduleRunCommand->{closure:Illuminate/Console/Scheduling/ScheduleRunCommand::runEvent():191}()
#1 C:/laragon/www/sportmate_pemwebII-main/sportmate/vendor/laravel/framework/src/Illuminate/Console/View/Components/Factory.php(59): Illuminate/Console/View/Components/Task->render('<fg=gray>2026-0...', Object(Closure))
#2 C:/laragon/www/sportmate_pemwebII-main/sportmate/vendor/laravel/framework/src/Illuminate/Console/Scheduling/ScheduleRunCommand.php(191): Illuminate/Console/View/Components/Factory->__call('task', Array)
#3 C:/laragon/www/sportmate_pemwebII-main/sportmate/vendor/laravel/framework/src/Illuminate/Console/Scheduling/ScheduleRunCommand.php(134): Illuminate/Console/Scheduling/ScheduleRunCommand->runEvent(Object(Illuminate/Console/Scheduling/Event))
#4 C:/laragon/www/sportmate_pemwebII-main/sportmate/vendor/laravel/framework/src/Illuminate/Container/BoundMethod.php(36): Illuminate/Console/Scheduling/ScheduleRunCommand->handle(Object(Illuminate/Console/Scheduling/Schedule), Object(Illuminate/Events/Dispatcher), Object(Illuminate/Cache/Repository), Object(NunoMaduro/Collision/Adapters/Laravel/ExceptionHandler))
#5 C:/laragon/www/sportmate_pemwebII-main/sportmate/vendor/laravel/framework/src/Illuminate/Container/Util.php(43): Illuminate/Container/BoundMethod::{closure:Illuminate/Container/BoundMethod::call():35}()
#6 C:/laragon/www/sportmate_pemwebII-main/sportmate/vendor/laravel/framework/src/Illuminate/Container/BoundMethod.php(96): Illuminate/Container/Util::unwrapIfClosure(Object(Closure))
#7 C:/laragon/www/sportmate_pemwebII-main/sportmate/vendor/laravel/framework/src/Illuminate/Container/BoundMethod.php(35): Illuminate/Container/BoundMethod::callBoundMethod(Object(Illuminate/Foundation/Application), Array, Object(Closure))
#8 C:/laragon/www/sportmate_pemwebII-main/sportmate/vendor/laravel/framework/src/Illuminate/Container/Container.php(799): Illuminate/Container/BoundMethod::call(Object(Illuminate/Foundation/Application), Array, Array, NULL)
#9 C:/laragon/www/sportmate_pemwebII-main/sportmate/vendor/laravel/framework/src/Illuminate/Console/Command.php(211): Illuminate/Container/Container->call(Array)
#10 C:/laragon/www/sportmate_pemwebII-main/sportmate/vendor/symfony/console/Command/Command.php(341): Illuminate/Console/Command->execute(Object(Symfony/Component/Console/Input/ArgvInput), Object(Illuminate/Console/OutputStyle))
#11 C:/laragon/www/sportmate_pemwebII-main/sportmate/vendor/laravel/framework/src/Illuminate/Console/Command.php(180): Symfony/Component/Console/Command/Command->run(Object(Symfony/Component/Console/Input/ArgvInput), Object(Illuminate/Console/OutputStyle))
#12 C:/laragon/www/sportmate_pemwebII-main/sportmate/vendor/symfony/console/Application.php(1117): Illuminate/Console/Command->run(Object(Symfony/Component/Console/Input/ArgvInput), Object(Symfony/Component/Console/Output/ConsoleOutput))
#13 C:/laragon/www/sportmate_pemwebII-main/sportmate/vendor/symfony/console/Application.php(356): Symfony/Component/Console/Application->doRunCommand(Object(Illuminate/Console/Scheduling/ScheduleRunCommand), Object(Symfony/Component/Console/Input/ArgvInput), Object(Symfony/Component/Console/Output/ConsoleOutput))
#14 C:/laragon/www/sportmate_pemwebII-main/sportmate/vendor/symfony/console/Application.php(195): Symfony/Component/Console/Application->doRun(Object(Symfony/Component/Console/Input/ArgvInput), Object(Symfony/Component/Console/Output/ConsoleOutput))
#15 C:/laragon/www/sportmate_pemwebII-main/sportmate/vendor/laravel/framework/src/Illuminate/Foundation/Console/Kernel.php(198): Symfony/Component/Console/Application->run(Object(Symfony/Component/Console/Input/ArgvInput), Object(Symfony/Component/Console/Output/ConsoleOutput))
#16 C:/laragon/www/sportmate_pemwebII-main/sportmate/vendor/laravel/framework/src/Illuminate/Foundation/Application.php(1235): Illuminate/Foundation/Console/Kernel->handle(Object(Symfony/Component/Console/Input/ArgvInput), Object(Symfony/Component/Console/Output/ConsoleOutput))
#17 C:/laragon/www/sportmate_pemwebII-main/sportmate/artisan(14): Illuminate/Foundation/Application->handleCommand(Object(Symfony/Component/Console/Input/ArgvInput))
#18 {main}
"} 
[2026-07-10 02:24:02] local.ERROR: Command "event:update-status" is not defined.

Did you mean one of these?
    event:cache
    event:clear
    event:list {"exception":"[object] (Symfony\\Component\\Console\\Exception\\CommandNotFoundException(code: 0): Command \"event:update-status\" is not defined.

Did you mean one of these?
    event:cache
    event:clear
    event:list at C:/laragon/www/sportmate_pemwebII-main/sportmate/vendor/symfony/console/Application.php:759)
[stacktrace]
#0 C:/laragon/www/sportmate_pemwebII-main/sportmate/vendor/symfony/console/Application.php(298): Symfony/Component/Console/Application->find('event:update-st...')
#1 C:/laragon/www/sportmate_pemwebII-main/sportmate/vendor/symfony/console/Application.php(195): Symfony/Component/Console/Application->doRun(Object(Symfony/Component/Console/Input/ArgvInput), Object(Symfony/Component/Console/Output/ConsoleOutput))
#2 C:/laragon/www/sportmate_pemwebII-main/sportmate/vendor/laravel/framework/src/Illuminate/Foundation/Console/Kernel.php(198): Symfony/Component/Console/Application->run(Object(Symfony/Component/Console/Input/ArgvInput), Object(Symfony/Component/Console/Output/ConsoleOutput))
#3 C:/laragon/www/sportmate_pemwebII-main/sportmate/vendor/laravel/framework/src/Illuminate/Foundation/Application.php(1235): Illuminate/Foundation/Console/Kernel->handle(Object(Symfony/Component/Console/Input/ArgvInput), Object(Symfony/Component/Console/Output/ConsoleOutput))
#4 C:/laragon/www/sportmate_pemwebII-main/sportmate/artisan(14): Illuminate/Foundation/Application->handleCommand(Object(Symfony/Component/Console/Input/ArgvInput))
#5 {main}
"} 
[2026-07-10 02:24:02] local.ERROR: Scheduled command ["C:\laragon\bin\php\php-8.4.19-Win32-vs17-x64\php.exe" "artisan" event:update-status] failed with exit code [1]. {"exception":"[object] (Exception(code: 0): Scheduled command [\"C:\\laragon\\bin\\php\\php-8.4.19-Win32-vs17-x64\\php.exe\" \"artisan\" event:update-status] failed with exit code [1]. at C:/laragon/www/sportmate_pemwebII-main/sportmate/vendor/laravel/framework/src/Illuminate/Console/Scheduling/ScheduleRunCommand.php:207)
[stacktrace]
#0 C:/laragon/www/sportmate_pemwebII-main/sportmate/vendor/laravel/framework/src/Illuminate/Console/View/Components/Task.php(41): Illuminate/Console/Scheduling/ScheduleRunCommand->{closure:Illuminate/Console/Scheduling/ScheduleRunCommand::runEvent():191}()
#1 C:/laragon/www/sportmate_pemwebII-main/sportmate/vendor/laravel/framework/src/Illuminate/Console/View/Components/Factory.php(59): Illuminate/Console/View/Components/Task->render('<fg=gray>2026-0...', Object(Closure))
#2 C:/laragon/www/sportmate_pemwebII-main/sportmate/vendor/laravel/framework/src/Illuminate/Console/Scheduling/ScheduleRunCommand.php(191): Illuminate/Console/View/Components/Factory->__call('task', Array)
#3 C:/laragon/www/sportmate_pemwebII-main/sportmate/vendor/laravel/framework/src/Illuminate/Console/Scheduling/ScheduleRunCommand.php(134): Illuminate/Console/Scheduling/ScheduleRunCommand->runEvent(Object(Illuminate/Console/Scheduling/Event))
#4 C:/laragon/www/sportmate_pemwebII-main/sportmate/vendor/laravel/framework/src/Illuminate/Container/BoundMethod.php(36): Illuminate/Console/Scheduling/ScheduleRunCommand->handle(Object(Illuminate/Console/Scheduling/Schedule), Object(Illuminate/Events/Dispatcher), Object(Illuminate/Cache/Repository), Object(NunoMaduro/Collision/Adapters/Laravel/ExceptionHandler))
#5 C:/laragon/www/sportmate_pemwebII-main/sportmate/vendor/laravel/framework/src/Illuminate/Container/Util.php(43): Illuminate/Container/BoundMethod::{closure:Illuminate/Container/BoundMethod::call():35}()
#6 C:/laragon/www/sportmate_pemwebII-main/sportmate/vendor/laravel/framework/src/Illuminate/Container/BoundMethod.php(96): Illuminate/Container/Util::unwrapIfClosure(Object(Closure))
#7 C:/laragon/www/sportmate_pemwebII-main/sportmate/vendor/laravel/framework/src/Illuminate/Container/BoundMethod.php(35): Illuminate/Container/BoundMethod::callBoundMethod(Object(Illuminate/Foundation/Application), Array, Object(Closure))
#8 C:/laragon/www/sportmate_pemwebII-main/sportmate/vendor/laravel/framework/src/Illuminate/Container/Container.php(799): Illuminate/Container/BoundMethod::call(Object(Illuminate/Foundation/Application), Array, Array, NULL)
#9 C:/laragon/www/sportmate_pemwebII-main/sportmate/vendor/laravel/framework/src/Illuminate/Console/Command.php(211): Illuminate/Container/Container->call(Array)
#10 C:/laragon/www/sportmate_pemwebII-main/sportmate/vendor/symfony/console/Command/Command.php(341): Illuminate/Console/Command->execute(Object(Symfony/Component/Console/Input/ArgvInput), Object(Illuminate/Console/OutputStyle))
#11 C:/laragon/www/sportmate_pemwebII-main/sportmate/vendor/laravel/framework/src/Illuminate/Console/Command.php(180): Symfony/Component/Console/Command/Command->run(Object(Symfony/Component/Console/Input/ArgvInput), Object(Illuminate/Console/OutputStyle))
#12 C:/laragon/www/sportmate_pemwebII-main/sportmate/vendor/symfony/console/Application.php(1117): Illuminate/Console/Command->run(Object(Symfony/Component/Console/Input/ArgvInput), Object(Symfony/Component/Console/Output/ConsoleOutput))
#13 C:/laragon/www/sportmate_pemwebII-main/sportmate/vendor/symfony/console/Application.php(356): Symfony/Component/Console/Application->doRunCommand(Object(Illuminate/Console/Scheduling/ScheduleRunCommand), Object(Symfony/Component/Console/Input/ArgvInput), Object(Symfony/Component/Console/Output/ConsoleOutput))
#14 C:/laragon/www/sportmate_pemwebII-main/sportmate/vendor/symfony/console/Application.php(195): Symfony/Component/Console/Application->doRun(Object(Symfony/Component/Console/Input/ArgvInput), Object(Symfony/Component/Console/Output/ConsoleOutput))
#15 C:/laragon/www/sportmate_pemwebII-main/sportmate/vendor/laravel/framework/src/Illuminate/Foundation/Console/Kernel.php(198): Symfony/Component/Console/Application->run(Object(Symfony/Component/Console/Input/ArgvInput), Object(Symfony/Component/Console/Output/ConsoleOutput))
#16 C:/laragon/www/sportmate_pemwebII-main/sportmate/vendor/laravel/framework/src/Illuminate/Foundation/Application.php(1235): Illuminate/Foundation/Console/Kernel->handle(Object(Symfony/Component/Console/Input/ArgvInput), Object(Symfony/Component/Console/Output/ConsoleOutput))
#17 C:/laragon/www/sportmate_pemwebII-main/sportmate/artisan(14): Illuminate/Foundation/Application->handleCommand(Object(Symfony/Component/Console/Input/ArgvInput))
#18 {main}
"} 
[2026-07-10 02:25:02] local.ERROR: Command "event:update-status" is not defined.

Did you mean one of these?
    event:cache
    event:clear
    event:list {"exception":"[object] (Symfony\\Component\\Console\\Exception\\CommandNotFoundException(code: 0): Command \"event:update-status\" is not defined.

Did you mean one of these?
    event:cache
    event:clear
    event:list at C:/laragon/www/sportmate_pemwebII-main/sportmate/vendor/symfony/console/Application.php:759)
[stacktrace]
#0 C:/laragon/www/sportmate_pemwebII-main/sportmate/vendor/symfony/console/Application.php(298): Symfony/Component/Console/Application->find('event:update-st...')
#1 C:/laragon/www/sportmate_pemwebII-main/sportmate/vendor/symfony/console/Application.php(195): Symfony/Component/Console/Application->doRun(Object(Symfony/Component/Console/Input/ArgvInput), Object(Symfony/Component/Console/Output/ConsoleOutput))
#2 C:/laragon/www/sportmate_pemwebII-main/sportmate/vendor/laravel/framework/src/Illuminate/Foundation/Console/Kernel.php(198): Symfony/Component/Console/Application->run(Object(Symfony/Component/Console/Input/ArgvInput), Object(Symfony/Component/Console/Output/ConsoleOutput))
#3 C:/laragon/www/sportmate_pemwebII-main/sportmate/vendor/laravel/framework/src/Illuminate/Foundation/Application.php(1235): Illuminate/Foundation/Console/Kernel->handle(Object(Symfony/Component/Console/Input/ArgvInput), Object(Symfony/Component/Console/Output/ConsoleOutput))
#4 C:/laragon/www/sportmate_pemwebII-main/sportmate/artisan(14): Illuminate/Foundation/Application->handleCommand(Object(Symfony/Component/Console/Input/ArgvInput))
#5 {main}
"} 
[2026-07-10 02:25:02] local.ERROR: Scheduled command ["C:\laragon\bin\php\php-8.4.19-Win32-vs17-x64\php.exe" "artisan" event:update-status] failed with exit code [1]. {"exception":"[object] (Exception(code: 0): Scheduled command [\"C:\\laragon\\bin\\php\\php-8.4.19-Win32-vs17-x64\\php.exe\" \"artisan\" event:update-status] failed with exit code [1]. at C:/laragon/www/sportmate_pemwebII-main/sportmate/vendor/laravel/framework/src/Illuminate/Console/Scheduling/ScheduleRunCommand.php:207)
[stacktrace]
#0 C:/laragon/www/sportmate_pemwebII-main/sportmate/vendor/laravel/framework/src/Illuminate/Console/View/Components/Task.php(41): Illuminate/Console/Scheduling/ScheduleRunCommand->{closure:Illuminate/Console/Scheduling/ScheduleRunCommand::runEvent():191}()
#1 C:/laragon/www/sportmate_pemwebII-main/sportmate/vendor/laravel/framework/src/Illuminate/Console/View/Components/Factory.php(59): Illuminate/Console/View/Components/Task->render('<fg=gray>2026-0...', Object(Closure))
#2 C:/laragon/www/sportmate_pemwebII-main/sportmate/vendor/laravel/framework/src/Illuminate/Console/Scheduling/ScheduleRunCommand.php(191): Illuminate/Console/View/Components/Factory->__call('task', Array)
#3 C:/laragon/www/sportmate_pemwebII-main/sportmate/vendor/laravel/framework/src/Illuminate/Console/Scheduling/ScheduleRunCommand.php(134): Illuminate/Console/Scheduling/ScheduleRunCommand->runEvent(Object(Illuminate/Console/Scheduling/Event))
#4 C:/laragon/www/sportmate_pemwebII-main/sportmate/vendor/laravel/framework/src/Illuminate/Container/BoundMethod.php(36): Illuminate/Console/Scheduling/ScheduleRunCommand->handle(Object(Illuminate/Console/Scheduling/Schedule), Object(Illuminate/Events/Dispatcher), Object(Illuminate/Cache/Repository), Object(NunoMaduro/Collision/Adapters/Laravel/ExceptionHandler))
#5 C:/laragon/www/sportmate_pemwebII-main/sportmate/vendor/laravel/framework/src/Illuminate/Container/Util.php(43): Illuminate/Container/BoundMethod::{closure:Illuminate/Container/BoundMethod::call():35}()
#6 C:/laragon/www/sportmate_pemwebII-main/sportmate/vendor/laravel/framework/src/Illuminate/Container/BoundMethod.php(96): Illuminate/Container/Util::unwrapIfClosure(Object(Closure))
#7 C:/laragon/www/sportmate_pemwebII-main/sportmate/vendor/laravel/framework/src/Illuminate/Container/BoundMethod.php(35): Illuminate/Container/BoundMethod::callBoundMethod(Object(Illuminate/Foundation/Application), Array, Object(Closure))
#8 C:/laragon/www/sportmate_pemwebII-main/sportmate/vendor/laravel/framework/src/Illuminate/Container/Container.php(799): Illuminate/Container/BoundMethod::call(Object(Illuminate/Foundation/Application), Array, Array, NULL)
#9 C:/laragon/www/sportmate_pemwebII-main/sportmate/vendor/laravel/framework/src/Illuminate/Console/Command.php(211): Illuminate/Container/Container->call(Array)
#10 C:/laragon/www/sportmate_pemwebII-main/sportmate/vendor/symfony/console/Command/Command.php(341): Illuminate/Console/Command->execute(Object(Symfony/Component/Console/Input/ArgvInput), Object(Illuminate/Console/OutputStyle))
#11 C:/laragon/www/sportmate_pemwebII-main/sportmate/vendor/laravel/framework/src/Illuminate/Console/Command.php(180): Symfony/Component/Console/Command/Command->run(Object(Symfony/Component/Console/Input/ArgvInput), Object(Illuminate/Console/OutputStyle))
#12 C:/laragon/www/sportmate_pemwebII-main/sportmate/vendor/symfony/console/Application.php(1117): Illuminate/Console/Command->run(Object(Symfony/Component/Console/Input/ArgvInput), Object(Symfony/Component/Console/Output/ConsoleOutput))
#13 C:/laragon/www/sportmate_pemwebII-main/sportmate/vendor/symfony/console/Application.php(356): Symfony/Component/Console/Application->doRunCommand(Object(Illuminate/Console/Scheduling/ScheduleRunCommand), Object(Symfony/Component/Console/Input/ArgvInput), Object(Symfony/Component/Console/Output/ConsoleOutput))
#14 C:/laragon/www/sportmate_pemwebII-main/sportmate/vendor/symfony/console/Application.php(195): Symfony/Component/Console/Application->doRun(Object(Symfony/Component/Console/Input/ArgvInput), Object(Symfony/Component/Console/Output/ConsoleOutput))
#15 C:/laragon/www/sportmate_pemwebII-main/sportmate/vendor/laravel/framework/src/Illuminate/Foundation/Console/Kernel.php(198): Symfony/Component/Console/Application->run(Object(Symfony/Component/Console/Input/ArgvInput), Object(Symfony/Component/Console/Output/ConsoleOutput))
#16 C:/laragon/www/sportmate_pemwebII-main/sportmate/vendor/laravel/framework/src/Illuminate/Foundation/Application.php(1235): Illuminate/Foundation/Console/Kernel->handle(Object(Symfony/Component/Console/Input/ArgvInput), Object(Symfony/Component/Console/Output/ConsoleOutput))
#17 C:/laragon/www/sportmate_pemwebII-main/sportmate/artisan(14): Illuminate/Foundation/Application->handleCommand(Object(Symfony/Component/Console/Input/ArgvInput))
#18 {main}
"} 
[2026-07-10 02:26:02] local.ERROR: Command "event:update-status" is not defined.

Did you mean one of these?
    event:cache
    event:clear
    event:list {"exception":"[object] (Symfony\\Component\\Console\\Exception\\CommandNotFoundException(code: 0): Command \"event:update-status\" is not defined.

Did you mean one of these?
    event:cache
    event:clear
    event:list at C:/laragon/www/sportmate_pemwebII-main/sportmate/vendor/symfony/console/Application.php:759)
[stacktrace]
#0 C:/laragon/www/sportmate_pemwebII-main/sportmate/vendor/symfony/console/Application.php(298): Symfony/Component/Console/Application->find('event:update-st...')
#1 C:/laragon/www/sportmate_pemwebII-main/sportmate/vendor/symfony/console/Application.php(195): Symfony/Component/Console/Application->doRun(Object(Symfony/Component/Console/Input/ArgvInput), Object(Symfony/Component/Console/Output/ConsoleOutput))
#2 C:/laragon/www/sportmate_pemwebII-main/sportmate/vendor/laravel/framework/src/Illuminate/Foundation/Console/Kernel.php(198): Symfony/Component/Console/Application->run(Object(Symfony/Component/Console/Input/ArgvInput), Object(Symfony/Component/Console/Output/ConsoleOutput))
#3 C:/laragon/www/sportmate_pemwebII-main/sportmate/vendor/laravel/framework/src/Illuminate/Foundation/Application.php(1235): Illuminate/Foundation/Console/Kernel->handle(Object(Symfony/Component/Console/Input/ArgvInput), Object(Symfony/Component/Console/Output/ConsoleOutput))
#4 C:/laragon/www/sportmate_pemwebII-main/sportmate/artisan(14): Illuminate/Foundation/Application->handleCommand(Object(Symfony/Component/Console/Input/ArgvInput))
#5 {main}
"} 
[2026-07-10 02:26:02] local.ERROR: Scheduled command ["C:\laragon\bin\php\php-8.4.19-Win32-vs17-x64\php.exe" "artisan" event:update-status] failed with exit code [1]. {"exception":"[object] (Exception(code: 0): Scheduled command [\"C:\\laragon\\bin\\php\\php-8.4.19-Win32-vs17-x64\\php.exe\" \"artisan\" event:update-status] failed with exit code [1]. at C:/laragon/www/sportmate_pemwebII-main/sportmate/vendor/laravel/framework/src/Illuminate/Console/Scheduling/ScheduleRunCommand.php:207)
[stacktrace]
#0 C:/laragon/www/sportmate_pemwebII-main/sportmate/vendor/laravel/framework/src/Illuminate/Console/View/Components/Task.php(41): Illuminate/Console/Scheduling/ScheduleRunCommand->{closure:Illuminate/Console/Scheduling/ScheduleRunCommand::runEvent():191}()
#1 C:/laragon/www/sportmate_pemwebII-main/sportmate/vendor/laravel/framework/src/Illuminate/Console/View/Components/Factory.php(59): Illuminate/Console/View/Components/Task->render('<fg=gray>2026-0...', Object(Closure))
#2 C:/laragon/www/sportmate_pemwebII-main/sportmate/vendor/laravel/framework/src/Illuminate/Console/Scheduling/ScheduleRunCommand.php(191): Illuminate/Console/View/Components/Factory->__call('task', Array)
#3 C:/laragon/www/sportmate_pemwebII-main/sportmate/vendor/laravel/framework/src/Illuminate/Console/Scheduling/ScheduleRunCommand.php(134): Illuminate/Console/Scheduling/ScheduleRunCommand->runEvent(Object(Illuminate/Console/Scheduling/Event))
#4 C:/laragon/www/sportmate_pemwebII-main/sportmate/vendor/laravel/framework/src/Illuminate/Container/BoundMethod.php(36): Illuminate/Console/Scheduling/ScheduleRunCommand->handle(Object(Illuminate/Console/Scheduling/Schedule), Object(Illuminate/Events/Dispatcher), Object(Illuminate/Cache/Repository), Object(NunoMaduro/Collision/Adapters/Laravel/ExceptionHandler))
#5 C:/laragon/www/sportmate_pemwebII-main/sportmate/vendor/laravel/framework/src/Illuminate/Container/Util.php(43): Illuminate/Container/BoundMethod::{closure:Illuminate/Container/BoundMethod::call():35}()
#6 C:/laragon/www/sportmate_pemwebII-main/sportmate/vendor/laravel/framework/src/Illuminate/Container/BoundMethod.php(96): Illuminate/Container/Util::unwrapIfClosure(Object(Closure))
#7 C:/laragon/www/sportmate_pemwebII-main/sportmate/vendor/laravel/framework/src/Illuminate/Container/BoundMethod.php(35): Illuminate/Container/BoundMethod::callBoundMethod(Object(Illuminate/Foundation/Application), Array, Object(Closure))
#8 C:/laragon/www/sportmate_pemwebII-main/sportmate/vendor/laravel/framework/src/Illuminate/Container/Container.php(799): Illuminate/Container/BoundMethod::call(Object(Illuminate/Foundation/Application), Array, Array, NULL)
#9 C:/laragon/www/sportmate_pemwebII-main/sportmate/vendor/laravel/framework/src/Illuminate/Console/Command.php(211): Illuminate/Container/Container->call(Array)
#10 C:/laragon/www/sportmate_pemwebII-main/sportmate/vendor/symfony/console/Command/Command.php(341): Illuminate/Console/Command->execute(Object(Symfony/Component/Console/Input/ArgvInput), Object(Illuminate/Console/OutputStyle))
#11 C:/laragon/www/sportmate_pemwebII-main/sportmate/vendor/laravel/framework/src/Illuminate/Console/Command.php(180): Symfony/Component/Console/Command/Command->run(Object(Symfony/Component/Console/Input/ArgvInput), Object(Illuminate/Console/OutputStyle))
#12 C:/laragon/www/sportmate_pemwebII-main/sportmate/vendor/symfony/console/Application.php(1117): Illuminate/Console/Command->run(Object(Symfony/Component/Console/Input/ArgvInput), Object(Symfony/Component/Console/Output/ConsoleOutput))
#13 C:/laragon/www/sportmate_pemwebII-main/sportmate/vendor/symfony/console/Application.php(356): Symfony/Component/Console/Application->doRunCommand(Object(Illuminate/Console/Scheduling/ScheduleRunCommand), Object(Symfony/Component/Console/Input/ArgvInput), Object(Symfony/Component/Console/Output/ConsoleOutput))
#14 C:/laragon/www/sportmate_pemwebII-main/sportmate/vendor/symfony/console/Application.php(195): Symfony/Component/Console/Application->doRun(Object(Symfony/Component/Console/Input/ArgvInput), Object(Symfony/Component/Console/Output/ConsoleOutput))
#15 C:/laragon/www/sportmate_pemwebII-main/sportmate/vendor/laravel/framework/src/Illuminate/Foundation/Console/Kernel.php(198): Symfony/Component/Console/Application->run(Object(Symfony/Component/Console/Input/ArgvInput), Object(Symfony/Component/Console/Output/ConsoleOutput))
#16 C:/laragon/www/sportmate_pemwebII-main/sportmate/vendor/laravel/framework/src/Illuminate/Foundation/Application.php(1235): Illuminate/Foundation/Console/Kernel->handle(Object(Symfony/Component/Console/Input/ArgvInput), Object(Symfony/Component/Console/Output/ConsoleOutput))
#17 C:/laragon/www/sportmate_pemwebII-main/sportmate/artisan(14): Illuminate/Foundation/Application->handleCommand(Object(Symfony/Component/Console/Input/ArgvInput))
#18 {main}
"} 
[2026-07-10 02:27:02] local.ERROR: Command "event:update-status" is not defined.

Did you mean one of these?
    event:cache
    event:clear
    event:list {"exception":"[object] (Symfony\\Component\\Console\\Exception\\CommandNotFoundException(code: 0): Command \"event:update-status\" is not defined.

Did you mean one of these?
    event:cache
    event:clear
    event:list at C:/laragon/www/sportmate_pemwebII-main/sportmate/vendor/symfony/console/Application.php:759)
[stacktrace]
#0 C:/laragon/www/sportmate_pemwebII-main/sportmate/vendor/symfony/console/Application.php(298): Symfony/Component/Console/Application->find('event:update-st...')
#1 C:/laragon/www/sportmate_pemwebII-main/sportmate/vendor/symfony/console/Application.php(195): Symfony/Component/Console/Application->doRun(Object(Symfony/Component/Console/Input/ArgvInput), Object(Symfony/Component/Console/Output/ConsoleOutput))
#2 C:/laragon/www/sportmate_pemwebII-main/sportmate/vendor/laravel/framework/src/Illuminate/Foundation/Console/Kernel.php(198): Symfony/Component/Console/Application->run(Object(Symfony/Component/Console/Input/ArgvInput), Object(Symfony/Component/Console/Output/ConsoleOutput))
#3 C:/laragon/www/sportmate_pemwebII-main/sportmate/vendor/laravel/framework/src/Illuminate/Foundation/Application.php(1235): Illuminate/Foundation/Console/Kernel->handle(Object(Symfony/Component/Console/Input/ArgvInput), Object(Symfony/Component/Console/Output/ConsoleOutput))
#4 C:/laragon/www/sportmate_pemwebII-main/sportmate/artisan(14): Illuminate/Foundation/Application->handleCommand(Object(Symfony/Component/Console/Input/ArgvInput))
#5 {main}
"} 
[2026-07-10 02:27:02] local.ERROR: Scheduled command ["C:\laragon\bin\php\php-8.4.19-Win32-vs17-x64\php.exe" "artisan" event:update-status] failed with exit code [1]. {"exception":"[object] (Exception(code: 0): Scheduled command [\"C:\\laragon\\bin\\php\\php-8.4.19-Win32-vs17-x64\\php.exe\" \"artisan\" event:update-status] failed with exit code [1]. at C:/laragon/www/sportmate_pemwebII-main/sportmate/vendor/laravel/framework/src/Illuminate/Console/Scheduling/ScheduleRunCommand.php:207)
[stacktrace]
#0 C:/laragon/www/sportmate_pemwebII-main/sportmate/vendor/laravel/framework/src/Illuminate/Console/View/Components/Task.php(41): Illuminate/Console/Scheduling/ScheduleRunCommand->{closure:Illuminate/Console/Scheduling/ScheduleRunCommand::runEvent():191}()
#1 C:/laragon/www/sportmate_pemwebII-main/sportmate/vendor/laravel/framework/src/Illuminate/Console/View/Components/Factory.php(59): Illuminate/Console/View/Components/Task->render('<fg=gray>2026-0...', Object(Closure))
#2 C:/laragon/www/sportmate_pemwebII-main/sportmate/vendor/laravel/framework/src/Illuminate/Console/Scheduling/ScheduleRunCommand.php(191): Illuminate/Console/View/Components/Factory->__call('task', Array)
#3 C:/laragon/www/sportmate_pemwebII-main/sportmate/vendor/laravel/framework/src/Illuminate/Console/Scheduling/ScheduleRunCommand.php(134): Illuminate/Console/Scheduling/ScheduleRunCommand->runEvent(Object(Illuminate/Console/Scheduling/Event))
#4 C:/laragon/www/sportmate_pemwebII-main/sportmate/vendor/laravel/framework/src/Illuminate/Container/BoundMethod.php(36): Illuminate/Console/Scheduling/ScheduleRunCommand->handle(Object(Illuminate/Console/Scheduling/Schedule), Object(Illuminate/Events/Dispatcher), Object(Illuminate/Cache/Repository), Object(NunoMaduro/Collision/Adapters/Laravel/ExceptionHandler))
#5 C:/laragon/www/sportmate_pemwebII-main/sportmate/vendor/laravel/framework/src/Illuminate/Container/Util.php(43): Illuminate/Container/BoundMethod::{closure:Illuminate/Container/BoundMethod::call():35}()
#6 C:/laragon/www/sportmate_pemwebII-main/sportmate/vendor/laravel/framework/src/Illuminate/Container/BoundMethod.php(96): Illuminate/Container/Util::unwrapIfClosure(Object(Closure))
#7 C:/laragon/www/sportmate_pemwebII-main/sportmate/vendor/laravel/framework/src/Illuminate/Container/BoundMethod.php(35): Illuminate/Container/BoundMethod::callBoundMethod(Object(Illuminate/Foundation/Application), Array, Object(Closure))
#8 C:/laragon/www/sportmate_pemwebII-main/sportmate/vendor/laravel/framework/src/Illuminate/Container/Container.php(799): Illuminate/Container/BoundMethod::call(Object(Illuminate/Foundation/Application), Array, Array, NULL)
#9 C:/laragon/www/sportmate_pemwebII-main/sportmate/vendor/laravel/framework/src/Illuminate/Console/Command.php(211): Illuminate/Container/Container->call(Array)
#10 C:/laragon/www/sportmate_pemwebII-main/sportmate/vendor/symfony/console/Command/Command.php(341): Illuminate/Console/Command->execute(Object(Symfony/Component/Console/Input/ArgvInput), Object(Illuminate/Console/OutputStyle))
#11 C:/laragon/www/sportmate_pemwebII-main/sportmate/vendor/laravel/framework/src/Illuminate/Console/Command.php(180): Symfony/Component/Console/Command/Command->run(Object(Symfony/Component/Console/Input/ArgvInput), Object(Illuminate/Console/OutputStyle))
#12 C:/laragon/www/sportmate_pemwebII-main/sportmate/vendor/symfony/console/Application.php(1117): Illuminate/Console/Command->run(Object(Symfony/Component/Console/Input/ArgvInput), Object(Symfony/Component/Console/Output/ConsoleOutput))
#13 C:/laragon/www/sportmate_pemwebII-main/sportmate/vendor/symfony/console/Application.php(356): Symfony/Component/Console/Application->doRunCommand(Object(Illuminate/Console/Scheduling/ScheduleRunCommand), Object(Symfony/Component/Console/Input/ArgvInput), Object(Symfony/Component/Console/Output/ConsoleOutput))
#14 C:/laragon/www/sportmate_pemwebII-main/sportmate/vendor/symfony/console/Application.php(195): Symfony/Component/Console/Application->doRun(Object(Symfony/Component/Console/Input/ArgvInput), Object(Symfony/Component/Console/Output/ConsoleOutput))
#15 C:/laragon/www/sportmate_pemwebII-main/sportmate/vendor/laravel/framework/src/Illuminate/Foundation/Console/Kernel.php(198): Symfony/Component/Console/Application->run(Object(Symfony/Component/Console/Input/ArgvInput), Object(Symfony/Component/Console/Output/ConsoleOutput))
#16 C:/laragon/www/sportmate_pemwebII-main/sportmate/vendor/laravel/framework/src/Illuminate/Foundation/Application.php(1235): Illuminate/Foundation/Console/Kernel->handle(Object(Symfony/Component/Console/Input/ArgvInput), Object(Symfony/Component/Console/Output/ConsoleOutput))
#17 C:/laragon/www/sportmate_pemwebII-main/sportmate/artisan(14): Illuminate/Foundation/Application->handleCommand(Object(Symfony/Component/Console/Input/ArgvInput))
#18 {main}
"} 
[2026-07-10 02:28:02] local.ERROR: Command "event:update-status" is not defined.

Did you mean one of these?
    event:cache
    event:clear
    event:list {"exception":"[object] (Symfony\\Component\\Console\\Exception\\CommandNotFoundException(code: 0): Command \"event:update-status\" is not defined.

Did you mean one of these?
    event:cache
    event:clear
    event:list at C:/laragon/www/sportmate_pemwebII-main/sportmate/vendor/symfony/console/Application.php:759)
[stacktrace]
#0 C:/laragon/www/sportmate_pemwebII-main/sportmate/vendor/symfony/console/Application.php(298): Symfony/Component/Console/Application->find('event:update-st...')
#1 C:/laragon/www/sportmate_pemwebII-main/sportmate/vendor/symfony/console/Application.php(195): Symfony/Component/Console/Application->doRun(Object(Symfony/Component/Console/Input/ArgvInput), Object(Symfony/Component/Console/Output/ConsoleOutput))
#2 C:/laragon/www/sportmate_pemwebII-main/sportmate/vendor/laravel/framework/src/Illuminate/Foundation/Console/Kernel.php(198): Symfony/Component/Console/Application->run(Object(Symfony/Component/Console/Input/ArgvInput), Object(Symfony/Component/Console/Output/ConsoleOutput))
#3 C:/laragon/www/sportmate_pemwebII-main/sportmate/vendor/laravel/framework/src/Illuminate/Foundation/Application.php(1235): Illuminate/Foundation/Console/Kernel->handle(Object(Symfony/Component/Console/Input/ArgvInput), Object(Symfony/Component/Console/Output/ConsoleOutput))
#4 C:/laragon/www/sportmate_pemwebII-main/sportmate/artisan(14): Illuminate/Foundation/Application->handleCommand(Object(Symfony/Component/Console/Input/ArgvInput))
#5 {main}
"} 
[2026-07-10 02:28:03] local.ERROR: Scheduled command ["C:\laragon\bin\php\php-8.4.19-Win32-vs17-x64\php.exe" "artisan" event:update-status] failed with exit code [1]. {"exception":"[object] (Exception(code: 0): Scheduled command [\"C:\\laragon\\bin\\php\\php-8.4.19-Win32-vs17-x64\\php.exe\" \"artisan\" event:update-status] failed with exit code [1]. at C:/laragon/www/sportmate_pemwebII-main/sportmate/vendor/laravel/framework/src/Illuminate/Console/Scheduling/ScheduleRunCommand.php:207)
[stacktrace]
#0 C:/laragon/www/sportmate_pemwebII-main/sportmate/vendor/laravel/framework/src/Illuminate/Console/View/Components/Task.php(41): Illuminate/Console/Scheduling/ScheduleRunCommand->{closure:Illuminate/Console/Scheduling/ScheduleRunCommand::runEvent():191}()
#1 C:/laragon/www/sportmate_pemwebII-main/sportmate/vendor/laravel/framework/src/Illuminate/Console/View/Components/Factory.php(59): Illuminate/Console/View/Components/Task->render('<fg=gray>2026-0...', Object(Closure))
#2 C:/laragon/www/sportmate_pemwebII-main/sportmate/vendor/laravel/framework/src/Illuminate/Console/Scheduling/ScheduleRunCommand.php(191): Illuminate/Console/View/Components/Factory->__call('task', Array)
#3 C:/laragon/www/sportmate_pemwebII-main/sportmate/vendor/laravel/framework/src/Illuminate/Console/Scheduling/ScheduleRunCommand.php(134): Illuminate/Console/Scheduling/ScheduleRunCommand->runEvent(Object(Illuminate/Console/Scheduling/Event))
#4 C:/laragon/www/sportmate_pemwebII-main/sportmate/vendor/laravel/framework/src/Illuminate/Container/BoundMethod.php(36): Illuminate/Console/Scheduling/ScheduleRunCommand->handle(Object(Illuminate/Console/Scheduling/Schedule), Object(Illuminate/Events/Dispatcher), Object(Illuminate/Cache/Repository), Object(NunoMaduro/Collision/Adapters/Laravel/ExceptionHandler))
#5 C:/laragon/www/sportmate_pemwebII-main/sportmate/vendor/laravel/framework/src/Illuminate/Container/Util.php(43): Illuminate/Container/BoundMethod::{closure:Illuminate/Container/BoundMethod::call():35}()
#6 C:/laragon/www/sportmate_pemwebII-main/sportmate/vendor/laravel/framework/src/Illuminate/Container/BoundMethod.php(96): Illuminate/Container/Util::unwrapIfClosure(Object(Closure))
#7 C:/laragon/www/sportmate_pemwebII-main/sportmate/vendor/laravel/framework/src/Illuminate/Container/BoundMethod.php(35): Illuminate/Container/BoundMethod::callBoundMethod(Object(Illuminate/Foundation/Application), Array, Object(Closure))
#8 C:/laragon/www/sportmate_pemwebII-main/sportmate/vendor/laravel/framework/src/Illuminate/Container/Container.php(799): Illuminate/Container/BoundMethod::call(Object(Illuminate/Foundation/Application), Array, Array, NULL)
#9 C:/laragon/www/sportmate_pemwebII-main/sportmate/vendor/laravel/framework/src/Illuminate/Console/Command.php(211): Illuminate/Container/Container->call(Array)
#10 C:/laragon/www/sportmate_pemwebII-main/sportmate/vendor/symfony/console/Command/Command.php(341): Illuminate/Console/Command->execute(Object(Symfony/Component/Console/Input/ArgvInput), Object(Illuminate/Console/OutputStyle))
#11 C:/laragon/www/sportmate_pemwebII-main/sportmate/vendor/laravel/framework/src/Illuminate/Console/Command.php(180): Symfony/Component/Console/Command/Command->run(Object(Symfony/Component/Console/Input/ArgvInput), Object(Illuminate/Console/OutputStyle))
#12 C:/laragon/www/sportmate_pemwebII-main/sportmate/vendor/symfony/console/Application.php(1117): Illuminate/Console/Command->run(Object(Symfony/Component/Console/Input/ArgvInput), Object(Symfony/Component/Console/Output/ConsoleOutput))
#13 C:/laragon/www/sportmate_pemwebII-main/sportmate/vendor/symfony/console/Application.php(356): Symfony/Component/Console/Application->doRunCommand(Object(Illuminate/Console/Scheduling/ScheduleRunCommand), Object(Symfony/Component/Console/Input/ArgvInput), Object(Symfony/Component/Console/Output/ConsoleOutput))
#14 C:/laragon/www/sportmate_pemwebII-main/sportmate/vendor/symfony/console/Application.php(195): Symfony/Component/Console/Application->doRun(Object(Symfony/Component/Console/Input/ArgvInput), Object(Symfony/Component/Console/Output/ConsoleOutput))
#15 C:/laragon/www/sportmate_pemwebII-main/sportmate/vendor/laravel/framework/src/Illuminate/Foundation/Console/Kernel.php(198): Symfony/Component/Console/Application->run(Object(Symfony/Component/Console/Input/ArgvInput), Object(Symfony/Component/Console/Output/ConsoleOutput))
#16 C:/laragon/www/sportmate_pemwebII-main/sportmate/vendor/laravel/framework/src/Illuminate/Foundation/Application.php(1235): Illuminate/Foundation/Console/Kernel->handle(Object(Symfony/Component/Console/Input/ArgvInput), Object(Symfony/Component/Console/Output/ConsoleOutput))
#17 C:/laragon/www/sportmate_pemwebII-main/sportmate/artisan(14): Illuminate/Foundation/Application->handleCommand(Object(Symfony/Component/Console/Input/ArgvInput))
#18 {main}
"} 
[2026-07-10 02:29:02] local.ERROR: Command "event:update-status" is not defined.

Did you mean one of these?
    event:cache
    event:clear
    event:list {"exception":"[object] (Symfony\\Component\\Console\\Exception\\CommandNotFoundException(code: 0): Command \"event:update-status\" is not defined.

Did you mean one of these?
    event:cache
    event:clear
    event:list at C:/laragon/www/sportmate_pemwebII-main/sportmate/vendor/symfony/console/Application.php:759)
[stacktrace]
#0 C:/laragon/www/sportmate_pemwebII-main/sportmate/vendor/symfony/console/Application.php(298): Symfony/Component/Console/Application->find('event:update-st...')
#1 C:/laragon/www/sportmate_pemwebII-main/sportmate/vendor/symfony/console/Application.php(195): Symfony/Component/Console/Application->doRun(Object(Symfony/Component/Console/Input/ArgvInput), Object(Symfony/Component/Console/Output/ConsoleOutput))
#2 C:/laragon/www/sportmate_pemwebII-main/sportmate/vendor/laravel/framework/src/Illuminate/Foundation/Console/Kernel.php(198): Symfony/Component/Console/Application->run(Object(Symfony/Component/Console/Input/ArgvInput), Object(Symfony/Component/Console/Output/ConsoleOutput))
#3 C:/laragon/www/sportmate_pemwebII-main/sportmate/vendor/laravel/framework/src/Illuminate/Foundation/Application.php(1235): Illuminate/Foundation/Console/Kernel->handle(Object(Symfony/Component/Console/Input/ArgvInput), Object(Symfony/Component/Console/Output/ConsoleOutput))
#4 C:/laragon/www/sportmate_pemwebII-main/sportmate/artisan(14): Illuminate/Foundation/Application->handleCommand(Object(Symfony/Component/Console/Input/ArgvInput))
#5 {main}
"} 
[2026-07-10 02:29:02] local.ERROR: Scheduled command ["C:\laragon\bin\php\php-8.4.19-Win32-vs17-x64\php.exe" "artisan" event:update-status] failed with exit code [1]. {"exception":"[object] (Exception(code: 0): Scheduled command [\"C:\\laragon\\bin\\php\\php-8.4.19-Win32-vs17-x64\\php.exe\" \"artisan\" event:update-status] failed with exit code [1]. at C:/laragon/www/sportmate_pemwebII-main/sportmate/vendor/laravel/framework/src/Illuminate/Console/Scheduling/ScheduleRunCommand.php:207)
[stacktrace]
#0 C:/laragon/www/sportmate_pemwebII-main/sportmate/vendor/laravel/framework/src/Illuminate/Console/View/Components/Task.php(41): Illuminate/Console/Scheduling/ScheduleRunCommand->{closure:Illuminate/Console/Scheduling/ScheduleRunCommand::runEvent():191}()
#1 C:/laragon/www/sportmate_pemwebII-main/sportmate/vendor/laravel/framework/src/Illuminate/Console/View/Components/Factory.php(59): Illuminate/Console/View/Components/Task->render('<fg=gray>2026-0...', Object(Closure))
#2 C:/laragon/www/sportmate_pemwebII-main/sportmate/vendor/laravel/framework/src/Illuminate/Console/Scheduling/ScheduleRunCommand.php(191): Illuminate/Console/View/Components/Factory->__call('task', Array)
#3 C:/laragon/www/sportmate_pemwebII-main/sportmate/vendor/laravel/framework/src/Illuminate/Console/Scheduling/ScheduleRunCommand.php(134): Illuminate/Console/Scheduling/ScheduleRunCommand->runEvent(Object(Illuminate/Console/Scheduling/Event))
#4 C:/laragon/www/sportmate_pemwebII-main/sportmate/vendor/laravel/framework/src/Illuminate/Container/BoundMethod.php(36): Illuminate/Console/Scheduling/ScheduleRunCommand->handle(Object(Illuminate/Console/Scheduling/Schedule), Object(Illuminate/Events/Dispatcher), Object(Illuminate/Cache/Repository), Object(NunoMaduro/Collision/Adapters/Laravel/ExceptionHandler))
#5 C:/laragon/www/sportmate_pemwebII-main/sportmate/vendor/laravel/framework/src/Illuminate/Container/Util.php(43): Illuminate/Container/BoundMethod::{closure:Illuminate/Container/BoundMethod::call():35}()
#6 C:/laragon/www/sportmate_pemwebII-main/sportmate/vendor/laravel/framework/src/Illuminate/Container/BoundMethod.php(96): Illuminate/Container/Util::unwrapIfClosure(Object(Closure))
#7 C:/laragon/www/sportmate_pemwebII-main/sportmate/vendor/laravel/framework/src/Illuminate/Container/BoundMethod.php(35): Illuminate/Container/BoundMethod::callBoundMethod(Object(Illuminate/Foundation/Application), Array, Object(Closure))
#8 C:/laragon/www/sportmate_pemwebII-main/sportmate/vendor/laravel/framework/src/Illuminate/Container/Container.php(799): Illuminate/Container/BoundMethod::call(Object(Illuminate/Foundation/Application), Array, Array, NULL)
#9 C:/laragon/www/sportmate_pemwebII-main/sportmate/vendor/laravel/framework/src/Illuminate/Console/Command.php(211): Illuminate/Container/Container->call(Array)
#10 C:/laragon/www/sportmate_pemwebII-main/sportmate/vendor/symfony/console/Command/Command.php(341): Illuminate/Console/Command->execute(Object(Symfony/Component/Console/Input/ArgvInput), Object(Illuminate/Console/OutputStyle))
#11 C:/laragon/www/sportmate_pemwebII-main/sportmate/vendor/laravel/framework/src/Illuminate/Console/Command.php(180): Symfony/Component/Console/Command/Command->run(Object(Symfony/Component/Console/Input/ArgvInput), Object(Illuminate/Console/OutputStyle))
#12 C:/laragon/www/sportmate_pemwebII-main/sportmate/vendor/symfony/console/Application.php(1117): Illuminate/Console/Command->run(Object(Symfony/Component/Console/Input/ArgvInput), Object(Symfony/Component/Console/Output/ConsoleOutput))
#13 C:/laragon/www/sportmate_pemwebII-main/sportmate/vendor/symfony/console/Application.php(356): Symfony/Component/Console/Application->doRunCommand(Object(Illuminate/Console/Scheduling/ScheduleRunCommand), Object(Symfony/Component/Console/Input/ArgvInput), Object(Symfony/Component/Console/Output/ConsoleOutput))
#14 C:/laragon/www/sportmate_pemwebII-main/sportmate/vendor/symfony/console/Application.php(195): Symfony/Component/Console/Application->doRun(Object(Symfony/Component/Console/Input/ArgvInput), Object(Symfony/Component/Console/Output/ConsoleOutput))
#15 C:/laragon/www/sportmate_pemwebII-main/sportmate/vendor/laravel/framework/src/Illuminate/Foundation/Console/Kernel.php(198): Symfony/Component/Console/Application->run(Object(Symfony/Component/Console/Input/ArgvInput), Object(Symfony/Component/Console/Output/ConsoleOutput))
#16 C:/laragon/www/sportmate_pemwebII-main/sportmate/vendor/laravel/framework/src/Illuminate/Foundation/Application.php(1235): Illuminate/Foundation/Console/Kernel->handle(Object(Symfony/Component/Console/Input/ArgvInput), Object(Symfony/Component/Console/Output/ConsoleOutput))
#17 C:/laragon/www/sportmate_pemwebII-main/sportmate/artisan(14): Illuminate/Foundation/Application->handleCommand(Object(Symfony/Component/Console/Input/ArgvInput))
#18 {main}
"} 
[2026-07-10 02:30:02] local.ERROR: Command "event:update-status" is not defined.

Did you mean one of these?
    event:cache
    event:clear
    event:list {"exception":"[object] (Symfony\\Component\\Console\\Exception\\CommandNotFoundException(code: 0): Command \"event:update-status\" is not defined.

Did you mean one of these?
    event:cache
    event:clear
    event:list at C:/laragon/www/sportmate_pemwebII-main/sportmate/vendor/symfony/console/Application.php:759)
[stacktrace]
#0 C:/laragon/www/sportmate_pemwebII-main/sportmate/vendor/symfony/console/Application.php(298): Symfony/Component/Console/Application->find('event:update-st...')
#1 C:/laragon/www/sportmate_pemwebII-main/sportmate/vendor/symfony/console/Application.php(195): Symfony/Component/Console/Application->doRun(Object(Symfony/Component/Console/Input/ArgvInput), Object(Symfony/Component/Console/Output/ConsoleOutput))
#2 C:/laragon/www/sportmate_pemwebII-main/sportmate/vendor/laravel/framework/src/Illuminate/Foundation/Console/Kernel.php(198): Symfony/Component/Console/Application->run(Object(Symfony/Component/Console/Input/ArgvInput), Object(Symfony/Component/Console/Output/ConsoleOutput))
#3 C:/laragon/www/sportmate_pemwebII-main/sportmate/vendor/laravel/framework/src/Illuminate/Foundation/Application.php(1235): Illuminate/Foundation/Console/Kernel->handle(Object(Symfony/Component/Console/Input/ArgvInput), Object(Symfony/Component/Console/Output/ConsoleOutput))
#4 C:/laragon/www/sportmate_pemwebII-main/sportmate/artisan(14): Illuminate/Foundation/Application->handleCommand(Object(Symfony/Component/Console/Input/ArgvInput))
#5 {main}
"} 
[2026-07-10 02:30:02] local.ERROR: Scheduled command ["C:\laragon\bin\php\php-8.4.19-Win32-vs17-x64\php.exe" "artisan" event:update-status] failed with exit code [1]. {"exception":"[object] (Exception(code: 0): Scheduled command [\"C:\\laragon\\bin\\php\\php-8.4.19-Win32-vs17-x64\\php.exe\" \"artisan\" event:update-status] failed with exit code [1]. at C:/laragon/www/sportmate_pemwebII-main/sportmate/vendor/laravel/framework/src/Illuminate/Console/Scheduling/ScheduleRunCommand.php:207)
[stacktrace]
#0 C:/laragon/www/sportmate_pemwebII-main/sportmate/vendor/laravel/framework/src/Illuminate/Console/View/Components/Task.php(41): Illuminate/Console/Scheduling/ScheduleRunCommand->{closure:Illuminate/Console/Scheduling/ScheduleRunCommand::runEvent():191}()
#1 C:/laragon/www/sportmate_pemwebII-main/sportmate/vendor/laravel/framework/src/Illuminate/Console/View/Components/Factory.php(59): Illuminate/Console/View/Components/Task->render('<fg=gray>2026-0...', Object(Closure))
#2 C:/laragon/www/sportmate_pemwebII-main/sportmate/vendor/laravel/framework/src/Illuminate/Console/Scheduling/ScheduleRunCommand.php(191): Illuminate/Console/View/Components/Factory->__call('task', Array)
#3 C:/laragon/www/sportmate_pemwebII-main/sportmate/vendor/laravel/framework/src/Illuminate/Console/Scheduling/ScheduleRunCommand.php(134): Illuminate/Console/Scheduling/ScheduleRunCommand->runEvent(Object(Illuminate/Console/Scheduling/Event))
#4 C:/laragon/www/sportmate_pemwebII-main/sportmate/vendor/laravel/framework/src/Illuminate/Container/BoundMethod.php(36): Illuminate/Console/Scheduling/ScheduleRunCommand->handle(Object(Illuminate/Console/Scheduling/Schedule), Object(Illuminate/Events/Dispatcher), Object(Illuminate/Cache/Repository), Object(NunoMaduro/Collision/Adapters/Laravel/ExceptionHandler))
#5 C:/laragon/www/sportmate_pemwebII-main/sportmate/vendor/laravel/framework/src/Illuminate/Container/Util.php(43): Illuminate/Container/BoundMethod::{closure:Illuminate/Container/BoundMethod::call():35}()
#6 C:/laragon/www/sportmate_pemwebII-main/sportmate/vendor/laravel/framework/src/Illuminate/Container/BoundMethod.php(96): Illuminate/Container/Util::unwrapIfClosure(Object(Closure))
#7 C:/laragon/www/sportmate_pemwebII-main/sportmate/vendor/laravel/framework/src/Illuminate/Container/BoundMethod.php(35): Illuminate/Container/BoundMethod::callBoundMethod(Object(Illuminate/Foundation/Application), Array, Object(Closure))
#8 C:/laragon/www/sportmate_pemwebII-main/sportmate/vendor/laravel/framework/src/Illuminate/Container/Container.php(799): Illuminate/Container/BoundMethod::call(Object(Illuminate/Foundation/Application), Array, Array, NULL)
#9 C:/laragon/www/sportmate_pemwebII-main/sportmate/vendor/laravel/framework/src/Illuminate/Console/Command.php(211): Illuminate/Container/Container->call(Array)
#10 C:/laragon/www/sportmate_pemwebII-main/sportmate/vendor/symfony/console/Command/Command.php(341): Illuminate/Console/Command->execute(Object(Symfony/Component/Console/Input/ArgvInput), Object(Illuminate/Console/OutputStyle))
#11 C:/laragon/www/sportmate_pemwebII-main/sportmate/vendor/laravel/framework/src/Illuminate/Console/Command.php(180): Symfony/Component/Console/Command/Command->run(Object(Symfony/Component/Console/Input/ArgvInput), Object(Illuminate/Console/OutputStyle))
#12 C:/laragon/www/sportmate_pemwebII-main/sportmate/vendor/symfony/console/Application.php(1117): Illuminate/Console/Command->run(Object(Symfony/Component/Console/Input/ArgvInput), Object(Symfony/Component/Console/Output/ConsoleOutput))
#13 C:/laragon/www/sportmate_pemwebII-main/sportmate/vendor/symfony/console/Application.php(356): Symfony/Component/Console/Application->doRunCommand(Object(Illuminate/Console/Scheduling/ScheduleRunCommand), Object(Symfony/Component/Console/Input/ArgvInput), Object(Symfony/Component/Console/Output/ConsoleOutput))
#14 C:/laragon/www/sportmate_pemwebII-main/sportmate/vendor/symfony/console/Application.php(195): Symfony/Component/Console/Application->doRun(Object(Symfony/Component/Console/Input/ArgvInput), Object(Symfony/Component/Console/Output/ConsoleOutput))
#15 C:/laragon/www/sportmate_pemwebII-main/sportmate/vendor/laravel/framework/src/Illuminate/Foundation/Console/Kernel.php(198): Symfony/Component/Console/Application->run(Object(Symfony/Component/Console/Input/ArgvInput), Object(Symfony/Component/Console/Output/ConsoleOutput))
#16 C:/laragon/www/sportmate_pemwebII-main/sportmate/vendor/laravel/framework/src/Illuminate/Foundation/Application.php(1235): Illuminate/Foundation/Console/Kernel->handle(Object(Symfony/Component/Console/Input/ArgvInput), Object(Symfony/Component/Console/Output/ConsoleOutput))
#17 C:/laragon/www/sportmate_pemwebII-main/sportmate/artisan(14): Illuminate/Foundation/Application->handleCommand(Object(Symfony/Component/Console/Input/ArgvInput))
#18 {main}
"} 
[2026-07-10 02:31:02] local.ERROR: Command "event:update-status" is not defined.

Did you mean one of these?
    event:cache
    event:clear
    event:list {"exception":"[object] (Symfony\\Component\\Console\\Exception\\CommandNotFoundException(code: 0): Command \"event:update-status\" is not defined.

Did you mean one of these?
    event:cache
    event:clear
    event:list at C:/laragon/www/sportmate_pemwebII-main/sportmate/vendor/symfony/console/Application.php:759)
[stacktrace]
#0 C:/laragon/www/sportmate_pemwebII-main/sportmate/vendor/symfony/console/Application.php(298): Symfony/Component/Console/Application->find('event:update-st...')
#1 C:/laragon/www/sportmate_pemwebII-main/sportmate/vendor/symfony/console/Application.php(195): Symfony/Component/Console/Application->doRun(Object(Symfony/Component/Console/Input/ArgvInput), Object(Symfony/Component/Console/Output/ConsoleOutput))
#2 C:/laragon/www/sportmate_pemwebII-main/sportmate/vendor/laravel/framework/src/Illuminate/Foundation/Console/Kernel.php(198): Symfony/Component/Console/Application->run(Object(Symfony/Component/Console/Input/ArgvInput), Object(Symfony/Component/Console/Output/ConsoleOutput))
#3 C:/laragon/www/sportmate_pemwebII-main/sportmate/vendor/laravel/framework/src/Illuminate/Foundation/Application.php(1235): Illuminate/Foundation/Console/Kernel->handle(Object(Symfony/Component/Console/Input/ArgvInput), Object(Symfony/Component/Console/Output/ConsoleOutput))
#4 C:/laragon/www/sportmate_pemwebII-main/sportmate/artisan(14): Illuminate/Foundation/Application->handleCommand(Object(Symfony/Component/Console/Input/ArgvInput))
#5 {main}
"} 
[2026-07-10 02:31:02] local.ERROR: Scheduled command ["C:\laragon\bin\php\php-8.4.19-Win32-vs17-x64\php.exe" "artisan" event:update-status] failed with exit code [1]. {"exception":"[object] (Exception(code: 0): Scheduled command [\"C:\\laragon\\bin\\php\\php-8.4.19-Win32-vs17-x64\\php.exe\" \"artisan\" event:update-status] failed with exit code [1]. at C:/laragon/www/sportmate_pemwebII-main/sportmate/vendor/laravel/framework/src/Illuminate/Console/Scheduling/ScheduleRunCommand.php:207)
[stacktrace]
#0 C:/laragon/www/sportmate_pemwebII-main/sportmate/vendor/laravel/framework/src/Illuminate/Console/View/Components/Task.php(41): Illuminate/Console/Scheduling/ScheduleRunCommand->{closure:Illuminate/Console/Scheduling/ScheduleRunCommand::runEvent():191}()
#1 C:/laragon/www/sportmate_pemwebII-main/sportmate/vendor/laravel/framework/src/Illuminate/Console/View/Components/Factory.php(59): Illuminate/Console/View/Components/Task->render('<fg=gray>2026-0...', Object(Closure))
#2 C:/laragon/www/sportmate_pemwebII-main/sportmate/vendor/laravel/framework/src/Illuminate/Console/Scheduling/ScheduleRunCommand.php(191): Illuminate/Console/View/Components/Factory->__call('task', Array)
#3 C:/laragon/www/sportmate_pemwebII-main/sportmate/vendor/laravel/framework/src/Illuminate/Console/Scheduling/ScheduleRunCommand.php(134): Illuminate/Console/Scheduling/ScheduleRunCommand->runEvent(Object(Illuminate/Console/Scheduling/Event))
#4 C:/laragon/www/sportmate_pemwebII-main/sportmate/vendor/laravel/framework/src/Illuminate/Container/BoundMethod.php(36): Illuminate/Console/Scheduling/ScheduleRunCommand->handle(Object(Illuminate/Console/Scheduling/Schedule), Object(Illuminate/Events/Dispatcher), Object(Illuminate/Cache/Repository), Object(NunoMaduro/Collision/Adapters/Laravel/ExceptionHandler))
#5 C:/laragon/www/sportmate_pemwebII-main/sportmate/vendor/laravel/framework/src/Illuminate/Container/Util.php(43): Illuminate/Container/BoundMethod::{closure:Illuminate/Container/BoundMethod::call():35}()
#6 C:/laragon/www/sportmate_pemwebII-main/sportmate/vendor/laravel/framework/src/Illuminate/Container/BoundMethod.php(96): Illuminate/Container/Util::unwrapIfClosure(Object(Closure))
#7 C:/laragon/www/sportmate_pemwebII-main/sportmate/vendor/laravel/framework/src/Illuminate/Container/BoundMethod.php(35): Illuminate/Container/BoundMethod::callBoundMethod(Object(Illuminate/Foundation/Application), Array, Object(Closure))
#8 C:/laragon/www/sportmate_pemwebII-main/sportmate/vendor/laravel/framework/src/Illuminate/Container/Container.php(799): Illuminate/Container/BoundMethod::call(Object(Illuminate/Foundation/Application), Array, Array, NULL)
#9 C:/laragon/www/sportmate_pemwebII-main/sportmate/vendor/laravel/framework/src/Illuminate/Console/Command.php(211): Illuminate/Container/Container->call(Array)
#10 C:/laragon/www/sportmate_pemwebII-main/sportmate/vendor/symfony/console/Command/Command.php(341): Illuminate/Console/Command->execute(Object(Symfony/Component/Console/Input/ArgvInput), Object(Illuminate/Console/OutputStyle))
#11 C:/laragon/www/sportmate_pemwebII-main/sportmate/vendor/laravel/framework/src/Illuminate/Console/Command.php(180): Symfony/Component/Console/Command/Command->run(Object(Symfony/Component/Console/Input/ArgvInput), Object(Illuminate/Console/OutputStyle))
#12 C:/laragon/www/sportmate_pemwebII-main/sportmate/vendor/symfony/console/Application.php(1117): Illuminate/Console/Command->run(Object(Symfony/Component/Console/Input/ArgvInput), Object(Symfony/Component/Console/Output/ConsoleOutput))
#13 C:/laragon/www/sportmate_pemwebII-main/sportmate/vendor/symfony/console/Application.php(356): Symfony/Component/Console/Application->doRunCommand(Object(Illuminate/Console/Scheduling/ScheduleRunCommand), Object(Symfony/Component/Console/Input/ArgvInput), Object(Symfony/Component/Console/Output/ConsoleOutput))
#14 C:/laragon/www/sportmate_pemwebII-main/sportmate/vendor/symfony/console/Application.php(195): Symfony/Component/Console/Application->doRun(Object(Symfony/Component/Console/Input/ArgvInput), Object(Symfony/Component/Console/Output/ConsoleOutput))
#15 C:/laragon/www/sportmate_pemwebII-main/sportmate/vendor/laravel/framework/src/Illuminate/Foundation/Console/Kernel.php(198): Symfony/Component/Console/Application->run(Object(Symfony/Component/Console/Input/ArgvInput), Object(Symfony/Component/Console/Output/ConsoleOutput))
#16 C:/laragon/www/sportmate_pemwebII-main/sportmate/vendor/laravel/framework/src/Illuminate/Foundation/Application.php(1235): Illuminate/Foundation/Console/Kernel->handle(Object(Symfony/Component/Console/Input/ArgvInput), Object(Symfony/Component/Console/Output/ConsoleOutput))
#17 C:/laragon/www/sportmate_pemwebII-main/sportmate/artisan(14): Illuminate/Foundation/Application->handleCommand(Object(Symfony/Component/Console/Input/ArgvInput))
#18 {main}
"} 
[2026-07-10 02:32:02] local.ERROR: Command "event:update-status" is not defined.

Did you mean one of these?
    event:cache
    event:clear
    event:list {"exception":"[object] (Symfony\\Component\\Console\\Exception\\CommandNotFoundException(code: 0): Command \"event:update-status\" is not defined.

Did you mean one of these?
    event:cache
    event:clear
    event:list at C:/laragon/www/sportmate_pemwebII-main/sportmate/vendor/symfony/console/Application.php:759)
[stacktrace]
#0 C:/laragon/www/sportmate_pemwebII-main/sportmate/vendor/symfony/console/Application.php(298): Symfony/Component/Console/Application->find('event:update-st...')
#1 C:/laragon/www/sportmate_pemwebII-main/sportmate/vendor/symfony/console/Application.php(195): Symfony/Component/Console/Application->doRun(Object(Symfony/Component/Console/Input/ArgvInput), Object(Symfony/Component/Console/Output/ConsoleOutput))
#2 C:/laragon/www/sportmate_pemwebII-main/sportmate/vendor/laravel/framework/src/Illuminate/Foundation/Console/Kernel.php(198): Symfony/Component/Console/Application->run(Object(Symfony/Component/Console/Input/ArgvInput), Object(Symfony/Component/Console/Output/ConsoleOutput))
#3 C:/laragon/www/sportmate_pemwebII-main/sportmate/vendor/laravel/framework/src/Illuminate/Foundation/Application.php(1235): Illuminate/Foundation/Console/Kernel->handle(Object(Symfony/Component/Console/Input/ArgvInput), Object(Symfony/Component/Console/Output/ConsoleOutput))
#4 C:/laragon/www/sportmate_pemwebII-main/sportmate/artisan(14): Illuminate/Foundation/Application->handleCommand(Object(Symfony/Component/Console/Input/ArgvInput))
#5 {main}
"} 
[2026-07-10 02:32:02] local.ERROR: Scheduled command ["C:\laragon\bin\php\php-8.4.19-Win32-vs17-x64\php.exe" "artisan" event:update-status] failed with exit code [1]. {"exception":"[object] (Exception(code: 0): Scheduled command [\"C:\\laragon\\bin\\php\\php-8.4.19-Win32-vs17-x64\\php.exe\" \"artisan\" event:update-status] failed with exit code [1]. at C:/laragon/www/sportmate_pemwebII-main/sportmate/vendor/laravel/framework/src/Illuminate/Console/Scheduling/ScheduleRunCommand.php:207)
[stacktrace]
#0 C:/laragon/www/sportmate_pemwebII-main/sportmate/vendor/laravel/framework/src/Illuminate/Console/View/Components/Task.php(41): Illuminate/Console/Scheduling/ScheduleRunCommand->{closure:Illuminate/Console/Scheduling/ScheduleRunCommand::runEvent():191}()
#1 C:/laragon/www/sportmate_pemwebII-main/sportmate/vendor/laravel/framework/src/Illuminate/Console/View/Components/Factory.php(59): Illuminate/Console/View/Components/Task->render('<fg=gray>2026-0...', Object(Closure))
#2 C:/laragon/www/sportmate_pemwebII-main/sportmate/vendor/laravel/framework/src/Illuminate/Console/Scheduling/ScheduleRunCommand.php(191): Illuminate/Console/View/Components/Factory->__call('task', Array)
#3 C:/laragon/www/sportmate_pemwebII-main/sportmate/vendor/laravel/framework/src/Illuminate/Console/Scheduling/ScheduleRunCommand.php(134): Illuminate/Console/Scheduling/ScheduleRunCommand->runEvent(Object(Illuminate/Console/Scheduling/Event))
#4 C:/laragon/www/sportmate_pemwebII-main/sportmate/vendor/laravel/framework/src/Illuminate/Container/BoundMethod.php(36): Illuminate/Console/Scheduling/ScheduleRunCommand->handle(Object(Illuminate/Console/Scheduling/Schedule), Object(Illuminate/Events/Dispatcher), Object(Illuminate/Cache/Repository), Object(NunoMaduro/Collision/Adapters/Laravel/ExceptionHandler))
#5 C:/laragon/www/sportmate_pemwebII-main/sportmate/vendor/laravel/framework/src/Illuminate/Container/Util.php(43): Illuminate/Container/BoundMethod::{closure:Illuminate/Container/BoundMethod::call():35}()
#6 C:/laragon/www/sportmate_pemwebII-main/sportmate/vendor/laravel/framework/src/Illuminate/Container/BoundMethod.php(96): Illuminate/Container/Util::unwrapIfClosure(Object(Closure))
#7 C:/laragon/www/sportmate_pemwebII-main/sportmate/vendor/laravel/framework/src/Illuminate/Container/BoundMethod.php(35): Illuminate/Container/BoundMethod::callBoundMethod(Object(Illuminate/Foundation/Application), Array, Object(Closure))
#8 C:/laragon/www/sportmate_pemwebII-main/sportmate/vendor/laravel/framework/src/Illuminate/Container/Container.php(799): Illuminate/Container/BoundMethod::call(Object(Illuminate/Foundation/Application), Array, Array, NULL)
#9 C:/laragon/www/sportmate_pemwebII-main/sportmate/vendor/laravel/framework/src/Illuminate/Console/Command.php(211): Illuminate/Container/Container->call(Array)
#10 C:/laragon/www/sportmate_pemwebII-main/sportmate/vendor/symfony/console/Command/Command.php(341): Illuminate/Console/Command->execute(Object(Symfony/Component/Console/Input/ArgvInput), Object(Illuminate/Console/OutputStyle))
#11 C:/laragon/www/sportmate_pemwebII-main/sportmate/vendor/laravel/framework/src/Illuminate/Console/Command.php(180): Symfony/Component/Console/Command/Command->run(Object(Symfony/Component/Console/Input/ArgvInput), Object(Illuminate/Console/OutputStyle))
#12 C:/laragon/www/sportmate_pemwebII-main/sportmate/vendor/symfony/console/Application.php(1117): Illuminate/Console/Command->run(Object(Symfony/Component/Console/Input/ArgvInput), Object(Symfony/Component/Console/Output/ConsoleOutput))
#13 C:/laragon/www/sportmate_pemwebII-main/sportmate/vendor/symfony/console/Application.php(356): Symfony/Component/Console/Application->doRunCommand(Object(Illuminate/Console/Scheduling/ScheduleRunCommand), Object(Symfony/Component/Console/Input/ArgvInput), Object(Symfony/Component/Console/Output/ConsoleOutput))
#14 C:/laragon/www/sportmate_pemwebII-main/sportmate/vendor/symfony/console/Application.php(195): Symfony/Component/Console/Application->doRun(Object(Symfony/Component/Console/Input/ArgvInput), Object(Symfony/Component/Console/Output/ConsoleOutput))
#15 C:/laragon/www/sportmate_pemwebII-main/sportmate/vendor/laravel/framework/src/Illuminate/Foundation/Console/Kernel.php(198): Symfony/Component/Console/Application->run(Object(Symfony/Component/Console/Input/ArgvInput), Object(Symfony/Component/Console/Output/ConsoleOutput))
#16 C:/laragon/www/sportmate_pemwebII-main/sportmate/vendor/laravel/framework/src/Illuminate/Foundation/Application.php(1235): Illuminate/Foundation/Console/Kernel->handle(Object(Symfony/Component/Console/Input/ArgvInput), Object(Symfony/Component/Console/Output/ConsoleOutput))
#17 C:/laragon/www/sportmate_pemwebII-main/sportmate/artisan(14): Illuminate/Foundation/Application->handleCommand(Object(Symfony/Component/Console/Input/ArgvInput))
#18 {main}
"} 
[2026-07-10 02:33:02] local.ERROR: Command "event:update-status" is not defined.

Did you mean one of these?
    event:cache
    event:clear
    event:list {"exception":"[object] (Symfony\\Component\\Console\\Exception\\CommandNotFoundException(code: 0): Command \"event:update-status\" is not defined.

Did you mean one of these?
    event:cache
    event:clear
    event:list at C:/laragon/www/sportmate_pemwebII-main/sportmate/vendor/symfony/console/Application.php:759)
[stacktrace]
#0 C:/laragon/www/sportmate_pemwebII-main/sportmate/vendor/symfony/console/Application.php(298): Symfony/Component/Console/Application->find('event:update-st...')
#1 C:/laragon/www/sportmate_pemwebII-main/sportmate/vendor/symfony/console/Application.php(195): Symfony/Component/Console/Application->doRun(Object(Symfony/Component/Console/Input/ArgvInput), Object(Symfony/Component/Console/Output/ConsoleOutput))
#2 C:/laragon/www/sportmate_pemwebII-main/sportmate/vendor/laravel/framework/src/Illuminate/Foundation/Console/Kernel.php(198): Symfony/Component/Console/Application->run(Object(Symfony/Component/Console/Input/ArgvInput), Object(Symfony/Component/Console/Output/ConsoleOutput))
#3 C:/laragon/www/sportmate_pemwebII-main/sportmate/vendor/laravel/framework/src/Illuminate/Foundation/Application.php(1235): Illuminate/Foundation/Console/Kernel->handle(Object(Symfony/Component/Console/Input/ArgvInput), Object(Symfony/Component/Console/Output/ConsoleOutput))
#4 C:/laragon/www/sportmate_pemwebII-main/sportmate/artisan(14): Illuminate/Foundation/Application->handleCommand(Object(Symfony/Component/Console/Input/ArgvInput))
#5 {main}
"} 
[2026-07-10 02:33:02] local.ERROR: Scheduled command ["C:\laragon\bin\php\php-8.4.19-Win32-vs17-x64\php.exe" "artisan" event:update-status] failed with exit code [1]. {"exception":"[object] (Exception(code: 0): Scheduled command [\"C:\\laragon\\bin\\php\\php-8.4.19-Win32-vs17-x64\\php.exe\" \"artisan\" event:update-status] failed with exit code [1]. at C:/laragon/www/sportmate_pemwebII-main/sportmate/vendor/laravel/framework/src/Illuminate/Console/Scheduling/ScheduleRunCommand.php:207)
[stacktrace]
#0 C:/laragon/www/sportmate_pemwebII-main/sportmate/vendor/laravel/framework/src/Illuminate/Console/View/Components/Task.php(41): Illuminate/Console/Scheduling/ScheduleRunCommand->{closure:Illuminate/Console/Scheduling/ScheduleRunCommand::runEvent():191}()
#1 C:/laragon/www/sportmate_pemwebII-main/sportmate/vendor/laravel/framework/src/Illuminate/Console/View/Components/Factory.php(59): Illuminate/Console/View/Components/Task->render('<fg=gray>2026-0...', Object(Closure))
#2 C:/laragon/www/sportmate_pemwebII-main/sportmate/vendor/laravel/framework/src/Illuminate/Console/Scheduling/ScheduleRunCommand.php(191): Illuminate/Console/View/Components/Factory->__call('task', Array)
#3 C:/laragon/www/sportmate_pemwebII-main/sportmate/vendor/laravel/framework/src/Illuminate/Console/Scheduling/ScheduleRunCommand.php(134): Illuminate/Console/Scheduling/ScheduleRunCommand->runEvent(Object(Illuminate/Console/Scheduling/Event))
#4 C:/laragon/www/sportmate_pemwebII-main/sportmate/vendor/laravel/framework/src/Illuminate/Container/BoundMethod.php(36): Illuminate/Console/Scheduling/ScheduleRunCommand->handle(Object(Illuminate/Console/Scheduling/Schedule), Object(Illuminate/Events/Dispatcher), Object(Illuminate/Cache/Repository), Object(NunoMaduro/Collision/Adapters/Laravel/ExceptionHandler))
#5 C:/laragon/www/sportmate_pemwebII-main/sportmate/vendor/laravel/framework/src/Illuminate/Container/Util.php(43): Illuminate/Container/BoundMethod::{closure:Illuminate/Container/BoundMethod::call():35}()
#6 C:/laragon/www/sportmate_pemwebII-main/sportmate/vendor/laravel/framework/src/Illuminate/Container/BoundMethod.php(96): Illuminate/Container/Util::unwrapIfClosure(Object(Closure))
#7 C:/laragon/www/sportmate_pemwebII-main/sportmate/vendor/laravel/framework/src/Illuminate/Container/BoundMethod.php(35): Illuminate/Container/BoundMethod::callBoundMethod(Object(Illuminate/Foundation/Application), Array, Object(Closure))
#8 C:/laragon/www/sportmate_pemwebII-main/sportmate/vendor/laravel/framework/src/Illuminate/Container/Container.php(799): Illuminate/Container/BoundMethod::call(Object(Illuminate/Foundation/Application), Array, Array, NULL)
#9 C:/laragon/www/sportmate_pemwebII-main/sportmate/vendor/laravel/framework/src/Illuminate/Console/Command.php(211): Illuminate/Container/Container->call(Array)
#10 C:/laragon/www/sportmate_pemwebII-main/sportmate/vendor/symfony/console/Command/Command.php(341): Illuminate/Console/Command->execute(Object(Symfony/Component/Console/Input/ArgvInput), Object(Illuminate/Console/OutputStyle))
#11 C:/laragon/www/sportmate_pemwebII-main/sportmate/vendor/laravel/framework/src/Illuminate/Console/Command.php(180): Symfony/Component/Console/Command/Command->run(Object(Symfony/Component/Console/Input/ArgvInput), Object(Illuminate/Console/OutputStyle))
#12 C:/laragon/www/sportmate_pemwebII-main/sportmate/vendor/symfony/console/Application.php(1117): Illuminate/Console/Command->run(Object(Symfony/Component/Console/Input/ArgvInput), Object(Symfony/Component/Console/Output/ConsoleOutput))
#13 C:/laragon/www/sportmate_pemwebII-main/sportmate/vendor/symfony/console/Application.php(356): Symfony/Component/Console/Application->doRunCommand(Object(Illuminate/Console/Scheduling/ScheduleRunCommand), Object(Symfony/Component/Console/Input/ArgvInput), Object(Symfony/Component/Console/Output/ConsoleOutput))
#14 C:/laragon/www/sportmate_pemwebII-main/sportmate/vendor/symfony/console/Application.php(195): Symfony/Component/Console/Application->doRun(Object(Symfony/Component/Console/Input/ArgvInput), Object(Symfony/Component/Console/Output/ConsoleOutput))
#15 C:/laragon/www/sportmate_pemwebII-main/sportmate/vendor/laravel/framework/src/Illuminate/Foundation/Console/Kernel.php(198): Symfony/Component/Console/Application->run(Object(Symfony/Component/Console/Input/ArgvInput), Object(Symfony/Component/Console/Output/ConsoleOutput))
#16 C:/laragon/www/sportmate_pemwebII-main/sportmate/vendor/laravel/framework/src/Illuminate/Foundation/Application.php(1235): Illuminate/Foundation/Console/Kernel->handle(Object(Symfony/Component/Console/Input/ArgvInput), Object(Symfony/Component/Console/Output/ConsoleOutput))
#17 C:/laragon/www/sportmate_pemwebII-main/sportmate/artisan(14): Illuminate/Foundation/Application->handleCommand(Object(Symfony/Component/Console/Input/ArgvInput))
#18 {main}
"} 
[2026-07-10 02:34:02] local.ERROR: Command "event:update-status" is not defined.

Did you mean one of these?
    event:cache
    event:clear
    event:list {"exception":"[object] (Symfony\\Component\\Console\\Exception\\CommandNotFoundException(code: 0): Command \"event:update-status\" is not defined.

Did you mean one of these?
    event:cache
    event:clear
    event:list at C:/laragon/www/sportmate_pemwebII-main/sportmate/vendor/symfony/console/Application.php:759)
[stacktrace]
#0 C:/laragon/www/sportmate_pemwebII-main/sportmate/vendor/symfony/console/Application.php(298): Symfony/Component/Console/Application->find('event:update-st...')
#1 C:/laragon/www/sportmate_pemwebII-main/sportmate/vendor/symfony/console/Application.php(195): Symfony/Component/Console/Application->doRun(Object(Symfony/Component/Console/Input/ArgvInput), Object(Symfony/Component/Console/Output/ConsoleOutput))
#2 C:/laragon/www/sportmate_pemwebII-main/sportmate/vendor/laravel/framework/src/Illuminate/Foundation/Console/Kernel.php(198): Symfony/Component/Console/Application->run(Object(Symfony/Component/Console/Input/ArgvInput), Object(Symfony/Component/Console/Output/ConsoleOutput))
#3 C:/laragon/www/sportmate_pemwebII-main/sportmate/vendor/laravel/framework/src/Illuminate/Foundation/Application.php(1235): Illuminate/Foundation/Console/Kernel->handle(Object(Symfony/Component/Console/Input/ArgvInput), Object(Symfony/Component/Console/Output/ConsoleOutput))
#4 C:/laragon/www/sportmate_pemwebII-main/sportmate/artisan(14): Illuminate/Foundation/Application->handleCommand(Object(Symfony/Component/Console/Input/ArgvInput))
#5 {main}
"} 
[2026-07-10 02:34:02] local.ERROR: Scheduled command ["C:\laragon\bin\php\php-8.4.19-Win32-vs17-x64\php.exe" "artisan" event:update-status] failed with exit code [1]. {"exception":"[object] (Exception(code: 0): Scheduled command [\"C:\\laragon\\bin\\php\\php-8.4.19-Win32-vs17-x64\\php.exe\" \"artisan\" event:update-status] failed with exit code [1]. at C:/laragon/www/sportmate_pemwebII-main/sportmate/vendor/laravel/framework/src/Illuminate/Console/Scheduling/ScheduleRunCommand.php:207)
[stacktrace]
#0 C:/laragon/www/sportmate_pemwebII-main/sportmate/vendor/laravel/framework/src/Illuminate/Console/View/Components/Task.php(41): Illuminate/Console/Scheduling/ScheduleRunCommand->{closure:Illuminate/Console/Scheduling/ScheduleRunCommand::runEvent():191}()
#1 C:/laragon/www/sportmate_pemwebII-main/sportmate/vendor/laravel/framework/src/Illuminate/Console/View/Components/Factory.php(59): Illuminate/Console/View/Components/Task->render('<fg=gray>2026-0...', Object(Closure))
#2 C:/laragon/www/sportmate_pemwebII-main/sportmate/vendor/laravel/framework/src/Illuminate/Console/Scheduling/ScheduleRunCommand.php(191): Illuminate/Console/View/Components/Factory->__call('task', Array)
#3 C:/laragon/www/sportmate_pemwebII-main/sportmate/vendor/laravel/framework/src/Illuminate/Console/Scheduling/ScheduleRunCommand.php(134): Illuminate/Console/Scheduling/ScheduleRunCommand->runEvent(Object(Illuminate/Console/Scheduling/Event))
#4 C:/laragon/www/sportmate_pemwebII-main/sportmate/vendor/laravel/framework/src/Illuminate/Container/BoundMethod.php(36): Illuminate/Console/Scheduling/ScheduleRunCommand->handle(Object(Illuminate/Console/Scheduling/Schedule), Object(Illuminate/Events/Dispatcher), Object(Illuminate/Cache/Repository), Object(NunoMaduro/Collision/Adapters/Laravel/ExceptionHandler))
#5 C:/laragon/www/sportmate_pemwebII-main/sportmate/vendor/laravel/framework/src/Illuminate/Container/Util.php(43): Illuminate/Container/BoundMethod::{closure:Illuminate/Container/BoundMethod::call():35}()
#6 C:/laragon/www/sportmate_pemwebII-main/sportmate/vendor/laravel/framework/src/Illuminate/Container/BoundMethod.php(96): Illuminate/Container/Util::unwrapIfClosure(Object(Closure))
#7 C:/laragon/www/sportmate_pemwebII-main/sportmate/vendor/laravel/framework/src/Illuminate/Container/BoundMethod.php(35): Illuminate/Container/BoundMethod::callBoundMethod(Object(Illuminate/Foundation/Application), Array, Object(Closure))
#8 C:/laragon/www/sportmate_pemwebII-main/sportmate/vendor/laravel/framework/src/Illuminate/Container/Container.php(799): Illuminate/Container/BoundMethod::call(Object(Illuminate/Foundation/Application), Array, Array, NULL)
#9 C:/laragon/www/sportmate_pemwebII-main/sportmate/vendor/laravel/framework/src/Illuminate/Console/Command.php(211): Illuminate/Container/Container->call(Array)
#10 C:/laragon/www/sportmate_pemwebII-main/sportmate/vendor/symfony/console/Command/Command.php(341): Illuminate/Console/Command->execute(Object(Symfony/Component/Console/Input/ArgvInput), Object(Illuminate/Console/OutputStyle))
#11 C:/laragon/www/sportmate_pemwebII-main/sportmate/vendor/laravel/framework/src/Illuminate/Console/Command.php(180): Symfony/Component/Console/Command/Command->run(Object(Symfony/Component/Console/Input/ArgvInput), Object(Illuminate/Console/OutputStyle))
#12 C:/laragon/www/sportmate_pemwebII-main/sportmate/vendor/symfony/console/Application.php(1117): Illuminate/Console/Command->run(Object(Symfony/Component/Console/Input/ArgvInput), Object(Symfony/Component/Console/Output/ConsoleOutput))
#13 C:/laragon/www/sportmate_pemwebII-main/sportmate/vendor/symfony/console/Application.php(356): Symfony/Component/Console/Application->doRunCommand(Object(Illuminate/Console/Scheduling/ScheduleRunCommand), Object(Symfony/Component/Console/Input/ArgvInput), Object(Symfony/Component/Console/Output/ConsoleOutput))
#14 C:/laragon/www/sportmate_pemwebII-main/sportmate/vendor/symfony/console/Application.php(195): Symfony/Component/Console/Application->doRun(Object(Symfony/Component/Console/Input/ArgvInput), Object(Symfony/Component/Console/Output/ConsoleOutput))
#15 C:/laragon/www/sportmate_pemwebII-main/sportmate/vendor/laravel/framework/src/Illuminate/Foundation/Console/Kernel.php(198): Symfony/Component/Console/Application->run(Object(Symfony/Component/Console/Input/ArgvInput), Object(Symfony/Component/Console/Output/ConsoleOutput))
#16 C:/laragon/www/sportmate_pemwebII-main/sportmate/vendor/laravel/framework/src/Illuminate/Foundation/Application.php(1235): Illuminate/Foundation/Console/Kernel->handle(Object(Symfony/Component/Console/Input/ArgvInput), Object(Symfony/Component/Console/Output/ConsoleOutput))
#17 C:/laragon/www/sportmate_pemwebII-main/sportmate/artisan(14): Illuminate/Foundation/Application->handleCommand(Object(Symfony/Component/Console/Input/ArgvInput))
#18 {main}
"} 
[2026-07-10 02:35:02] local.ERROR: Command "event:update-status" is not defined.

Did you mean one of these?
    event:cache
    event:clear
    event:list {"exception":"[object] (Symfony\\Component\\Console\\Exception\\CommandNotFoundException(code: 0): Command \"event:update-status\" is not defined.

Did you mean one of these?
    event:cache
    event:clear
    event:list at C:/laragon/www/sportmate_pemwebII-main/sportmate/vendor/symfony/console/Application.php:759)
[stacktrace]
#0 C:/laragon/www/sportmate_pemwebII-main/sportmate/vendor/symfony/console/Application.php(298): Symfony/Component/Console/Application->find('event:update-st...')
#1 C:/laragon/www/sportmate_pemwebII-main/sportmate/vendor/symfony/console/Application.php(195): Symfony/Component/Console/Application->doRun(Object(Symfony/Component/Console/Input/ArgvInput), Object(Symfony/Component/Console/Output/ConsoleOutput))
#2 C:/laragon/www/sportmate_pemwebII-main/sportmate/vendor/laravel/framework/src/Illuminate/Foundation/Console/Kernel.php(198): Symfony/Component/Console/Application->run(Object(Symfony/Component/Console/Input/ArgvInput), Object(Symfony/Component/Console/Output/ConsoleOutput))
#3 C:/laragon/www/sportmate_pemwebII-main/sportmate/vendor/laravel/framework/src/Illuminate/Foundation/Application.php(1235): Illuminate/Foundation/Console/Kernel->handle(Object(Symfony/Component/Console/Input/ArgvInput), Object(Symfony/Component/Console/Output/ConsoleOutput))
#4 C:/laragon/www/sportmate_pemwebII-main/sportmate/artisan(14): Illuminate/Foundation/Application->handleCommand(Object(Symfony/Component/Console/Input/ArgvInput))
#5 {main}
"} 
[2026-07-10 02:35:02] local.ERROR: Scheduled command ["C:\laragon\bin\php\php-8.4.19-Win32-vs17-x64\php.exe" "artisan" event:update-status] failed with exit code [1]. {"exception":"[object] (Exception(code: 0): Scheduled command [\"C:\\laragon\\bin\\php\\php-8.4.19-Win32-vs17-x64\\php.exe\" \"artisan\" event:update-status] failed with exit code [1]. at C:/laragon/www/sportmate_pemwebII-main/sportmate/vendor/laravel/framework/src/Illuminate/Console/Scheduling/ScheduleRunCommand.php:207)
[stacktrace]
#0 C:/laragon/www/sportmate_pemwebII-main/sportmate/vendor/laravel/framework/src/Illuminate/Console/View/Components/Task.php(41): Illuminate/Console/Scheduling/ScheduleRunCommand->{closure:Illuminate/Console/Scheduling/ScheduleRunCommand::runEvent():191}()
#1 C:/laragon/www/sportmate_pemwebII-main/sportmate/vendor/laravel/framework/src/Illuminate/Console/View/Components/Factory.php(59): Illuminate/Console/View/Components/Task->render('<fg=gray>2026-0...', Object(Closure))
#2 C:/laragon/www/sportmate_pemwebII-main/sportmate/vendor/laravel/framework/src/Illuminate/Console/Scheduling/ScheduleRunCommand.php(191): Illuminate/Console/View/Components/Factory->__call('task', Array)
#3 C:/laragon/www/sportmate_pemwebII-main/sportmate/vendor/laravel/framework/src/Illuminate/Console/Scheduling/ScheduleRunCommand.php(134): Illuminate/Console/Scheduling/ScheduleRunCommand->runEvent(Object(Illuminate/Console/Scheduling/Event))
#4 C:/laragon/www/sportmate_pemwebII-main/sportmate/vendor/laravel/framework/src/Illuminate/Container/BoundMethod.php(36): Illuminate/Console/Scheduling/ScheduleRunCommand->handle(Object(Illuminate/Console/Scheduling/Schedule), Object(Illuminate/Events/Dispatcher), Object(Illuminate/Cache/Repository), Object(NunoMaduro/Collision/Adapters/Laravel/ExceptionHandler))
#5 C:/laragon/www/sportmate_pemwebII-main/sportmate/vendor/laravel/framework/src/Illuminate/Container/Util.php(43): Illuminate/Container/BoundMethod::{closure:Illuminate/Container/BoundMethod::call():35}()
#6 C:/laragon/www/sportmate_pemwebII-main/sportmate/vendor/laravel/framework/src/Illuminate/Container/BoundMethod.php(96): Illuminate/Container/Util::unwrapIfClosure(Object(Closure))
#7 C:/laragon/www/sportmate_pemwebII-main/sportmate/vendor/laravel/framework/src/Illuminate/Container/BoundMethod.php(35): Illuminate/Container/BoundMethod::callBoundMethod(Object(Illuminate/Foundation/Application), Array, Object(Closure))
#8 C:/laragon/www/sportmate_pemwebII-main/sportmate/vendor/laravel/framework/src/Illuminate/Container/Container.php(799): Illuminate/Container/BoundMethod::call(Object(Illuminate/Foundation/Application), Array, Array, NULL)
#9 C:/laragon/www/sportmate_pemwebII-main/sportmate/vendor/laravel/framework/src/Illuminate/Console/Command.php(211): Illuminate/Container/Container->call(Array)
#10 C:/laragon/www/sportmate_pemwebII-main/sportmate/vendor/symfony/console/Command/Command.php(341): Illuminate/Console/Command->execute(Object(Symfony/Component/Console/Input/ArgvInput), Object(Illuminate/Console/OutputStyle))
#11 C:/laragon/www/sportmate_pemwebII-main/sportmate/vendor/laravel/framework/src/Illuminate/Console/Command.php(180): Symfony/Component/Console/Command/Command->run(Object(Symfony/Component/Console/Input/ArgvInput), Object(Illuminate/Console/OutputStyle))
#12 C:/laragon/www/sportmate_pemwebII-main/sportmate/vendor/symfony/console/Application.php(1117): Illuminate/Console/Command->run(Object(Symfony/Component/Console/Input/ArgvInput), Object(Symfony/Component/Console/Output/ConsoleOutput))
#13 C:/laragon/www/sportmate_pemwebII-main/sportmate/vendor/symfony/console/Application.php(356): Symfony/Component/Console/Application->doRunCommand(Object(Illuminate/Console/Scheduling/ScheduleRunCommand), Object(Symfony/Component/Console/Input/ArgvInput), Object(Symfony/Component/Console/Output/ConsoleOutput))
#14 C:/laragon/www/sportmate_pemwebII-main/sportmate/vendor/symfony/console/Application.php(195): Symfony/Component/Console/Application->doRun(Object(Symfony/Component/Console/Input/ArgvInput), Object(Symfony/Component/Console/Output/ConsoleOutput))
#15 C:/laragon/www/sportmate_pemwebII-main/sportmate/vendor/laravel/framework/src/Illuminate/Foundation/Console/Kernel.php(198): Symfony/Component/Console/Application->run(Object(Symfony/Component/Console/Input/ArgvInput), Object(Symfony/Component/Console/Output/ConsoleOutput))
#16 C:/laragon/www/sportmate_pemwebII-main/sportmate/vendor/laravel/framework/src/Illuminate/Foundation/Application.php(1235): Illuminate/Foundation/Console/Kernel->handle(Object(Symfony/Component/Console/Input/ArgvInput), Object(Symfony/Component/Console/Output/ConsoleOutput))
#17 C:/laragon/www/sportmate_pemwebII-main/sportmate/artisan(14): Illuminate/Foundation/Application->handleCommand(Object(Symfony/Component/Console/Input/ArgvInput))
#18 {main}
"} 
[2026-07-10 02:36:02] local.ERROR: Command "event:update-status" is not defined.

Did you mean one of these?
    event:cache
    event:clear
    event:list {"exception":"[object] (Symfony\\Component\\Console\\Exception\\CommandNotFoundException(code: 0): Command \"event:update-status\" is not defined.

Did you mean one of these?
    event:cache
    event:clear
    event:list at C:/laragon/www/sportmate_pemwebII-main/sportmate/vendor/symfony/console/Application.php:759)
[stacktrace]
#0 C:/laragon/www/sportmate_pemwebII-main/sportmate/vendor/symfony/console/Application.php(298): Symfony/Component/Console/Application->find('event:update-st...')
#1 C:/laragon/www/sportmate_pemwebII-main/sportmate/vendor/symfony/console/Application.php(195): Symfony/Component/Console/Application->doRun(Object(Symfony/Component/Console/Input/ArgvInput), Object(Symfony/Component/Console/Output/ConsoleOutput))
#2 C:/laragon/www/sportmate_pemwebII-main/sportmate/vendor/laravel/framework/src/Illuminate/Foundation/Console/Kernel.php(198): Symfony/Component/Console/Application->run(Object(Symfony/Component/Console/Input/ArgvInput), Object(Symfony/Component/Console/Output/ConsoleOutput))
#3 C:/laragon/www/sportmate_pemwebII-main/sportmate/vendor/laravel/framework/src/Illuminate/Foundation/Application.php(1235): Illuminate/Foundation/Console/Kernel->handle(Object(Symfony/Component/Console/Input/ArgvInput), Object(Symfony/Component/Console/Output/ConsoleOutput))
#4 C:/laragon/www/sportmate_pemwebII-main/sportmate/artisan(14): Illuminate/Foundation/Application->handleCommand(Object(Symfony/Component/Console/Input/ArgvInput))
#5 {main}
"} 
[2026-07-10 02:36:02] local.ERROR: Scheduled command ["C:\laragon\bin\php\php-8.4.19-Win32-vs17-x64\php.exe" "artisan" event:update-status] failed with exit code [1]. {"exception":"[object] (Exception(code: 0): Scheduled command [\"C:\\laragon\\bin\\php\\php-8.4.19-Win32-vs17-x64\\php.exe\" \"artisan\" event:update-status] failed with exit code [1]. at C:/laragon/www/sportmate_pemwebII-main/sportmate/vendor/laravel/framework/src/Illuminate/Console/Scheduling/ScheduleRunCommand.php:207)
[stacktrace]
#0 C:/laragon/www/sportmate_pemwebII-main/sportmate/vendor/laravel/framework/src/Illuminate/Console/View/Components/Task.php(41): Illuminate/Console/Scheduling/ScheduleRunCommand->{closure:Illuminate/Console/Scheduling/ScheduleRunCommand::runEvent():191}()
#1 C:/laragon/www/sportmate_pemwebII-main/sportmate/vendor/laravel/framework/src/Illuminate/Console/View/Components/Factory.php(59): Illuminate/Console/View/Components/Task->render('<fg=gray>2026-0...', Object(Closure))
#2 C:/laragon/www/sportmate_pemwebII-main/sportmate/vendor/laravel/framework/src/Illuminate/Console/Scheduling/ScheduleRunCommand.php(191): Illuminate/Console/View/Components/Factory->__call('task', Array)
#3 C:/laragon/www/sportmate_pemwebII-main/sportmate/vendor/laravel/framework/src/Illuminate/Console/Scheduling/ScheduleRunCommand.php(134): Illuminate/Console/Scheduling/ScheduleRunCommand->runEvent(Object(Illuminate/Console/Scheduling/Event))
#4 C:/laragon/www/sportmate_pemwebII-main/sportmate/vendor/laravel/framework/src/Illuminate/Container/BoundMethod.php(36): Illuminate/Console/Scheduling/ScheduleRunCommand->handle(Object(Illuminate/Console/Scheduling/Schedule), Object(Illuminate/Events/Dispatcher), Object(Illuminate/Cache/Repository), Object(NunoMaduro/Collision/Adapters/Laravel/ExceptionHandler))
#5 C:/laragon/www/sportmate_pemwebII-main/sportmate/vendor/laravel/framework/src/Illuminate/Container/Util.php(43): Illuminate/Container/BoundMethod::{closure:Illuminate/Container/BoundMethod::call():35}()
#6 C:/laragon/www/sportmate_pemwebII-main/sportmate/vendor/laravel/framework/src/Illuminate/Container/BoundMethod.php(96): Illuminate/Container/Util::unwrapIfClosure(Object(Closure))
#7 C:/laragon/www/sportmate_pemwebII-main/sportmate/vendor/laravel/framework/src/Illuminate/Container/BoundMethod.php(35): Illuminate/Container/BoundMethod::callBoundMethod(Object(Illuminate/Foundation/Application), Array, Object(Closure))
#8 C:/laragon/www/sportmate_pemwebII-main/sportmate/vendor/laravel/framework/src/Illuminate/Container/Container.php(799): Illuminate/Container/BoundMethod::call(Object(Illuminate/Foundation/Application), Array, Array, NULL)
#9 C:/laragon/www/sportmate_pemwebII-main/sportmate/vendor/laravel/framework/src/Illuminate/Console/Command.php(211): Illuminate/Container/Container->call(Array)
#10 C:/laragon/www/sportmate_pemwebII-main/sportmate/vendor/symfony/console/Command/Command.php(341): Illuminate/Console/Command->execute(Object(Symfony/Component/Console/Input/ArgvInput), Object(Illuminate/Console/OutputStyle))
#11 C:/laragon/www/sportmate_pemwebII-main/sportmate/vendor/laravel/framework/src/Illuminate/Console/Command.php(180): Symfony/Component/Console/Command/Command->run(Object(Symfony/Component/Console/Input/ArgvInput), Object(Illuminate/Console/OutputStyle))
#12 C:/laragon/www/sportmate_pemwebII-main/sportmate/vendor/symfony/console/Application.php(1117): Illuminate/Console/Command->run(Object(Symfony/Component/Console/Input/ArgvInput), Object(Symfony/Component/Console/Output/ConsoleOutput))
#13 C:/laragon/www/sportmate_pemwebII-main/sportmate/vendor/symfony/console/Application.php(356): Symfony/Component/Console/Application->doRunCommand(Object(Illuminate/Console/Scheduling/ScheduleRunCommand), Object(Symfony/Component/Console/Input/ArgvInput), Object(Symfony/Component/Console/Output/ConsoleOutput))
#14 C:/laragon/www/sportmate_pemwebII-main/sportmate/vendor/symfony/console/Application.php(195): Symfony/Component/Console/Application->doRun(Object(Symfony/Component/Console/Input/ArgvInput), Object(Symfony/Component/Console/Output/ConsoleOutput))
#15 C:/laragon/www/sportmate_pemwebII-main/sportmate/vendor/laravel/framework/src/Illuminate/Foundation/Console/Kernel.php(198): Symfony/Component/Console/Application->run(Object(Symfony/Component/Console/Input/ArgvInput), Object(Symfony/Component/Console/Output/ConsoleOutput))
#16 C:/laragon/www/sportmate_pemwebII-main/sportmate/vendor/laravel/framework/src/Illuminate/Foundation/Application.php(1235): Illuminate/Foundation/Console/Kernel->handle(Object(Symfony/Component/Console/Input/ArgvInput), Object(Symfony/Component/Console/Output/ConsoleOutput))
#17 C:/laragon/www/sportmate_pemwebII-main/sportmate/artisan(14): Illuminate/Foundation/Application->handleCommand(Object(Symfony/Component/Console/Input/ArgvInput))
#18 {main}
"} 
[2026-07-10 02:37:02] local.ERROR: Command "event:update-status" is not defined.

Did you mean one of these?
    event:cache
    event:clear
    event:list {"exception":"[object] (Symfony\\Component\\Console\\Exception\\CommandNotFoundException(code: 0): Command \"event:update-status\" is not defined.

Did you mean one of these?
    event:cache
    event:clear
    event:list at C:/laragon/www/sportmate_pemwebII-main/sportmate/vendor/symfony/console/Application.php:759)
[stacktrace]
#0 C:/laragon/www/sportmate_pemwebII-main/sportmate/vendor/symfony/console/Application.php(298): Symfony/Component/Console/Application->find('event:update-st...')
#1 C:/laragon/www/sportmate_pemwebII-main/sportmate/vendor/symfony/console/Application.php(195): Symfony/Component/Console/Application->doRun(Object(Symfony/Component/Console/Input/ArgvInput), Object(Symfony/Component/Console/Output/ConsoleOutput))
#2 C:/laragon/www/sportmate_pemwebII-main/sportmate/vendor/laravel/framework/src/Illuminate/Foundation/Console/Kernel.php(198): Symfony/Component/Console/Application->run(Object(Symfony/Component/Console/Input/ArgvInput), Object(Symfony/Component/Console/Output/ConsoleOutput))
#3 C:/laragon/www/sportmate_pemwebII-main/sportmate/vendor/laravel/framework/src/Illuminate/Foundation/Application.php(1235): Illuminate/Foundation/Console/Kernel->handle(Object(Symfony/Component/Console/Input/ArgvInput), Object(Symfony/Component/Console/Output/ConsoleOutput))
#4 C:/laragon/www/sportmate_pemwebII-main/sportmate/artisan(14): Illuminate/Foundation/Application->handleCommand(Object(Symfony/Component/Console/Input/ArgvInput))
#5 {main}
"} 
[2026-07-10 02:37:02] local.ERROR: Scheduled command ["C:\laragon\bin\php\php-8.4.19-Win32-vs17-x64\php.exe" "artisan" event:update-status] failed with exit code [1]. {"exception":"[object] (Exception(code: 0): Scheduled command [\"C:\\laragon\\bin\\php\\php-8.4.19-Win32-vs17-x64\\php.exe\" \"artisan\" event:update-status] failed with exit code [1]. at C:/laragon/www/sportmate_pemwebII-main/sportmate/vendor/laravel/framework/src/Illuminate/Console/Scheduling/ScheduleRunCommand.php:207)
[stacktrace]
#0 C:/laragon/www/sportmate_pemwebII-main/sportmate/vendor/laravel/framework/src/Illuminate/Console/View/Components/Task.php(41): Illuminate/Console/Scheduling/ScheduleRunCommand->{closure:Illuminate/Console/Scheduling/ScheduleRunCommand::runEvent():191}()
#1 C:/laragon/www/sportmate_pemwebII-main/sportmate/vendor/laravel/framework/src/Illuminate/Console/View/Components/Factory.php(59): Illuminate/Console/View/Components/Task->render('<fg=gray>2026-0...', Object(Closure))
#2 C:/laragon/www/sportmate_pemwebII-main/sportmate/vendor/laravel/framework/src/Illuminate/Console/Scheduling/ScheduleRunCommand.php(191): Illuminate/Console/View/Components/Factory->__call('task', Array)
#3 C:/laragon/www/sportmate_pemwebII-main/sportmate/vendor/laravel/framework/src/Illuminate/Console/Scheduling/ScheduleRunCommand.php(134): Illuminate/Console/Scheduling/ScheduleRunCommand->runEvent(Object(Illuminate/Console/Scheduling/Event))
#4 C:/laragon/www/sportmate_pemwebII-main/sportmate/vendor/laravel/framework/src/Illuminate/Container/BoundMethod.php(36): Illuminate/Console/Scheduling/ScheduleRunCommand->handle(Object(Illuminate/Console/Scheduling/Schedule), Object(Illuminate/Events/Dispatcher), Object(Illuminate/Cache/Repository), Object(NunoMaduro/Collision/Adapters/Laravel/ExceptionHandler))
#5 C:/laragon/www/sportmate_pemwebII-main/sportmate/vendor/laravel/framework/src/Illuminate/Container/Util.php(43): Illuminate/Container/BoundMethod::{closure:Illuminate/Container/BoundMethod::call():35}()
#6 C:/laragon/www/sportmate_pemwebII-main/sportmate/vendor/laravel/framework/src/Illuminate/Container/BoundMethod.php(96): Illuminate/Container/Util::unwrapIfClosure(Object(Closure))
#7 C:/laragon/www/sportmate_pemwebII-main/sportmate/vendor/laravel/framework/src/Illuminate/Container/BoundMethod.php(35): Illuminate/Container/BoundMethod::callBoundMethod(Object(Illuminate/Foundation/Application), Array, Object(Closure))
#8 C:/laragon/www/sportmate_pemwebII-main/sportmate/vendor/laravel/framework/src/Illuminate/Container/Container.php(799): Illuminate/Container/BoundMethod::call(Object(Illuminate/Foundation/Application), Array, Array, NULL)
#9 C:/laragon/www/sportmate_pemwebII-main/sportmate/vendor/laravel/framework/src/Illuminate/Console/Command.php(211): Illuminate/Container/Container->call(Array)
#10 C:/laragon/www/sportmate_pemwebII-main/sportmate/vendor/symfony/console/Command/Command.php(341): Illuminate/Console/Command->execute(Object(Symfony/Component/Console/Input/ArgvInput), Object(Illuminate/Console/OutputStyle))
#11 C:/laragon/www/sportmate_pemwebII-main/sportmate/vendor/laravel/framework/src/Illuminate/Console/Command.php(180): Symfony/Component/Console/Command/Command->run(Object(Symfony/Component/Console/Input/ArgvInput), Object(Illuminate/Console/OutputStyle))
#12 C:/laragon/www/sportmate_pemwebII-main/sportmate/vendor/symfony/console/Application.php(1117): Illuminate/Console/Command->run(Object(Symfony/Component/Console/Input/ArgvInput), Object(Symfony/Component/Console/Output/ConsoleOutput))
#13 C:/laragon/www/sportmate_pemwebII-main/sportmate/vendor/symfony/console/Application.php(356): Symfony/Component/Console/Application->doRunCommand(Object(Illuminate/Console/Scheduling/ScheduleRunCommand), Object(Symfony/Component/Console/Input/ArgvInput), Object(Symfony/Component/Console/Output/ConsoleOutput))
#14 C:/laragon/www/sportmate_pemwebII-main/sportmate/vendor/symfony/console/Application.php(195): Symfony/Component/Console/Application->doRun(Object(Symfony/Component/Console/Input/ArgvInput), Object(Symfony/Component/Console/Output/ConsoleOutput))
#15 C:/laragon/www/sportmate_pemwebII-main/sportmate/vendor/laravel/framework/src/Illuminate/Foundation/Console/Kernel.php(198): Symfony/Component/Console/Application->run(Object(Symfony/Component/Console/Input/ArgvInput), Object(Symfony/Component/Console/Output/ConsoleOutput))
#16 C:/laragon/www/sportmate_pemwebII-main/sportmate/vendor/laravel/framework/src/Illuminate/Foundation/Application.php(1235): Illuminate/Foundation/Console/Kernel->handle(Object(Symfony/Component/Console/Input/ArgvInput), Object(Symfony/Component/Console/Output/ConsoleOutput))
#17 C:/laragon/www/sportmate_pemwebII-main/sportmate/artisan(14): Illuminate/Foundation/Application->handleCommand(Object(Symfony/Component/Console/Input/ArgvInput))
#18 {main}
"} 
[2026-07-10 02:38:02] local.ERROR: Command "event:update-status" is not defined.

Did you mean one of these?
    event:cache
    event:clear
    event:list {"exception":"[object] (Symfony\\Component\\Console\\Exception\\CommandNotFoundException(code: 0): Command \"event:update-status\" is not defined.

Did you mean one of these?
    event:cache
    event:clear
    event:list at C:/laragon/www/sportmate_pemwebII-main/sportmate/vendor/symfony/console/Application.php:759)
[stacktrace]
#0 C:/laragon/www/sportmate_pemwebII-main/sportmate/vendor/symfony/console/Application.php(298): Symfony/Component/Console/Application->find('event:update-st...')
#1 C:/laragon/www/sportmate_pemwebII-main/sportmate/vendor/symfony/console/Application.php(195): Symfony/Component/Console/Application->doRun(Object(Symfony/Component/Console/Input/ArgvInput), Object(Symfony/Component/Console/Output/ConsoleOutput))
#2 C:/laragon/www/sportmate_pemwebII-main/sportmate/vendor/laravel/framework/src/Illuminate/Foundation/Console/Kernel.php(198): Symfony/Component/Console/Application->run(Object(Symfony/Component/Console/Input/ArgvInput), Object(Symfony/Component/Console/Output/ConsoleOutput))
#3 C:/laragon/www/sportmate_pemwebII-main/sportmate/vendor/laravel/framework/src/Illuminate/Foundation/Application.php(1235): Illuminate/Foundation/Console/Kernel->handle(Object(Symfony/Component/Console/Input/ArgvInput), Object(Symfony/Component/Console/Output/ConsoleOutput))
#4 C:/laragon/www/sportmate_pemwebII-main/sportmate/artisan(14): Illuminate/Foundation/Application->handleCommand(Object(Symfony/Component/Console/Input/ArgvInput))
#5 {main}
"} 
[2026-07-10 02:38:02] local.ERROR: Scheduled command ["C:\laragon\bin\php\php-8.4.19-Win32-vs17-x64\php.exe" "artisan" event:update-status] failed with exit code [1]. {"exception":"[object] (Exception(code: 0): Scheduled command [\"C:\\laragon\\bin\\php\\php-8.4.19-Win32-vs17-x64\\php.exe\" \"artisan\" event:update-status] failed with exit code [1]. at C:/laragon/www/sportmate_pemwebII-main/sportmate/vendor/laravel/framework/src/Illuminate/Console/Scheduling/ScheduleRunCommand.php:207)
[stacktrace]
#0 C:/laragon/www/sportmate_pemwebII-main/sportmate/vendor/laravel/framework/src/Illuminate/Console/View/Components/Task.php(41): Illuminate/Console/Scheduling/ScheduleRunCommand->{closure:Illuminate/Console/Scheduling/ScheduleRunCommand::runEvent():191}()
#1 C:/laragon/www/sportmate_pemwebII-main/sportmate/vendor/laravel/framework/src/Illuminate/Console/View/Components/Factory.php(59): Illuminate/Console/View/Components/Task->render('<fg=gray>2026-0...', Object(Closure))
#2 C:/laragon/www/sportmate_pemwebII-main/sportmate/vendor/laravel/framework/src/Illuminate/Console/Scheduling/ScheduleRunCommand.php(191): Illuminate/Console/View/Components/Factory->__call('task', Array)
#3 C:/laragon/www/sportmate_pemwebII-main/sportmate/vendor/laravel/framework/src/Illuminate/Console/Scheduling/ScheduleRunCommand.php(134): Illuminate/Console/Scheduling/ScheduleRunCommand->runEvent(Object(Illuminate/Console/Scheduling/Event))
#4 C:/laragon/www/sportmate_pemwebII-main/sportmate/vendor/laravel/framework/src/Illuminate/Container/BoundMethod.php(36): Illuminate/Console/Scheduling/ScheduleRunCommand->handle(Object(Illuminate/Console/Scheduling/Schedule), Object(Illuminate/Events/Dispatcher), Object(Illuminate/Cache/Repository), Object(NunoMaduro/Collision/Adapters/Laravel/ExceptionHandler))
#5 C:/laragon/www/sportmate_pemwebII-main/sportmate/vendor/laravel/framework/src/Illuminate/Container/Util.php(43): Illuminate/Container/BoundMethod::{closure:Illuminate/Container/BoundMethod::call():35}()
#6 C:/laragon/www/sportmate_pemwebII-main/sportmate/vendor/laravel/framework/src/Illuminate/Container/BoundMethod.php(96): Illuminate/Container/Util::unwrapIfClosure(Object(Closure))
#7 C:/laragon/www/sportmate_pemwebII-main/sportmate/vendor/laravel/framework/src/Illuminate/Container/BoundMethod.php(35): Illuminate/Container/BoundMethod::callBoundMethod(Object(Illuminate/Foundation/Application), Array, Object(Closure))
#8 C:/laragon/www/sportmate_pemwebII-main/sportmate/vendor/laravel/framework/src/Illuminate/Container/Container.php(799): Illuminate/Container/BoundMethod::call(Object(Illuminate/Foundation/Application), Array, Array, NULL)
#9 C:/laragon/www/sportmate_pemwebII-main/sportmate/vendor/laravel/framework/src/Illuminate/Console/Command.php(211): Illuminate/Container/Container->call(Array)
#10 C:/laragon/www/sportmate_pemwebII-main/sportmate/vendor/symfony/console/Command/Command.php(341): Illuminate/Console/Command->execute(Object(Symfony/Component/Console/Input/ArgvInput), Object(Illuminate/Console/OutputStyle))
#11 C:/laragon/www/sportmate_pemwebII-main/sportmate/vendor/laravel/framework/src/Illuminate/Console/Command.php(180): Symfony/Component/Console/Command/Command->run(Object(Symfony/Component/Console/Input/ArgvInput), Object(Illuminate/Console/OutputStyle))
#12 C:/laragon/www/sportmate_pemwebII-main/sportmate/vendor/symfony/console/Application.php(1117): Illuminate/Console/Command->run(Object(Symfony/Component/Console/Input/ArgvInput), Object(Symfony/Component/Console/Output/ConsoleOutput))
#13 C:/laragon/www/sportmate_pemwebII-main/sportmate/vendor/symfony/console/Application.php(356): Symfony/Component/Console/Application->doRunCommand(Object(Illuminate/Console/Scheduling/ScheduleRunCommand), Object(Symfony/Component/Console/Input/ArgvInput), Object(Symfony/Component/Console/Output/ConsoleOutput))
#14 C:/laragon/www/sportmate_pemwebII-main/sportmate/vendor/symfony/console/Application.php(195): Symfony/Component/Console/Application->doRun(Object(Symfony/Component/Console/Input/ArgvInput), Object(Symfony/Component/Console/Output/ConsoleOutput))
#15 C:/laragon/www/sportmate_pemwebII-main/sportmate/vendor/laravel/framework/src/Illuminate/Foundation/Console/Kernel.php(198): Symfony/Component/Console/Application->run(Object(Symfony/Component/Console/Input/ArgvInput), Object(Symfony/Component/Console/Output/ConsoleOutput))
#16 C:/laragon/www/sportmate_pemwebII-main/sportmate/vendor/laravel/framework/src/Illuminate/Foundation/Application.php(1235): Illuminate/Foundation/Console/Kernel->handle(Object(Symfony/Component/Console/Input/ArgvInput), Object(Symfony/Component/Console/Output/ConsoleOutput))
#17 C:/laragon/www/sportmate_pemwebII-main/sportmate/artisan(14): Illuminate/Foundation/Application->handleCommand(Object(Symfony/Component/Console/Input/ArgvInput))
#18 {main}
"} 
[2026-07-10 02:39:02] local.ERROR: Command "event:update-status" is not defined.

Did you mean one of these?
    event:cache
    event:clear
    event:list {"exception":"[object] (Symfony\\Component\\Console\\Exception\\CommandNotFoundException(code: 0): Command \"event:update-status\" is not defined.

Did you mean one of these?
    event:cache
    event:clear
    event:list at C:/laragon/www/sportmate_pemwebII-main/sportmate/vendor/symfony/console/Application.php:759)
[stacktrace]
#0 C:/laragon/www/sportmate_pemwebII-main/sportmate/vendor/symfony/console/Application.php(298): Symfony/Component/Console/Application->find('event:update-st...')
#1 C:/laragon/www/sportmate_pemwebII-main/sportmate/vendor/symfony/console/Application.php(195): Symfony/Component/Console/Application->doRun(Object(Symfony/Component/Console/Input/ArgvInput), Object(Symfony/Component/Console/Output/ConsoleOutput))
#2 C:/laragon/www/sportmate_pemwebII-main/sportmate/vendor/laravel/framework/src/Illuminate/Foundation/Console/Kernel.php(198): Symfony/Component/Console/Application->run(Object(Symfony/Component/Console/Input/ArgvInput), Object(Symfony/Component/Console/Output/ConsoleOutput))
#3 C:/laragon/www/sportmate_pemwebII-main/sportmate/vendor/laravel/framework/src/Illuminate/Foundation/Application.php(1235): Illuminate/Foundation/Console/Kernel->handle(Object(Symfony/Component/Console/Input/ArgvInput), Object(Symfony/Component/Console/Output/ConsoleOutput))
#4 C:/laragon/www/sportmate_pemwebII-main/sportmate/artisan(14): Illuminate/Foundation/Application->handleCommand(Object(Symfony/Component/Console/Input/ArgvInput))
#5 {main}
"} 
[2026-07-10 02:39:02] local.ERROR: Scheduled command ["C:\laragon\bin\php\php-8.4.19-Win32-vs17-x64\php.exe" "artisan" event:update-status] failed with exit code [1]. {"exception":"[object] (Exception(code: 0): Scheduled command [\"C:\\laragon\\bin\\php\\php-8.4.19-Win32-vs17-x64\\php.exe\" \"artisan\" event:update-status] failed with exit code [1]. at C:/laragon/www/sportmate_pemwebII-main/sportmate/vendor/laravel/framework/src/Illuminate/Console/Scheduling/ScheduleRunCommand.php:207)
[stacktrace]
#0 C:/laragon/www/sportmate_pemwebII-main/sportmate/vendor/laravel/framework/src/Illuminate/Console/View/Components/Task.php(41): Illuminate/Console/Scheduling/ScheduleRunCommand->{closure:Illuminate/Console/Scheduling/ScheduleRunCommand::runEvent():191}()
#1 C:/laragon/www/sportmate_pemwebII-main/sportmate/vendor/laravel/framework/src/Illuminate/Console/View/Components/Factory.php(59): Illuminate/Console/View/Components/Task->render('<fg=gray>2026-0...', Object(Closure))
#2 C:/laragon/www/sportmate_pemwebII-main/sportmate/vendor/laravel/framework/src/Illuminate/Console/Scheduling/ScheduleRunCommand.php(191): Illuminate/Console/View/Components/Factory->__call('task', Array)
#3 C:/laragon/www/sportmate_pemwebII-main/sportmate/vendor/laravel/framework/src/Illuminate/Console/Scheduling/ScheduleRunCommand.php(134): Illuminate/Console/Scheduling/ScheduleRunCommand->runEvent(Object(Illuminate/Console/Scheduling/Event))
#4 C:/laragon/www/sportmate_pemwebII-main/sportmate/vendor/laravel/framework/src/Illuminate/Container/BoundMethod.php(36): Illuminate/Console/Scheduling/ScheduleRunCommand->handle(Object(Illuminate/Console/Scheduling/Schedule), Object(Illuminate/Events/Dispatcher), Object(Illuminate/Cache/Repository), Object(NunoMaduro/Collision/Adapters/Laravel/ExceptionHandler))
#5 C:/laragon/www/sportmate_pemwebII-main/sportmate/vendor/laravel/framework/src/Illuminate/Container/Util.php(43): Illuminate/Container/BoundMethod::{closure:Illuminate/Container/BoundMethod::call():35}()
#6 C:/laragon/www/sportmate_pemwebII-main/sportmate/vendor/laravel/framework/src/Illuminate/Container/BoundMethod.php(96): Illuminate/Container/Util::unwrapIfClosure(Object(Closure))
#7 C:/laragon/www/sportmate_pemwebII-main/sportmate/vendor/laravel/framework/src/Illuminate/Container/BoundMethod.php(35): Illuminate/Container/BoundMethod::callBoundMethod(Object(Illuminate/Foundation/Application), Array, Object(Closure))
#8 C:/laragon/www/sportmate_pemwebII-main/sportmate/vendor/laravel/framework/src/Illuminate/Container/Container.php(799): Illuminate/Container/BoundMethod::call(Object(Illuminate/Foundation/Application), Array, Array, NULL)
#9 C:/laragon/www/sportmate_pemwebII-main/sportmate/vendor/laravel/framework/src/Illuminate/Console/Command.php(211): Illuminate/Container/Container->call(Array)
#10 C:/laragon/www/sportmate_pemwebII-main/sportmate/vendor/symfony/console/Command/Command.php(341): Illuminate/Console/Command->execute(Object(Symfony/Component/Console/Input/ArgvInput), Object(Illuminate/Console/OutputStyle))
#11 C:/laragon/www/sportmate_pemwebII-main/sportmate/vendor/laravel/framework/src/Illuminate/Console/Command.php(180): Symfony/Component/Console/Command/Command->run(Object(Symfony/Component/Console/Input/ArgvInput), Object(Illuminate/Console/OutputStyle))
#12 C:/laragon/www/sportmate_pemwebII-main/sportmate/vendor/symfony/console/Application.php(1117): Illuminate/Console/Command->run(Object(Symfony/Component/Console/Input/ArgvInput), Object(Symfony/Component/Console/Output/ConsoleOutput))
#13 C:/laragon/www/sportmate_pemwebII-main/sportmate/vendor/symfony/console/Application.php(356): Symfony/Component/Console/Application->doRunCommand(Object(Illuminate/Console/Scheduling/ScheduleRunCommand), Object(Symfony/Component/Console/Input/ArgvInput), Object(Symfony/Component/Console/Output/ConsoleOutput))
#14 C:/laragon/www/sportmate_pemwebII-main/sportmate/vendor/symfony/console/Application.php(195): Symfony/Component/Console/Application->doRun(Object(Symfony/Component/Console/Input/ArgvInput), Object(Symfony/Component/Console/Output/ConsoleOutput))
#15 C:/laragon/www/sportmate_pemwebII-main/sportmate/vendor/laravel/framework/src/Illuminate/Foundation/Console/Kernel.php(198): Symfony/Component/Console/Application->run(Object(Symfony/Component/Console/Input/ArgvInput), Object(Symfony/Component/Console/Output/ConsoleOutput))
#16 C:/laragon/www/sportmate_pemwebII-main/sportmate/vendor/laravel/framework/src/Illuminate/Foundation/Application.php(1235): Illuminate/Foundation/Console/Kernel->handle(Object(Symfony/Component/Console/Input/ArgvInput), Object(Symfony/Component/Console/Output/ConsoleOutput))
#17 C:/laragon/www/sportmate_pemwebII-main/sportmate/artisan(14): Illuminate/Foundation/Application->handleCommand(Object(Symfony/Component/Console/Input/ArgvInput))
#18 {main}
"} 
[2026-07-10 02:40:02] local.ERROR: Command "event:update-status" is not defined.

Did you mean one of these?
    event:cache
    event:clear
    event:list {"exception":"[object] (Symfony\\Component\\Console\\Exception\\CommandNotFoundException(code: 0): Command \"event:update-status\" is not defined.

Did you mean one of these?
    event:cache
    event:clear
    event:list at C:/laragon/www/sportmate_pemwebII-main/sportmate/vendor/symfony/console/Application.php:759)
[stacktrace]
#0 C:/laragon/www/sportmate_pemwebII-main/sportmate/vendor/symfony/console/Application.php(298): Symfony/Component/Console/Application->find('event:update-st...')
#1 C:/laragon/www/sportmate_pemwebII-main/sportmate/vendor/symfony/console/Application.php(195): Symfony/Component/Console/Application->doRun(Object(Symfony/Component/Console/Input/ArgvInput), Object(Symfony/Component/Console/Output/ConsoleOutput))
#2 C:/laragon/www/sportmate_pemwebII-main/sportmate/vendor/laravel/framework/src/Illuminate/Foundation/Console/Kernel.php(198): Symfony/Component/Console/Application->run(Object(Symfony/Component/Console/Input/ArgvInput), Object(Symfony/Component/Console/Output/ConsoleOutput))
#3 C:/laragon/www/sportmate_pemwebII-main/sportmate/vendor/laravel/framework/src/Illuminate/Foundation/Application.php(1235): Illuminate/Foundation/Console/Kernel->handle(Object(Symfony/Component/Console/Input/ArgvInput), Object(Symfony/Component/Console/Output/ConsoleOutput))
#4 C:/laragon/www/sportmate_pemwebII-main/sportmate/artisan(14): Illuminate/Foundation/Application->handleCommand(Object(Symfony/Component/Console/Input/ArgvInput))
#5 {main}
"} 
[2026-07-10 02:40:02] local.ERROR: Scheduled command ["C:\laragon\bin\php\php-8.4.19-Win32-vs17-x64\php.exe" "artisan" event:update-status] failed with exit code [1]. {"exception":"[object] (Exception(code: 0): Scheduled command [\"C:\\laragon\\bin\\php\\php-8.4.19-Win32-vs17-x64\\php.exe\" \"artisan\" event:update-status] failed with exit code [1]. at C:/laragon/www/sportmate_pemwebII-main/sportmate/vendor/laravel/framework/src/Illuminate/Console/Scheduling/ScheduleRunCommand.php:207)
[stacktrace]
#0 C:/laragon/www/sportmate_pemwebII-main/sportmate/vendor/laravel/framework/src/Illuminate/Console/View/Components/Task.php(41): Illuminate/Console/Scheduling/ScheduleRunCommand->{closure:Illuminate/Console/Scheduling/ScheduleRunCommand::runEvent():191}()
#1 C:/laragon/www/sportmate_pemwebII-main/sportmate/vendor/laravel/framework/src/Illuminate/Console/View/Components/Factory.php(59): Illuminate/Console/View/Components/Task->render('<fg=gray>2026-0...', Object(Closure))
#2 C:/laragon/www/sportmate_pemwebII-main/sportmate/vendor/laravel/framework/src/Illuminate/Console/Scheduling/ScheduleRunCommand.php(191): Illuminate/Console/View/Components/Factory->__call('task', Array)
#3 C:/laragon/www/sportmate_pemwebII-main/sportmate/vendor/laravel/framework/src/Illuminate/Console/Scheduling/ScheduleRunCommand.php(134): Illuminate/Console/Scheduling/ScheduleRunCommand->runEvent(Object(Illuminate/Console/Scheduling/Event))
#4 C:/laragon/www/sportmate_pemwebII-main/sportmate/vendor/laravel/framework/src/Illuminate/Container/BoundMethod.php(36): Illuminate/Console/Scheduling/ScheduleRunCommand->handle(Object(Illuminate/Console/Scheduling/Schedule), Object(Illuminate/Events/Dispatcher), Object(Illuminate/Cache/Repository), Object(NunoMaduro/Collision/Adapters/Laravel/ExceptionHandler))
#5 C:/laragon/www/sportmate_pemwebII-main/sportmate/vendor/laravel/framework/src/Illuminate/Container/Util.php(43): Illuminate/Container/BoundMethod::{closure:Illuminate/Container/BoundMethod::call():35}()
#6 C:/laragon/www/sportmate_pemwebII-main/sportmate/vendor/laravel/framework/src/Illuminate/Container/BoundMethod.php(96): Illuminate/Container/Util::unwrapIfClosure(Object(Closure))
#7 C:/laragon/www/sportmate_pemwebII-main/sportmate/vendor/laravel/framework/src/Illuminate/Container/BoundMethod.php(35): Illuminate/Container/BoundMethod::callBoundMethod(Object(Illuminate/Foundation/Application), Array, Object(Closure))
#8 C:/laragon/www/sportmate_pemwebII-main/sportmate/vendor/laravel/framework/src/Illuminate/Container/Container.php(799): Illuminate/Container/BoundMethod::call(Object(Illuminate/Foundation/Application), Array, Array, NULL)
#9 C:/laragon/www/sportmate_pemwebII-main/sportmate/vendor/laravel/framework/src/Illuminate/Console/Command.php(211): Illuminate/Container/Container->call(Array)
#10 C:/laragon/www/sportmate_pemwebII-main/sportmate/vendor/symfony/console/Command/Command.php(341): Illuminate/Console/Command->execute(Object(Symfony/Component/Console/Input/ArgvInput), Object(Illuminate/Console/OutputStyle))
#11 C:/laragon/www/sportmate_pemwebII-main/sportmate/vendor/laravel/framework/src/Illuminate/Console/Command.php(180): Symfony/Component/Console/Command/Command->run(Object(Symfony/Component/Console/Input/ArgvInput), Object(Illuminate/Console/OutputStyle))
#12 C:/laragon/www/sportmate_pemwebII-main/sportmate/vendor/symfony/console/Application.php(1117): Illuminate/Console/Command->run(Object(Symfony/Component/Console/Input/ArgvInput), Object(Symfony/Component/Console/Output/ConsoleOutput))
#13 C:/laragon/www/sportmate_pemwebII-main/sportmate/vendor/symfony/console/Application.php(356): Symfony/Component/Console/Application->doRunCommand(Object(Illuminate/Console/Scheduling/ScheduleRunCommand), Object(Symfony/Component/Console/Input/ArgvInput), Object(Symfony/Component/Console/Output/ConsoleOutput))
#14 C:/laragon/www/sportmate_pemwebII-main/sportmate/vendor/symfony/console/Application.php(195): Symfony/Component/Console/Application->doRun(Object(Symfony/Component/Console/Input/ArgvInput), Object(Symfony/Component/Console/Output/ConsoleOutput))
#15 C:/laragon/www/sportmate_pemwebII-main/sportmate/vendor/laravel/framework/src/Illuminate/Foundation/Console/Kernel.php(198): Symfony/Component/Console/Application->run(Object(Symfony/Component/Console/Input/ArgvInput), Object(Symfony/Component/Console/Output/ConsoleOutput))
#16 C:/laragon/www/sportmate_pemwebII-main/sportmate/vendor/laravel/framework/src/Illuminate/Foundation/Application.php(1235): Illuminate/Foundation/Console/Kernel->handle(Object(Symfony/Component/Console/Input/ArgvInput), Object(Symfony/Component/Console/Output/ConsoleOutput))
#17 C:/laragon/www/sportmate_pemwebII-main/sportmate/artisan(14): Illuminate/Foundation/Application->handleCommand(Object(Symfony/Component/Console/Input/ArgvInput))
#18 {main}
"} 
[2026-07-10 02:43:02] local.ERROR: Command "event:update-status" is not defined.

Did you mean one of these?
    event:cache
    event:clear
    event:list {"exception":"[object] (Symfony\\Component\\Console\\Exception\\CommandNotFoundException(code: 0): Command \"event:update-status\" is not defined.

Did you mean one of these?
    event:cache
    event:clear
    event:list at C:/laragon/www/sportmate_pemwebII-main/sportmate/vendor/symfony/console/Application.php:759)
[stacktrace]
#0 C:/laragon/www/sportmate_pemwebII-main/sportmate/vendor/symfony/console/Application.php(298): Symfony/Component/Console/Application->find('event:update-st...')
#1 C:/laragon/www/sportmate_pemwebII-main/sportmate/vendor/symfony/console/Application.php(195): Symfony/Component/Console/Application->doRun(Object(Symfony/Component/Console/Input/ArgvInput), Object(Symfony/Component/Console/Output/ConsoleOutput))
#2 C:/laragon/www/sportmate_pemwebII-main/sportmate/vendor/laravel/framework/src/Illuminate/Foundation/Console/Kernel.php(198): Symfony/Component/Console/Application->run(Object(Symfony/Component/Console/Input/ArgvInput), Object(Symfony/Component/Console/Output/ConsoleOutput))
#3 C:/laragon/www/sportmate_pemwebII-main/sportmate/vendor/laravel/framework/src/Illuminate/Foundation/Application.php(1235): Illuminate/Foundation/Console/Kernel->handle(Object(Symfony/Component/Console/Input/ArgvInput), Object(Symfony/Component/Console/Output/ConsoleOutput))
#4 C:/laragon/www/sportmate_pemwebII-main/sportmate/artisan(14): Illuminate/Foundation/Application->handleCommand(Object(Symfony/Component/Console/Input/ArgvInput))
#5 {main}
"} 
[2026-07-10 02:43:02] local.ERROR: Scheduled command ["C:\laragon\bin\php\php-8.4.19-Win32-vs17-x64\php.exe" "artisan" event:update-status] failed with exit code [1]. {"exception":"[object] (Exception(code: 0): Scheduled command [\"C:\\laragon\\bin\\php\\php-8.4.19-Win32-vs17-x64\\php.exe\" \"artisan\" event:update-status] failed with exit code [1]. at C:/laragon/www/sportmate_pemwebII-main/sportmate/vendor/laravel/framework/src/Illuminate/Console/Scheduling/ScheduleRunCommand.php:207)
[stacktrace]
#0 C:/laragon/www/sportmate_pemwebII-main/sportmate/vendor/laravel/framework/src/Illuminate/Console/View/Components/Task.php(41): Illuminate/Console/Scheduling/ScheduleRunCommand->{closure:Illuminate/Console/Scheduling/ScheduleRunCommand::runEvent():191}()
#1 C:/laragon/www/sportmate_pemwebII-main/sportmate/vendor/laravel/framework/src/Illuminate/Console/View/Components/Factory.php(59): Illuminate/Console/View/Components/Task->render('<fg=gray>2026-0...', Object(Closure))
#2 C:/laragon/www/sportmate_pemwebII-main/sportmate/vendor/laravel/framework/src/Illuminate/Console/Scheduling/ScheduleRunCommand.php(191): Illuminate/Console/View/Components/Factory->__call('task', Array)
#3 C:/laragon/www/sportmate_pemwebII-main/sportmate/vendor/laravel/framework/src/Illuminate/Console/Scheduling/ScheduleRunCommand.php(134): Illuminate/Console/Scheduling/ScheduleRunCommand->runEvent(Object(Illuminate/Console/Scheduling/Event))
#4 C:/laragon/www/sportmate_pemwebII-main/sportmate/vendor/laravel/framework/src/Illuminate/Container/BoundMethod.php(36): Illuminate/Console/Scheduling/ScheduleRunCommand->handle(Object(Illuminate/Console/Scheduling/Schedule), Object(Illuminate/Events/Dispatcher), Object(Illuminate/Cache/Repository), Object(NunoMaduro/Collision/Adapters/Laravel/ExceptionHandler))
#5 C:/laragon/www/sportmate_pemwebII-main/sportmate/vendor/laravel/framework/src/Illuminate/Container/Util.php(43): Illuminate/Container/BoundMethod::{closure:Illuminate/Container/BoundMethod::call():35}()
#6 C:/laragon/www/sportmate_pemwebII-main/sportmate/vendor/laravel/framework/src/Illuminate/Container/BoundMethod.php(96): Illuminate/Container/Util::unwrapIfClosure(Object(Closure))
#7 C:/laragon/www/sportmate_pemwebII-main/sportmate/vendor/laravel/framework/src/Illuminate/Container/BoundMethod.php(35): Illuminate/Container/BoundMethod::callBoundMethod(Object(Illuminate/Foundation/Application), Array, Object(Closure))
#8 C:/laragon/www/sportmate_pemwebII-main/sportmate/vendor/laravel/framework/src/Illuminate/Container/Container.php(799): Illuminate/Container/BoundMethod::call(Object(Illuminate/Foundation/Application), Array, Array, NULL)
#9 C:/laragon/www/sportmate_pemwebII-main/sportmate/vendor/laravel/framework/src/Illuminate/Console/Command.php(211): Illuminate/Container/Container->call(Array)
#10 C:/laragon/www/sportmate_pemwebII-main/sportmate/vendor/symfony/console/Command/Command.php(341): Illuminate/Console/Command->execute(Object(Symfony/Component/Console/Input/ArgvInput), Object(Illuminate/Console/OutputStyle))
#11 C:/laragon/www/sportmate_pemwebII-main/sportmate/vendor/laravel/framework/src/Illuminate/Console/Command.php(180): Symfony/Component/Console/Command/Command->run(Object(Symfony/Component/Console/Input/ArgvInput), Object(Illuminate/Console/OutputStyle))
#12 C:/laragon/www/sportmate_pemwebII-main/sportmate/vendor/symfony/console/Application.php(1117): Illuminate/Console/Command->run(Object(Symfony/Component/Console/Input/ArgvInput), Object(Symfony/Component/Console/Output/ConsoleOutput))
#13 C:/laragon/www/sportmate_pemwebII-main/sportmate/vendor/symfony/console/Application.php(356): Symfony/Component/Console/Application->doRunCommand(Object(Illuminate/Console/Scheduling/ScheduleRunCommand), Object(Symfony/Component/Console/Input/ArgvInput), Object(Symfony/Component/Console/Output/ConsoleOutput))
#14 C:/laragon/www/sportmate_pemwebII-main/sportmate/vendor/symfony/console/Application.php(195): Symfony/Component/Console/Application->doRun(Object(Symfony/Component/Console/Input/ArgvInput), Object(Symfony/Component/Console/Output/ConsoleOutput))
#15 C:/laragon/www/sportmate_pemwebII-main/sportmate/vendor/laravel/framework/src/Illuminate/Foundation/Console/Kernel.php(198): Symfony/Component/Console/Application->run(Object(Symfony/Component/Console/Input/ArgvInput), Object(Symfony/Component/Console/Output/ConsoleOutput))
#16 C:/laragon/www/sportmate_pemwebII-main/sportmate/vendor/laravel/framework/src/Illuminate/Foundation/Application.php(1235): Illuminate/Foundation/Console/Kernel->handle(Object(Symfony/Component/Console/Input/ArgvInput), Object(Symfony/Component/Console/Output/ConsoleOutput))
#17 C:/laragon/www/sportmate_pemwebII-main/sportmate/artisan(14): Illuminate/Foundation/Application->handleCommand(Object(Symfony/Component/Console/Input/ArgvInput))
#18 {main}
"} 
[2026-07-10 02:44:02] local.ERROR: Command "event:update-status" is not defined.

Did you mean one of these?
    event:cache
    event:clear
    event:list {"exception":"[object] (Symfony\\Component\\Console\\Exception\\CommandNotFoundException(code: 0): Command \"event:update-status\" is not defined.

Did you mean one of these?
    event:cache
    event:clear
    event:list at C:/laragon/www/sportmate_pemwebII-main/sportmate/vendor/symfony/console/Application.php:759)
[stacktrace]
#0 C:/laragon/www/sportmate_pemwebII-main/sportmate/vendor/symfony/console/Application.php(298): Symfony/Component/Console/Application->find('event:update-st...')
#1 C:/laragon/www/sportmate_pemwebII-main/sportmate/vendor/symfony/console/Application.php(195): Symfony/Component/Console/Application->doRun(Object(Symfony/Component/Console/Input/ArgvInput), Object(Symfony/Component/Console/Output/ConsoleOutput))
#2 C:/laragon/www/sportmate_pemwebII-main/sportmate/vendor/laravel/framework/src/Illuminate/Foundation/Console/Kernel.php(198): Symfony/Component/Console/Application->run(Object(Symfony/Component/Console/Input/ArgvInput), Object(Symfony/Component/Console/Output/ConsoleOutput))
#3 C:/laragon/www/sportmate_pemwebII-main/sportmate/vendor/laravel/framework/src/Illuminate/Foundation/Application.php(1235): Illuminate/Foundation/Console/Kernel->handle(Object(Symfony/Component/Console/Input/ArgvInput), Object(Symfony/Component/Console/Output/ConsoleOutput))
#4 C:/laragon/www/sportmate_pemwebII-main/sportmate/artisan(14): Illuminate/Foundation/Application->handleCommand(Object(Symfony/Component/Console/Input/ArgvInput))
#5 {main}
"} 
[2026-07-10 02:44:02] local.ERROR: Scheduled command ["C:\laragon\bin\php\php-8.4.19-Win32-vs17-x64\php.exe" "artisan" event:update-status] failed with exit code [1]. {"exception":"[object] (Exception(code: 0): Scheduled command [\"C:\\laragon\\bin\\php\\php-8.4.19-Win32-vs17-x64\\php.exe\" \"artisan\" event:update-status] failed with exit code [1]. at C:/laragon/www/sportmate_pemwebII-main/sportmate/vendor/laravel/framework/src/Illuminate/Console/Scheduling/ScheduleRunCommand.php:207)
[stacktrace]
#0 C:/laragon/www/sportmate_pemwebII-main/sportmate/vendor/laravel/framework/src/Illuminate/Console/View/Components/Task.php(41): Illuminate/Console/Scheduling/ScheduleRunCommand->{closure:Illuminate/Console/Scheduling/ScheduleRunCommand::runEvent():191}()
#1 C:/laragon/www/sportmate_pemwebII-main/sportmate/vendor/laravel/framework/src/Illuminate/Console/View/Components/Factory.php(59): Illuminate/Console/View/Components/Task->render('<fg=gray>2026-0...', Object(Closure))
#2 C:/laragon/www/sportmate_pemwebII-main/sportmate/vendor/laravel/framework/src/Illuminate/Console/Scheduling/ScheduleRunCommand.php(191): Illuminate/Console/View/Components/Factory->__call('task', Array)
#3 C:/laragon/www/sportmate_pemwebII-main/sportmate/vendor/laravel/framework/src/Illuminate/Console/Scheduling/ScheduleRunCommand.php(134): Illuminate/Console/Scheduling/ScheduleRunCommand->runEvent(Object(Illuminate/Console/Scheduling/Event))
#4 C:/laragon/www/sportmate_pemwebII-main/sportmate/vendor/laravel/framework/src/Illuminate/Container/BoundMethod.php(36): Illuminate/Console/Scheduling/ScheduleRunCommand->handle(Object(Illuminate/Console/Scheduling/Schedule), Object(Illuminate/Events/Dispatcher), Object(Illuminate/Cache/Repository), Object(NunoMaduro/Collision/Adapters/Laravel/ExceptionHandler))
#5 C:/laragon/www/sportmate_pemwebII-main/sportmate/vendor/laravel/framework/src/Illuminate/Container/Util.php(43): Illuminate/Container/BoundMethod::{closure:Illuminate/Container/BoundMethod::call():35}()
#6 C:/laragon/www/sportmate_pemwebII-main/sportmate/vendor/laravel/framework/src/Illuminate/Container/BoundMethod.php(96): Illuminate/Container/Util::unwrapIfClosure(Object(Closure))
#7 C:/laragon/www/sportmate_pemwebII-main/sportmate/vendor/laravel/framework/src/Illuminate/Container/BoundMethod.php(35): Illuminate/Container/BoundMethod::callBoundMethod(Object(Illuminate/Foundation/Application), Array, Object(Closure))
#8 C:/laragon/www/sportmate_pemwebII-main/sportmate/vendor/laravel/framework/src/Illuminate/Container/Container.php(799): Illuminate/Container/BoundMethod::call(Object(Illuminate/Foundation/Application), Array, Array, NULL)
#9 C:/laragon/www/sportmate_pemwebII-main/sportmate/vendor/laravel/framework/src/Illuminate/Console/Command.php(211): Illuminate/Container/Container->call(Array)
#10 C:/laragon/www/sportmate_pemwebII-main/sportmate/vendor/symfony/console/Command/Command.php(341): Illuminate/Console/Command->execute(Object(Symfony/Component/Console/Input/ArgvInput), Object(Illuminate/Console/OutputStyle))
#11 C:/laragon/www/sportmate_pemwebII-main/sportmate/vendor/laravel/framework/src/Illuminate/Console/Command.php(180): Symfony/Component/Console/Command/Command->run(Object(Symfony/Component/Console/Input/ArgvInput), Object(Illuminate/Console/OutputStyle))
#12 C:/laragon/www/sportmate_pemwebII-main/sportmate/vendor/symfony/console/Application.php(1117): Illuminate/Console/Command->run(Object(Symfony/Component/Console/Input/ArgvInput), Object(Symfony/Component/Console/Output/ConsoleOutput))
#13 C:/laragon/www/sportmate_pemwebII-main/sportmate/vendor/symfony/console/Application.php(356): Symfony/Component/Console/Application->doRunCommand(Object(Illuminate/Console/Scheduling/ScheduleRunCommand), Object(Symfony/Component/Console/Input/ArgvInput), Object(Symfony/Component/Console/Output/ConsoleOutput))
#14 C:/laragon/www/sportmate_pemwebII-main/sportmate/vendor/symfony/console/Application.php(195): Symfony/Component/Console/Application->doRun(Object(Symfony/Component/Console/Input/ArgvInput), Object(Symfony/Component/Console/Output/ConsoleOutput))
#15 C:/laragon/www/sportmate_pemwebII-main/sportmate/vendor/laravel/framework/src/Illuminate/Foundation/Console/Kernel.php(198): Symfony/Component/Console/Application->run(Object(Symfony/Component/Console/Input/ArgvInput), Object(Symfony/Component/Console/Output/ConsoleOutput))
#16 C:/laragon/www/sportmate_pemwebII-main/sportmate/vendor/laravel/framework/src/Illuminate/Foundation/Application.php(1235): Illuminate/Foundation/Console/Kernel->handle(Object(Symfony/Component/Console/Input/ArgvInput), Object(Symfony/Component/Console/Output/ConsoleOutput))
#17 C:/laragon/www/sportmate_pemwebII-main/sportmate/artisan(14): Illuminate/Foundation/Application->handleCommand(Object(Symfony/Component/Console/Input/ArgvInput))
#18 {main}
"} 
[2026-07-10 02:45:02] local.ERROR: Command "event:update-status" is not defined.

Did you mean one of these?
    event:cache
    event:clear
    event:list {"exception":"[object] (Symfony\\Component\\Console\\Exception\\CommandNotFoundException(code: 0): Command \"event:update-status\" is not defined.

Did you mean one of these?
    event:cache
    event:clear
    event:list at C:/laragon/www/sportmate_pemwebII-main/sportmate/vendor/symfony/console/Application.php:759)
[stacktrace]
#0 C:/laragon/www/sportmate_pemwebII-main/sportmate/vendor/symfony/console/Application.php(298): Symfony/Component/Console/Application->find('event:update-st...')
#1 C:/laragon/www/sportmate_pemwebII-main/sportmate/vendor/symfony/console/Application.php(195): Symfony/Component/Console/Application->doRun(Object(Symfony/Component/Console/Input/ArgvInput), Object(Symfony/Component/Console/Output/ConsoleOutput))
#2 C:/laragon/www/sportmate_pemwebII-main/sportmate/vendor/laravel/framework/src/Illuminate/Foundation/Console/Kernel.php(198): Symfony/Component/Console/Application->run(Object(Symfony/Component/Console/Input/ArgvInput), Object(Symfony/Component/Console/Output/ConsoleOutput))
#3 C:/laragon/www/sportmate_pemwebII-main/sportmate/vendor/laravel/framework/src/Illuminate/Foundation/Application.php(1235): Illuminate/Foundation/Console/Kernel->handle(Object(Symfony/Component/Console/Input/ArgvInput), Object(Symfony/Component/Console/Output/ConsoleOutput))
#4 C:/laragon/www/sportmate_pemwebII-main/sportmate/artisan(14): Illuminate/Foundation/Application->handleCommand(Object(Symfony/Component/Console/Input/ArgvInput))
#5 {main}
"} 
[2026-07-10 02:45:02] local.ERROR: Scheduled command ["C:\laragon\bin\php\php-8.4.19-Win32-vs17-x64\php.exe" "artisan" event:update-status] failed with exit code [1]. {"exception":"[object] (Exception(code: 0): Scheduled command [\"C:\\laragon\\bin\\php\\php-8.4.19-Win32-vs17-x64\\php.exe\" \"artisan\" event:update-status] failed with exit code [1]. at C:/laragon/www/sportmate_pemwebII-main/sportmate/vendor/laravel/framework/src/Illuminate/Console/Scheduling/ScheduleRunCommand.php:207)
[stacktrace]
#0 C:/laragon/www/sportmate_pemwebII-main/sportmate/vendor/laravel/framework/src/Illuminate/Console/View/Components/Task.php(41): Illuminate/Console/Scheduling/ScheduleRunCommand->{closure:Illuminate/Console/Scheduling/ScheduleRunCommand::runEvent():191}()
#1 C:/laragon/www/sportmate_pemwebII-main/sportmate/vendor/laravel/framework/src/Illuminate/Console/View/Components/Factory.php(59): Illuminate/Console/View/Components/Task->render('<fg=gray>2026-0...', Object(Closure))
#2 C:/laragon/www/sportmate_pemwebII-main/sportmate/vendor/laravel/framework/src/Illuminate/Console/Scheduling/ScheduleRunCommand.php(191): Illuminate/Console/View/Components/Factory->__call('task', Array)
#3 C:/laragon/www/sportmate_pemwebII-main/sportmate/vendor/laravel/framework/src/Illuminate/Console/Scheduling/ScheduleRunCommand.php(134): Illuminate/Console/Scheduling/ScheduleRunCommand->runEvent(Object(Illuminate/Console/Scheduling/Event))
#4 C:/laragon/www/sportmate_pemwebII-main/sportmate/vendor/laravel/framework/src/Illuminate/Container/BoundMethod.php(36): Illuminate/Console/Scheduling/ScheduleRunCommand->handle(Object(Illuminate/Console/Scheduling/Schedule), Object(Illuminate/Events/Dispatcher), Object(Illuminate/Cache/Repository), Object(NunoMaduro/Collision/Adapters/Laravel/ExceptionHandler))
#5 C:/laragon/www/sportmate_pemwebII-main/sportmate/vendor/laravel/framework/src/Illuminate/Container/Util.php(43): Illuminate/Container/BoundMethod::{closure:Illuminate/Container/BoundMethod::call():35}()
#6 C:/laragon/www/sportmate_pemwebII-main/sportmate/vendor/laravel/framework/src/Illuminate/Container/BoundMethod.php(96): Illuminate/Container/Util::unwrapIfClosure(Object(Closure))
#7 C:/laragon/www/sportmate_pemwebII-main/sportmate/vendor/laravel/framework/src/Illuminate/Container/BoundMethod.php(35): Illuminate/Container/BoundMethod::callBoundMethod(Object(Illuminate/Foundation/Application), Array, Object(Closure))
#8 C:/laragon/www/sportmate_pemwebII-main/sportmate/vendor/laravel/framework/src/Illuminate/Container/Container.php(799): Illuminate/Container/BoundMethod::call(Object(Illuminate/Foundation/Application), Array, Array, NULL)
#9 C:/laragon/www/sportmate_pemwebII-main/sportmate/vendor/laravel/framework/src/Illuminate/Console/Command.php(211): Illuminate/Container/Container->call(Array)
#10 C:/laragon/www/sportmate_pemwebII-main/sportmate/vendor/symfony/console/Command/Command.php(341): Illuminate/Console/Command->execute(Object(Symfony/Component/Console/Input/ArgvInput), Object(Illuminate/Console/OutputStyle))
#11 C:/laragon/www/sportmate_pemwebII-main/sportmate/vendor/laravel/framework/src/Illuminate/Console/Command.php(180): Symfony/Component/Console/Command/Command->run(Object(Symfony/Component/Console/Input/ArgvInput), Object(Illuminate/Console/OutputStyle))
#12 C:/laragon/www/sportmate_pemwebII-main/sportmate/vendor/symfony/console/Application.php(1117): Illuminate/Console/Command->run(Object(Symfony/Component/Console/Input/ArgvInput), Object(Symfony/Component/Console/Output/ConsoleOutput))
#13 C:/laragon/www/sportmate_pemwebII-main/sportmate/vendor/symfony/console/Application.php(356): Symfony/Component/Console/Application->doRunCommand(Object(Illuminate/Console/Scheduling/ScheduleRunCommand), Object(Symfony/Component/Console/Input/ArgvInput), Object(Symfony/Component/Console/Output/ConsoleOutput))
#14 C:/laragon/www/sportmate_pemwebII-main/sportmate/vendor/symfony/console/Application.php(195): Symfony/Component/Console/Application->doRun(Object(Symfony/Component/Console/Input/ArgvInput), Object(Symfony/Component/Console/Output/ConsoleOutput))
#15 C:/laragon/www/sportmate_pemwebII-main/sportmate/vendor/laravel/framework/src/Illuminate/Foundation/Console/Kernel.php(198): Symfony/Component/Console/Application->run(Object(Symfony/Component/Console/Input/ArgvInput), Object(Symfony/Component/Console/Output/ConsoleOutput))
#16 C:/laragon/www/sportmate_pemwebII-main/sportmate/vendor/laravel/framework/src/Illuminate/Foundation/Application.php(1235): Illuminate/Foundation/Console/Kernel->handle(Object(Symfony/Component/Console/Input/ArgvInput), Object(Symfony/Component/Console/Output/ConsoleOutput))
#17 C:/laragon/www/sportmate_pemwebII-main/sportmate/artisan(14): Illuminate/Foundation/Application->handleCommand(Object(Symfony/Component/Console/Input/ArgvInput))
#18 {main}
"} 
[2026-07-10 02:46:02] local.ERROR: Command "event:update-status" is not defined.

Did you mean one of these?
    event:cache
    event:clear
    event:list {"exception":"[object] (Symfony\\Component\\Console\\Exception\\CommandNotFoundException(code: 0): Command \"event:update-status\" is not defined.

Did you mean one of these?
    event:cache
    event:clear
    event:list at C:/laragon/www/sportmate_pemwebII-main/sportmate/vendor/symfony/console/Application.php:759)
[stacktrace]
#0 C:/laragon/www/sportmate_pemwebII-main/sportmate/vendor/symfony/console/Application.php(298): Symfony/Component/Console/Application->find('event:update-st...')
#1 C:/laragon/www/sportmate_pemwebII-main/sportmate/vendor/symfony/console/Application.php(195): Symfony/Component/Console/Application->doRun(Object(Symfony/Component/Console/Input/ArgvInput), Object(Symfony/Component/Console/Output/ConsoleOutput))
#2 C:/laragon/www/sportmate_pemwebII-main/sportmate/vendor/laravel/framework/src/Illuminate/Foundation/Console/Kernel.php(198): Symfony/Component/Console/Application->run(Object(Symfony/Component/Console/Input/ArgvInput), Object(Symfony/Component/Console/Output/ConsoleOutput))
#3 C:/laragon/www/sportmate_pemwebII-main/sportmate/vendor/laravel/framework/src/Illuminate/Foundation/Application.php(1235): Illuminate/Foundation/Console/Kernel->handle(Object(Symfony/Component/Console/Input/ArgvInput), Object(Symfony/Component/Console/Output/ConsoleOutput))
#4 C:/laragon/www/sportmate_pemwebII-main/sportmate/artisan(14): Illuminate/Foundation/Application->handleCommand(Object(Symfony/Component/Console/Input/ArgvInput))
#5 {main}
"} 
[2026-07-10 02:46:02] local.ERROR: Scheduled command ["C:\laragon\bin\php\php-8.4.19-Win32-vs17-x64\php.exe" "artisan" event:update-status] failed with exit code [1]. {"exception":"[object] (Exception(code: 0): Scheduled command [\"C:\\laragon\\bin\\php\\php-8.4.19-Win32-vs17-x64\\php.exe\" \"artisan\" event:update-status] failed with exit code [1]. at C:/laragon/www/sportmate_pemwebII-main/sportmate/vendor/laravel/framework/src/Illuminate/Console/Scheduling/ScheduleRunCommand.php:207)
[stacktrace]
#0 C:/laragon/www/sportmate_pemwebII-main/sportmate/vendor/laravel/framework/src/Illuminate/Console/View/Components/Task.php(41): Illuminate/Console/Scheduling/ScheduleRunCommand->{closure:Illuminate/Console/Scheduling/ScheduleRunCommand::runEvent():191}()
#1 C:/laragon/www/sportmate_pemwebII-main/sportmate/vendor/laravel/framework/src/Illuminate/Console/View/Components/Factory.php(59): Illuminate/Console/View/Components/Task->render('<fg=gray>2026-0...', Object(Closure))
#2 C:/laragon/www/sportmate_pemwebII-main/sportmate/vendor/laravel/framework/src/Illuminate/Console/Scheduling/ScheduleRunCommand.php(191): Illuminate/Console/View/Components/Factory->__call('task', Array)
#3 C:/laragon/www/sportmate_pemwebII-main/sportmate/vendor/laravel/framework/src/Illuminate/Console/Scheduling/ScheduleRunCommand.php(134): Illuminate/Console/Scheduling/ScheduleRunCommand->runEvent(Object(Illuminate/Console/Scheduling/Event))
#4 C:/laragon/www/sportmate_pemwebII-main/sportmate/vendor/laravel/framework/src/Illuminate/Container/BoundMethod.php(36): Illuminate/Console/Scheduling/ScheduleRunCommand->handle(Object(Illuminate/Console/Scheduling/Schedule), Object(Illuminate/Events/Dispatcher), Object(Illuminate/Cache/Repository), Object(NunoMaduro/Collision/Adapters/Laravel/ExceptionHandler))
#5 C:/laragon/www/sportmate_pemwebII-main/sportmate/vendor/laravel/framework/src/Illuminate/Container/Util.php(43): Illuminate/Container/BoundMethod::{closure:Illuminate/Container/BoundMethod::call():35}()
#6 C:/laragon/www/sportmate_pemwebII-main/sportmate/vendor/laravel/framework/src/Illuminate/Container/BoundMethod.php(96): Illuminate/Container/Util::unwrapIfClosure(Object(Closure))
#7 C:/laragon/www/sportmate_pemwebII-main/sportmate/vendor/laravel/framework/src/Illuminate/Container/BoundMethod.php(35): Illuminate/Container/BoundMethod::callBoundMethod(Object(Illuminate/Foundation/Application), Array, Object(Closure))
#8 C:/laragon/www/sportmate_pemwebII-main/sportmate/vendor/laravel/framework/src/Illuminate/Container/Container.php(799): Illuminate/Container/BoundMethod::call(Object(Illuminate/Foundation/Application), Array, Array, NULL)
#9 C:/laragon/www/sportmate_pemwebII-main/sportmate/vendor/laravel/framework/src/Illuminate/Console/Command.php(211): Illuminate/Container/Container->call(Array)
#10 C:/laragon/www/sportmate_pemwebII-main/sportmate/vendor/symfony/console/Command/Command.php(341): Illuminate/Console/Command->execute(Object(Symfony/Component/Console/Input/ArgvInput), Object(Illuminate/Console/OutputStyle))
#11 C:/laragon/www/sportmate_pemwebII-main/sportmate/vendor/laravel/framework/src/Illuminate/Console/Command.php(180): Symfony/Component/Console/Command/Command->run(Object(Symfony/Component/Console/Input/ArgvInput), Object(Illuminate/Console/OutputStyle))
#12 C:/laragon/www/sportmate_pemwebII-main/sportmate/vendor/symfony/console/Application.php(1117): Illuminate/Console/Command->run(Object(Symfony/Component/Console/Input/ArgvInput), Object(Symfony/Component/Console/Output/ConsoleOutput))
#13 C:/laragon/www/sportmate_pemwebII-main/sportmate/vendor/symfony/console/Application.php(356): Symfony/Component/Console/Application->doRunCommand(Object(Illuminate/Console/Scheduling/ScheduleRunCommand), Object(Symfony/Component/Console/Input/ArgvInput), Object(Symfony/Component/Console/Output/ConsoleOutput))
#14 C:/laragon/www/sportmate_pemwebII-main/sportmate/vendor/symfony/console/Application.php(195): Symfony/Component/Console/Application->doRun(Object(Symfony/Component/Console/Input/ArgvInput), Object(Symfony/Component/Console/Output/ConsoleOutput))
#15 C:/laragon/www/sportmate_pemwebII-main/sportmate/vendor/laravel/framework/src/Illuminate/Foundation/Console/Kernel.php(198): Symfony/Component/Console/Application->run(Object(Symfony/Component/Console/Input/ArgvInput), Object(Symfony/Component/Console/Output/ConsoleOutput))
#16 C:/laragon/www/sportmate_pemwebII-main/sportmate/vendor/laravel/framework/src/Illuminate/Foundation/Application.php(1235): Illuminate/Foundation/Console/Kernel->handle(Object(Symfony/Component/Console/Input/ArgvInput), Object(Symfony/Component/Console/Output/ConsoleOutput))
#17 C:/laragon/www/sportmate_pemwebII-main/sportmate/artisan(14): Illuminate/Foundation/Application->handleCommand(Object(Symfony/Component/Console/Input/ArgvInput))
#18 {main}
"} 
[2026-07-10 02:47:02] local.ERROR: Command "event:update-status" is not defined.

Did you mean one of these?
    event:cache
    event:clear
    event:list {"exception":"[object] (Symfony\\Component\\Console\\Exception\\CommandNotFoundException(code: 0): Command \"event:update-status\" is not defined.

Did you mean one of these?
    event:cache
    event:clear
    event:list at C:/laragon/www/sportmate_pemwebII-main/sportmate/vendor/symfony/console/Application.php:759)
[stacktrace]
#0 C:/laragon/www/sportmate_pemwebII-main/sportmate/vendor/symfony/console/Application.php(298): Symfony/Component/Console/Application->find('event:update-st...')
#1 C:/laragon/www/sportmate_pemwebII-main/sportmate/vendor/symfony/console/Application.php(195): Symfony/Component/Console/Application->doRun(Object(Symfony/Component/Console/Input/ArgvInput), Object(Symfony/Component/Console/Output/ConsoleOutput))
#2 C:/laragon/www/sportmate_pemwebII-main/sportmate/vendor/laravel/framework/src/Illuminate/Foundation/Console/Kernel.php(198): Symfony/Component/Console/Application->run(Object(Symfony/Component/Console/Input/ArgvInput), Object(Symfony/Component/Console/Output/ConsoleOutput))
#3 C:/laragon/www/sportmate_pemwebII-main/sportmate/vendor/laravel/framework/src/Illuminate/Foundation/Application.php(1235): Illuminate/Foundation/Console/Kernel->handle(Object(Symfony/Component/Console/Input/ArgvInput), Object(Symfony/Component/Console/Output/ConsoleOutput))
#4 C:/laragon/www/sportmate_pemwebII-main/sportmate/artisan(14): Illuminate/Foundation/Application->handleCommand(Object(Symfony/Component/Console/Input/ArgvInput))
#5 {main}
"} 
[2026-07-10 02:47:02] local.ERROR: Scheduled command ["C:\laragon\bin\php\php-8.4.19-Win32-vs17-x64\php.exe" "artisan" event:update-status] failed with exit code [1]. {"exception":"[object] (Exception(code: 0): Scheduled command [\"C:\\laragon\\bin\\php\\php-8.4.19-Win32-vs17-x64\\php.exe\" \"artisan\" event:update-status] failed with exit code [1]. at C:/laragon/www/sportmate_pemwebII-main/sportmate/vendor/laravel/framework/src/Illuminate/Console/Scheduling/ScheduleRunCommand.php:207)
[stacktrace]
#0 C:/laragon/www/sportmate_pemwebII-main/sportmate/vendor/laravel/framework/src/Illuminate/Console/View/Components/Task.php(41): Illuminate/Console/Scheduling/ScheduleRunCommand->{closure:Illuminate/Console/Scheduling/ScheduleRunCommand::runEvent():191}()
#1 C:/laragon/www/sportmate_pemwebII-main/sportmate/vendor/laravel/framework/src/Illuminate/Console/View/Components/Factory.php(59): Illuminate/Console/View/Components/Task->render('<fg=gray>2026-0...', Object(Closure))
#2 C:/laragon/www/sportmate_pemwebII-main/sportmate/vendor/laravel/framework/src/Illuminate/Console/Scheduling/ScheduleRunCommand.php(191): Illuminate/Console/View/Components/Factory->__call('task', Array)
#3 C:/laragon/www/sportmate_pemwebII-main/sportmate/vendor/laravel/framework/src/Illuminate/Console/Scheduling/ScheduleRunCommand.php(134): Illuminate/Console/Scheduling/ScheduleRunCommand->runEvent(Object(Illuminate/Console/Scheduling/Event))
#4 C:/laragon/www/sportmate_pemwebII-main/sportmate/vendor/laravel/framework/src/Illuminate/Container/BoundMethod.php(36): Illuminate/Console/Scheduling/ScheduleRunCommand->handle(Object(Illuminate/Console/Scheduling/Schedule), Object(Illuminate/Events/Dispatcher), Object(Illuminate/Cache/Repository), Object(NunoMaduro/Collision/Adapters/Laravel/ExceptionHandler))
#5 C:/laragon/www/sportmate_pemwebII-main/sportmate/vendor/laravel/framework/src/Illuminate/Container/Util.php(43): Illuminate/Container/BoundMethod::{closure:Illuminate/Container/BoundMethod::call():35}()
#6 C:/laragon/www/sportmate_pemwebII-main/sportmate/vendor/laravel/framework/src/Illuminate/Container/BoundMethod.php(96): Illuminate/Container/Util::unwrapIfClosure(Object(Closure))
#7 C:/laragon/www/sportmate_pemwebII-main/sportmate/vendor/laravel/framework/src/Illuminate/Container/BoundMethod.php(35): Illuminate/Container/BoundMethod::callBoundMethod(Object(Illuminate/Foundation/Application), Array, Object(Closure))
#8 C:/laragon/www/sportmate_pemwebII-main/sportmate/vendor/laravel/framework/src/Illuminate/Container/Container.php(799): Illuminate/Container/BoundMethod::call(Object(Illuminate/Foundation/Application), Array, Array, NULL)
#9 C:/laragon/www/sportmate_pemwebII-main/sportmate/vendor/laravel/framework/src/Illuminate/Console/Command.php(211): Illuminate/Container/Container->call(Array)
#10 C:/laragon/www/sportmate_pemwebII-main/sportmate/vendor/symfony/console/Command/Command.php(341): Illuminate/Console/Command->execute(Object(Symfony/Component/Console/Input/ArgvInput), Object(Illuminate/Console/OutputStyle))
#11 C:/laragon/www/sportmate_pemwebII-main/sportmate/vendor/laravel/framework/src/Illuminate/Console/Command.php(180): Symfony/Component/Console/Command/Command->run(Object(Symfony/Component/Console/Input/ArgvInput), Object(Illuminate/Console/OutputStyle))
#12 C:/laragon/www/sportmate_pemwebII-main/sportmate/vendor/symfony/console/Application.php(1117): Illuminate/Console/Command->run(Object(Symfony/Component/Console/Input/ArgvInput), Object(Symfony/Component/Console/Output/ConsoleOutput))
#13 C:/laragon/www/sportmate_pemwebII-main/sportmate/vendor/symfony/console/Application.php(356): Symfony/Component/Console/Application->doRunCommand(Object(Illuminate/Console/Scheduling/ScheduleRunCommand), Object(Symfony/Component/Console/Input/ArgvInput), Object(Symfony/Component/Console/Output/ConsoleOutput))
#14 C:/laragon/www/sportmate_pemwebII-main/sportmate/vendor/symfony/console/Application.php(195): Symfony/Component/Console/Application->doRun(Object(Symfony/Component/Console/Input/ArgvInput), Object(Symfony/Component/Console/Output/ConsoleOutput))
#15 C:/laragon/www/sportmate_pemwebII-main/sportmate/vendor/laravel/framework/src/Illuminate/Foundation/Console/Kernel.php(198): Symfony/Component/Console/Application->run(Object(Symfony/Component/Console/Input/ArgvInput), Object(Symfony/Component/Console/Output/ConsoleOutput))
#16 C:/laragon/www/sportmate_pemwebII-main/sportmate/vendor/laravel/framework/src/Illuminate/Foundation/Application.php(1235): Illuminate/Foundation/Console/Kernel->handle(Object(Symfony/Component/Console/Input/ArgvInput), Object(Symfony/Component/Console/Output/ConsoleOutput))
#17 C:/laragon/www/sportmate_pemwebII-main/sportmate/artisan(14): Illuminate/Foundation/Application->handleCommand(Object(Symfony/Component/Console/Input/ArgvInput))
#18 {main}
"} 
[2026-07-10 02:48:01] local.ERROR: Command "event:update-status" is not defined.

Did you mean one of these?
    event:cache
    event:clear
    event:list {"exception":"[object] (Symfony\\Component\\Console\\Exception\\CommandNotFoundException(code: 0): Command \"event:update-status\" is not defined.

Did you mean one of these?
    event:cache
    event:clear
    event:list at C:/laragon/www/sportmate_pemwebII-main/sportmate/vendor/symfony/console/Application.php:759)
[stacktrace]
#0 C:/laragon/www/sportmate_pemwebII-main/sportmate/vendor/symfony/console/Application.php(298): Symfony/Component/Console/Application->find('event:update-st...')
#1 C:/laragon/www/sportmate_pemwebII-main/sportmate/vendor/symfony/console/Application.php(195): Symfony/Component/Console/Application->doRun(Object(Symfony/Component/Console/Input/ArgvInput), Object(Symfony/Component/Console/Output/ConsoleOutput))
#2 C:/laragon/www/sportmate_pemwebII-main/sportmate/vendor/laravel/framework/src/Illuminate/Foundation/Console/Kernel.php(198): Symfony/Component/Console/Application->run(Object(Symfony/Component/Console/Input/ArgvInput), Object(Symfony/Component/Console/Output/ConsoleOutput))
#3 C:/laragon/www/sportmate_pemwebII-main/sportmate/vendor/laravel/framework/src/Illuminate/Foundation/Application.php(1235): Illuminate/Foundation/Console/Kernel->handle(Object(Symfony/Component/Console/Input/ArgvInput), Object(Symfony/Component/Console/Output/ConsoleOutput))
#4 C:/laragon/www/sportmate_pemwebII-main/sportmate/artisan(14): Illuminate/Foundation/Application->handleCommand(Object(Symfony/Component/Console/Input/ArgvInput))
#5 {main}
"} 
[2026-07-10 02:48:01] local.ERROR: Scheduled command ["C:\laragon\bin\php\php-8.4.19-Win32-vs17-x64\php.exe" "artisan" event:update-status] failed with exit code [1]. {"exception":"[object] (Exception(code: 0): Scheduled command [\"C:\\laragon\\bin\\php\\php-8.4.19-Win32-vs17-x64\\php.exe\" \"artisan\" event:update-status] failed with exit code [1]. at C:/laragon/www/sportmate_pemwebII-main/sportmate/vendor/laravel/framework/src/Illuminate/Console/Scheduling/ScheduleRunCommand.php:207)
[stacktrace]
#0 C:/laragon/www/sportmate_pemwebII-main/sportmate/vendor/laravel/framework/src/Illuminate/Console/View/Components/Task.php(41): Illuminate/Console/Scheduling/ScheduleRunCommand->{closure:Illuminate/Console/Scheduling/ScheduleRunCommand::runEvent():191}()
#1 C:/laragon/www/sportmate_pemwebII-main/sportmate/vendor/laravel/framework/src/Illuminate/Console/View/Components/Factory.php(59): Illuminate/Console/View/Components/Task->render('<fg=gray>2026-0...', Object(Closure))
#2 C:/laragon/www/sportmate_pemwebII-main/sportmate/vendor/laravel/framework/src/Illuminate/Console/Scheduling/ScheduleRunCommand.php(191): Illuminate/Console/View/Components/Factory->__call('task', Array)
#3 C:/laragon/www/sportmate_pemwebII-main/sportmate/vendor/laravel/framework/src/Illuminate/Console/Scheduling/ScheduleRunCommand.php(134): Illuminate/Console/Scheduling/ScheduleRunCommand->runEvent(Object(Illuminate/Console/Scheduling/Event))
#4 C:/laragon/www/sportmate_pemwebII-main/sportmate/vendor/laravel/framework/src/Illuminate/Container/BoundMethod.php(36): Illuminate/Console/Scheduling/ScheduleRunCommand->handle(Object(Illuminate/Console/Scheduling/Schedule), Object(Illuminate/Events/Dispatcher), Object(Illuminate/Cache/Repository), Object(NunoMaduro/Collision/Adapters/Laravel/ExceptionHandler))
#5 C:/laragon/www/sportmate_pemwebII-main/sportmate/vendor/laravel/framework/src/Illuminate/Container/Util.php(43): Illuminate/Container/BoundMethod::{closure:Illuminate/Container/BoundMethod::call():35}()
#6 C:/laragon/www/sportmate_pemwebII-main/sportmate/vendor/laravel/framework/src/Illuminate/Container/BoundMethod.php(96): Illuminate/Container/Util::unwrapIfClosure(Object(Closure))
#7 C:/laragon/www/sportmate_pemwebII-main/sportmate/vendor/laravel/framework/src/Illuminate/Container/BoundMethod.php(35): Illuminate/Container/BoundMethod::callBoundMethod(Object(Illuminate/Foundation/Application), Array, Object(Closure))
#8 C:/laragon/www/sportmate_pemwebII-main/sportmate/vendor/laravel/framework/src/Illuminate/Container/Container.php(799): Illuminate/Container/BoundMethod::call(Object(Illuminate/Foundation/Application), Array, Array, NULL)
#9 C:/laragon/www/sportmate_pemwebII-main/sportmate/vendor/laravel/framework/src/Illuminate/Console/Command.php(211): Illuminate/Container/Container->call(Array)
#10 C:/laragon/www/sportmate_pemwebII-main/sportmate/vendor/symfony/console/Command/Command.php(341): Illuminate/Console/Command->execute(Object(Symfony/Component/Console/Input/ArgvInput), Object(Illuminate/Console/OutputStyle))
#11 C:/laragon/www/sportmate_pemwebII-main/sportmate/vendor/laravel/framework/src/Illuminate/Console/Command.php(180): Symfony/Component/Console/Command/Command->run(Object(Symfony/Component/Console/Input/ArgvInput), Object(Illuminate/Console/OutputStyle))
#12 C:/laragon/www/sportmate_pemwebII-main/sportmate/vendor/symfony/console/Application.php(1117): Illuminate/Console/Command->run(Object(Symfony/Component/Console/Input/ArgvInput), Object(Symfony/Component/Console/Output/ConsoleOutput))
#13 C:/laragon/www/sportmate_pemwebII-main/sportmate/vendor/symfony/console/Application.php(356): Symfony/Component/Console/Application->doRunCommand(Object(Illuminate/Console/Scheduling/ScheduleRunCommand), Object(Symfony/Component/Console/Input/ArgvInput), Object(Symfony/Component/Console/Output/ConsoleOutput))
#14 C:/laragon/www/sportmate_pemwebII-main/sportmate/vendor/symfony/console/Application.php(195): Symfony/Component/Console/Application->doRun(Object(Symfony/Component/Console/Input/ArgvInput), Object(Symfony/Component/Console/Output/ConsoleOutput))
#15 C:/laragon/www/sportmate_pemwebII-main/sportmate/vendor/laravel/framework/src/Illuminate/Foundation/Console/Kernel.php(198): Symfony/Component/Console/Application->run(Object(Symfony/Component/Console/Input/ArgvInput), Object(Symfony/Component/Console/Output/ConsoleOutput))
#16 C:/laragon/www/sportmate_pemwebII-main/sportmate/vendor/laravel/framework/src/Illuminate/Foundation/Application.php(1235): Illuminate/Foundation/Console/Kernel->handle(Object(Symfony/Component/Console/Input/ArgvInput), Object(Symfony/Component/Console/Output/ConsoleOutput))
#17 C:/laragon/www/sportmate_pemwebII-main/sportmate/artisan(14): Illuminate/Foundation/Application->handleCommand(Object(Symfony/Component/Console/Input/ArgvInput))
#18 {main}
"} 
[2026-07-10 02:49:01] local.ERROR: Command "event:update-status" is not defined.

Did you mean one of these?
    event:cache
    event:clear
    event:list {"exception":"[object] (Symfony\\Component\\Console\\Exception\\CommandNotFoundException(code: 0): Command \"event:update-status\" is not defined.

Did you mean one of these?
    event:cache
    event:clear
    event:list at C:/laragon/www/sportmate_pemwebII-main/sportmate/vendor/symfony/console/Application.php:759)
[stacktrace]
#0 C:/laragon/www/sportmate_pemwebII-main/sportmate/vendor/symfony/console/Application.php(298): Symfony/Component/Console/Application->find('event:update-st...')
#1 C:/laragon/www/sportmate_pemwebII-main/sportmate/vendor/symfony/console/Application.php(195): Symfony/Component/Console/Application->doRun(Object(Symfony/Component/Console/Input/ArgvInput), Object(Symfony/Component/Console/Output/ConsoleOutput))
#2 C:/laragon/www/sportmate_pemwebII-main/sportmate/vendor/laravel/framework/src/Illuminate/Foundation/Console/Kernel.php(198): Symfony/Component/Console/Application->run(Object(Symfony/Component/Console/Input/ArgvInput), Object(Symfony/Component/Console/Output/ConsoleOutput))
#3 C:/laragon/www/sportmate_pemwebII-main/sportmate/vendor/laravel/framework/src/Illuminate/Foundation/Application.php(1235): Illuminate/Foundation/Console/Kernel->handle(Object(Symfony/Component/Console/Input/ArgvInput), Object(Symfony/Component/Console/Output/ConsoleOutput))
#4 C:/laragon/www/sportmate_pemwebII-main/sportmate/artisan(14): Illuminate/Foundation/Application->handleCommand(Object(Symfony/Component/Console/Input/ArgvInput))
#5 {main}
"} 
[2026-07-10 02:49:01] local.ERROR: Scheduled command ["C:\laragon\bin\php\php-8.4.19-Win32-vs17-x64\php.exe" "artisan" event:update-status] failed with exit code [1]. {"exception":"[object] (Exception(code: 0): Scheduled command [\"C:\\laragon\\bin\\php\\php-8.4.19-Win32-vs17-x64\\php.exe\" \"artisan\" event:update-status] failed with exit code [1]. at C:/laragon/www/sportmate_pemwebII-main/sportmate/vendor/laravel/framework/src/Illuminate/Console/Scheduling/ScheduleRunCommand.php:207)
[stacktrace]
#0 C:/laragon/www/sportmate_pemwebII-main/sportmate/vendor/laravel/framework/src/Illuminate/Console/View/Components/Task.php(41): Illuminate/Console/Scheduling/ScheduleRunCommand->{closure:Illuminate/Console/Scheduling/ScheduleRunCommand::runEvent():191}()
#1 C:/laragon/www/sportmate_pemwebII-main/sportmate/vendor/laravel/framework/src/Illuminate/Console/View/Components/Factory.php(59): Illuminate/Console/View/Components/Task->render('<fg=gray>2026-0...', Object(Closure))
#2 C:/laragon/www/sportmate_pemwebII-main/sportmate/vendor/laravel/framework/src/Illuminate/Console/Scheduling/ScheduleRunCommand.php(191): Illuminate/Console/View/Components/Factory->__call('task', Array)
#3 C:/laragon/www/sportmate_pemwebII-main/sportmate/vendor/laravel/framework/src/Illuminate/Console/Scheduling/ScheduleRunCommand.php(134): Illuminate/Console/Scheduling/ScheduleRunCommand->runEvent(Object(Illuminate/Console/Scheduling/Event))
#4 C:/laragon/www/sportmate_pemwebII-main/sportmate/vendor/laravel/framework/src/Illuminate/Container/BoundMethod.php(36): Illuminate/Console/Scheduling/ScheduleRunCommand->handle(Object(Illuminate/Console/Scheduling/Schedule), Object(Illuminate/Events/Dispatcher), Object(Illuminate/Cache/Repository), Object(NunoMaduro/Collision/Adapters/Laravel/ExceptionHandler))
#5 C:/laragon/www/sportmate_pemwebII-main/sportmate/vendor/laravel/framework/src/Illuminate/Container/Util.php(43): Illuminate/Container/BoundMethod::{closure:Illuminate/Container/BoundMethod::call():35}()
#6 C:/laragon/www/sportmate_pemwebII-main/sportmate/vendor/laravel/framework/src/Illuminate/Container/BoundMethod.php(96): Illuminate/Container/Util::unwrapIfClosure(Object(Closure))
#7 C:/laragon/www/sportmate_pemwebII-main/sportmate/vendor/laravel/framework/src/Illuminate/Container/BoundMethod.php(35): Illuminate/Container/BoundMethod::callBoundMethod(Object(Illuminate/Foundation/Application), Array, Object(Closure))
#8 C:/laragon/www/sportmate_pemwebII-main/sportmate/vendor/laravel/framework/src/Illuminate/Container/Container.php(799): Illuminate/Container/BoundMethod::call(Object(Illuminate/Foundation/Application), Array, Array, NULL)
#9 C:/laragon/www/sportmate_pemwebII-main/sportmate/vendor/laravel/framework/src/Illuminate/Console/Command.php(211): Illuminate/Container/Container->call(Array)
#10 C:/laragon/www/sportmate_pemwebII-main/sportmate/vendor/symfony/console/Command/Command.php(341): Illuminate/Console/Command->execute(Object(Symfony/Component/Console/Input/ArgvInput), Object(Illuminate/Console/OutputStyle))
#11 C:/laragon/www/sportmate_pemwebII-main/sportmate/vendor/laravel/framework/src/Illuminate/Console/Command.php(180): Symfony/Component/Console/Command/Command->run(Object(Symfony/Component/Console/Input/ArgvInput), Object(Illuminate/Console/OutputStyle))
#12 C:/laragon/www/sportmate_pemwebII-main/sportmate/vendor/symfony/console/Application.php(1117): Illuminate/Console/Command->run(Object(Symfony/Component/Console/Input/ArgvInput), Object(Symfony/Component/Console/Output/ConsoleOutput))
#13 C:/laragon/www/sportmate_pemwebII-main/sportmate/vendor/symfony/console/Application.php(356): Symfony/Component/Console/Application->doRunCommand(Object(Illuminate/Console/Scheduling/ScheduleRunCommand), Object(Symfony/Component/Console/Input/ArgvInput), Object(Symfony/Component/Console/Output/ConsoleOutput))
#14 C:/laragon/www/sportmate_pemwebII-main/sportmate/vendor/symfony/console/Application.php(195): Symfony/Component/Console/Application->doRun(Object(Symfony/Component/Console/Input/ArgvInput), Object(Symfony/Component/Console/Output/ConsoleOutput))
#15 C:/laragon/www/sportmate_pemwebII-main/sportmate/vendor/laravel/framework/src/Illuminate/Foundation/Console/Kernel.php(198): Symfony/Component/Console/Application->run(Object(Symfony/Component/Console/Input/ArgvInput), Object(Symfony/Component/Console/Output/ConsoleOutput))
#16 C:/laragon/www/sportmate_pemwebII-main/sportmate/vendor/laravel/framework/src/Illuminate/Foundation/Application.php(1235): Illuminate/Foundation/Console/Kernel->handle(Object(Symfony/Component/Console/Input/ArgvInput), Object(Symfony/Component/Console/Output/ConsoleOutput))
#17 C:/laragon/www/sportmate_pemwebII-main/sportmate/artisan(14): Illuminate/Foundation/Application->handleCommand(Object(Symfony/Component/Console/Input/ArgvInput))
#18 {main}
"} 
[2026-07-10 02:50:01] local.ERROR: Command "event:update-status" is not defined.

Did you mean one of these?
    event:cache
    event:clear
    event:list {"exception":"[object] (Symfony\\Component\\Console\\Exception\\CommandNotFoundException(code: 0): Command \"event:update-status\" is not defined.

Did you mean one of these?
    event:cache
    event:clear
    event:list at C:/laragon/www/sportmate_pemwebII-main/sportmate/vendor/symfony/console/Application.php:759)
[stacktrace]
#0 C:/laragon/www/sportmate_pemwebII-main/sportmate/vendor/symfony/console/Application.php(298): Symfony/Component/Console/Application->find('event:update-st...')
#1 C:/laragon/www/sportmate_pemwebII-main/sportmate/vendor/symfony/console/Application.php(195): Symfony/Component/Console/Application->doRun(Object(Symfony/Component/Console/Input/ArgvInput), Object(Symfony/Component/Console/Output/ConsoleOutput))
#2 C:/laragon/www/sportmate_pemwebII-main/sportmate/vendor/laravel/framework/src/Illuminate/Foundation/Console/Kernel.php(198): Symfony/Component/Console/Application->run(Object(Symfony/Component/Console/Input/ArgvInput), Object(Symfony/Component/Console/Output/ConsoleOutput))
#3 C:/laragon/www/sportmate_pemwebII-main/sportmate/vendor/laravel/framework/src/Illuminate/Foundation/Application.php(1235): Illuminate/Foundation/Console/Kernel->handle(Object(Symfony/Component/Console/Input/ArgvInput), Object(Symfony/Component/Console/Output/ConsoleOutput))
#4 C:/laragon/www/sportmate_pemwebII-main/sportmate/artisan(14): Illuminate/Foundation/Application->handleCommand(Object(Symfony/Component/Console/Input/ArgvInput))
#5 {main}
"} 
[2026-07-10 02:50:01] local.ERROR: Scheduled command ["C:\laragon\bin\php\php-8.4.19-Win32-vs17-x64\php.exe" "artisan" event:update-status] failed with exit code [1]. {"exception":"[object] (Exception(code: 0): Scheduled command [\"C:\\laragon\\bin\\php\\php-8.4.19-Win32-vs17-x64\\php.exe\" \"artisan\" event:update-status] failed with exit code [1]. at C:/laragon/www/sportmate_pemwebII-main/sportmate/vendor/laravel/framework/src/Illuminate/Console/Scheduling/ScheduleRunCommand.php:207)
[stacktrace]
#0 C:/laragon/www/sportmate_pemwebII-main/sportmate/vendor/laravel/framework/src/Illuminate/Console/View/Components/Task.php(41): Illuminate/Console/Scheduling/ScheduleRunCommand->{closure:Illuminate/Console/Scheduling/ScheduleRunCommand::runEvent():191}()
#1 C:/laragon/www/sportmate_pemwebII-main/sportmate/vendor/laravel/framework/src/Illuminate/Console/View/Components/Factory.php(59): Illuminate/Console/View/Components/Task->render('<fg=gray>2026-0...', Object(Closure))
#2 C:/laragon/www/sportmate_pemwebII-main/sportmate/vendor/laravel/framework/src/Illuminate/Console/Scheduling/ScheduleRunCommand.php(191): Illuminate/Console/View/Components/Factory->__call('task', Array)
#3 C:/laragon/www/sportmate_pemwebII-main/sportmate/vendor/laravel/framework/src/Illuminate/Console/Scheduling/ScheduleRunCommand.php(134): Illuminate/Console/Scheduling/ScheduleRunCommand->runEvent(Object(Illuminate/Console/Scheduling/Event))
#4 C:/laragon/www/sportmate_pemwebII-main/sportmate/vendor/laravel/framework/src/Illuminate/Container/BoundMethod.php(36): Illuminate/Console/Scheduling/ScheduleRunCommand->handle(Object(Illuminate/Console/Scheduling/Schedule), Object(Illuminate/Events/Dispatcher), Object(Illuminate/Cache/Repository), Object(NunoMaduro/Collision/Adapters/Laravel/ExceptionHandler))
#5 C:/laragon/www/sportmate_pemwebII-main/sportmate/vendor/laravel/framework/src/Illuminate/Container/Util.php(43): Illuminate/Container/BoundMethod::{closure:Illuminate/Container/BoundMethod::call():35}()
#6 C:/laragon/www/sportmate_pemwebII-main/sportmate/vendor/laravel/framework/src/Illuminate/Container/BoundMethod.php(96): Illuminate/Container/Util::unwrapIfClosure(Object(Closure))
#7 C:/laragon/www/sportmate_pemwebII-main/sportmate/vendor/laravel/framework/src/Illuminate/Container/BoundMethod.php(35): Illuminate/Container/BoundMethod::callBoundMethod(Object(Illuminate/Foundation/Application), Array, Object(Closure))
#8 C:/laragon/www/sportmate_pemwebII-main/sportmate/vendor/laravel/framework/src/Illuminate/Container/Container.php(799): Illuminate/Container/BoundMethod::call(Object(Illuminate/Foundation/Application), Array, Array, NULL)
#9 C:/laragon/www/sportmate_pemwebII-main/sportmate/vendor/laravel/framework/src/Illuminate/Console/Command.php(211): Illuminate/Container/Container->call(Array)
#10 C:/laragon/www/sportmate_pemwebII-main/sportmate/vendor/symfony/console/Command/Command.php(341): Illuminate/Console/Command->execute(Object(Symfony/Component/Console/Input/ArgvInput), Object(Illuminate/Console/OutputStyle))
#11 C:/laragon/www/sportmate_pemwebII-main/sportmate/vendor/laravel/framework/src/Illuminate/Console/Command.php(180): Symfony/Component/Console/Command/Command->run(Object(Symfony/Component/Console/Input/ArgvInput), Object(Illuminate/Console/OutputStyle))
#12 C:/laragon/www/sportmate_pemwebII-main/sportmate/vendor/symfony/console/Application.php(1117): Illuminate/Console/Command->run(Object(Symfony/Component/Console/Input/ArgvInput), Object(Symfony/Component/Console/Output/ConsoleOutput))
#13 C:/laragon/www/sportmate_pemwebII-main/sportmate/vendor/symfony/console/Application.php(356): Symfony/Component/Console/Application->doRunCommand(Object(Illuminate/Console/Scheduling/ScheduleRunCommand), Object(Symfony/Component/Console/Input/ArgvInput), Object(Symfony/Component/Console/Output/ConsoleOutput))
#14 C:/laragon/www/sportmate_pemwebII-main/sportmate/vendor/symfony/console/Application.php(195): Symfony/Component/Console/Application->doRun(Object(Symfony/Component/Console/Input/ArgvInput), Object(Symfony/Component/Console/Output/ConsoleOutput))
#15 C:/laragon/www/sportmate_pemwebII-main/sportmate/vendor/laravel/framework/src/Illuminate/Foundation/Console/Kernel.php(198): Symfony/Component/Console/Application->run(Object(Symfony/Component/Console/Input/ArgvInput), Object(Symfony/Component/Console/Output/ConsoleOutput))
#16 C:/laragon/www/sportmate_pemwebII-main/sportmate/vendor/laravel/framework/src/Illuminate/Foundation/Application.php(1235): Illuminate/Foundation/Console/Kernel->handle(Object(Symfony/Component/Console/Input/ArgvInput), Object(Symfony/Component/Console/Output/ConsoleOutput))
#17 C:/laragon/www/sportmate_pemwebII-main/sportmate/artisan(14): Illuminate/Foundation/Application->handleCommand(Object(Symfony/Component/Console/Input/ArgvInput))
#18 {main}
"} 
[2026-07-10 02:51:01] local.ERROR: Command "event:update-status" is not defined.

Did you mean one of these?
    event:cache
    event:clear
    event:list {"exception":"[object] (Symfony\\Component\\Console\\Exception\\CommandNotFoundException(code: 0): Command \"event:update-status\" is not defined.

Did you mean one of these?
    event:cache
    event:clear
    event:list at C:/laragon/www/sportmate_pemwebII-main/sportmate/vendor/symfony/console/Application.php:759)
[stacktrace]
#0 C:/laragon/www/sportmate_pemwebII-main/sportmate/vendor/symfony/console/Application.php(298): Symfony/Component/Console/Application->find('event:update-st...')
#1 C:/laragon/www/sportmate_pemwebII-main/sportmate/vendor/symfony/console/Application.php(195): Symfony/Component/Console/Application->doRun(Object(Symfony/Component/Console/Input/ArgvInput), Object(Symfony/Component/Console/Output/ConsoleOutput))
#2 C:/laragon/www/sportmate_pemwebII-main/sportmate/vendor/laravel/framework/src/Illuminate/Foundation/Console/Kernel.php(198): Symfony/Component/Console/Application->run(Object(Symfony/Component/Console/Input/ArgvInput), Object(Symfony/Component/Console/Output/ConsoleOutput))
#3 C:/laragon/www/sportmate_pemwebII-main/sportmate/vendor/laravel/framework/src/Illuminate/Foundation/Application.php(1235): Illuminate/Foundation/Console/Kernel->handle(Object(Symfony/Component/Console/Input/ArgvInput), Object(Symfony/Component/Console/Output/ConsoleOutput))
#4 C:/laragon/www/sportmate_pemwebII-main/sportmate/artisan(14): Illuminate/Foundation/Application->handleCommand(Object(Symfony/Component/Console/Input/ArgvInput))
#5 {main}
"} 
[2026-07-10 02:51:01] local.ERROR: Scheduled command ["C:\laragon\bin\php\php-8.4.19-Win32-vs17-x64\php.exe" "artisan" event:update-status] failed with exit code [1]. {"exception":"[object] (Exception(code: 0): Scheduled command [\"C:\\laragon\\bin\\php\\php-8.4.19-Win32-vs17-x64\\php.exe\" \"artisan\" event:update-status] failed with exit code [1]. at C:/laragon/www/sportmate_pemwebII-main/sportmate/vendor/laravel/framework/src/Illuminate/Console/Scheduling/ScheduleRunCommand.php:207)
[stacktrace]
#0 C:/laragon/www/sportmate_pemwebII-main/sportmate/vendor/laravel/framework/src/Illuminate/Console/View/Components/Task.php(41): Illuminate/Console/Scheduling/ScheduleRunCommand->{closure:Illuminate/Console/Scheduling/ScheduleRunCommand::runEvent():191}()
#1 C:/laragon/www/sportmate_pemwebII-main/sportmate/vendor/laravel/framework/src/Illuminate/Console/View/Components/Factory.php(59): Illuminate/Console/View/Components/Task->render('<fg=gray>2026-0...', Object(Closure))
#2 C:/laragon/www/sportmate_pemwebII-main/sportmate/vendor/laravel/framework/src/Illuminate/Console/Scheduling/ScheduleRunCommand.php(191): Illuminate/Console/View/Components/Factory->__call('task', Array)
#3 C:/laragon/www/sportmate_pemwebII-main/sportmate/vendor/laravel/framework/src/Illuminate/Console/Scheduling/ScheduleRunCommand.php(134): Illuminate/Console/Scheduling/ScheduleRunCommand->runEvent(Object(Illuminate/Console/Scheduling/Event))
#4 C:/laragon/www/sportmate_pemwebII-main/sportmate/vendor/laravel/framework/src/Illuminate/Container/BoundMethod.php(36): Illuminate/Console/Scheduling/ScheduleRunCommand->handle(Object(Illuminate/Console/Scheduling/Schedule), Object(Illuminate/Events/Dispatcher), Object(Illuminate/Cache/Repository), Object(NunoMaduro/Collision/Adapters/Laravel/ExceptionHandler))
#5 C:/laragon/www/sportmate_pemwebII-main/sportmate/vendor/laravel/framework/src/Illuminate/Container/Util.php(43): Illuminate/Container/BoundMethod::{closure:Illuminate/Container/BoundMethod::call():35}()
#6 C:/laragon/www/sportmate_pemwebII-main/sportmate/vendor/laravel/framework/src/Illuminate/Container/BoundMethod.php(96): Illuminate/Container/Util::unwrapIfClosure(Object(Closure))
#7 C:/laragon/www/sportmate_pemwebII-main/sportmate/vendor/laravel/framework/src/Illuminate/Container/BoundMethod.php(35): Illuminate/Container/BoundMethod::callBoundMethod(Object(Illuminate/Foundation/Application), Array, Object(Closure))
#8 C:/laragon/www/sportmate_pemwebII-main/sportmate/vendor/laravel/framework/src/Illuminate/Container/Container.php(799): Illuminate/Container/BoundMethod::call(Object(Illuminate/Foundation/Application), Array, Array, NULL)
#9 C:/laragon/www/sportmate_pemwebII-main/sportmate/vendor/laravel/framework/src/Illuminate/Console/Command.php(211): Illuminate/Container/Container->call(Array)
#10 C:/laragon/www/sportmate_pemwebII-main/sportmate/vendor/symfony/console/Command/Command.php(341): Illuminate/Console/Command->execute(Object(Symfony/Component/Console/Input/ArgvInput), Object(Illuminate/Console/OutputStyle))
#11 C:/laragon/www/sportmate_pemwebII-main/sportmate/vendor/laravel/framework/src/Illuminate/Console/Command.php(180): Symfony/Component/Console/Command/Command->run(Object(Symfony/Component/Console/Input/ArgvInput), Object(Illuminate/Console/OutputStyle))
#12 C:/laragon/www/sportmate_pemwebII-main/sportmate/vendor/symfony/console/Application.php(1117): Illuminate/Console/Command->run(Object(Symfony/Component/Console/Input/ArgvInput), Object(Symfony/Component/Console/Output/ConsoleOutput))
#13 C:/laragon/www/sportmate_pemwebII-main/sportmate/vendor/symfony/console/Application.php(356): Symfony/Component/Console/Application->doRunCommand(Object(Illuminate/Console/Scheduling/ScheduleRunCommand), Object(Symfony/Component/Console/Input/ArgvInput), Object(Symfony/Component/Console/Output/ConsoleOutput))
#14 C:/laragon/www/sportmate_pemwebII-main/sportmate/vendor/symfony/console/Application.php(195): Symfony/Component/Console/Application->doRun(Object(Symfony/Component/Console/Input/ArgvInput), Object(Symfony/Component/Console/Output/ConsoleOutput))
#15 C:/laragon/www/sportmate_pemwebII-main/sportmate/vendor/laravel/framework/src/Illuminate/Foundation/Console/Kernel.php(198): Symfony/Component/Console/Application->run(Object(Symfony/Component/Console/Input/ArgvInput), Object(Symfony/Component/Console/Output/ConsoleOutput))
#16 C:/laragon/www/sportmate_pemwebII-main/sportmate/vendor/laravel/framework/src/Illuminate/Foundation/Application.php(1235): Illuminate/Foundation/Console/Kernel->handle(Object(Symfony/Component/Console/Input/ArgvInput), Object(Symfony/Component/Console/Output/ConsoleOutput))
#17 C:/laragon/www/sportmate_pemwebII-main/sportmate/artisan(14): Illuminate/Foundation/Application->handleCommand(Object(Symfony/Component/Console/Input/ArgvInput))
#18 {main}
"} 
[2026-07-10 02:52:01] local.ERROR: Command "event:update-status" is not defined.

Did you mean one of these?
    event:cache
    event:clear
    event:list {"exception":"[object] (Symfony\\Component\\Console\\Exception\\CommandNotFoundException(code: 0): Command \"event:update-status\" is not defined.

Did you mean one of these?
    event:cache
    event:clear
    event:list at C:/laragon/www/sportmate_pemwebII-main/sportmate/vendor/symfony/console/Application.php:759)
[stacktrace]
#0 C:/laragon/www/sportmate_pemwebII-main/sportmate/vendor/symfony/console/Application.php(298): Symfony/Component/Console/Application->find('event:update-st...')
#1 C:/laragon/www/sportmate_pemwebII-main/sportmate/vendor/symfony/console/Application.php(195): Symfony/Component/Console/Application->doRun(Object(Symfony/Component/Console/Input/ArgvInput), Object(Symfony/Component/Console/Output/ConsoleOutput))
#2 C:/laragon/www/sportmate_pemwebII-main/sportmate/vendor/laravel/framework/src/Illuminate/Foundation/Console/Kernel.php(198): Symfony/Component/Console/Application->run(Object(Symfony/Component/Console/Input/ArgvInput), Object(Symfony/Component/Console/Output/ConsoleOutput))
#3 C:/laragon/www/sportmate_pemwebII-main/sportmate/vendor/laravel/framework/src/Illuminate/Foundation/Application.php(1235): Illuminate/Foundation/Console/Kernel->handle(Object(Symfony/Component/Console/Input/ArgvInput), Object(Symfony/Component/Console/Output/ConsoleOutput))
#4 C:/laragon/www/sportmate_pemwebII-main/sportmate/artisan(14): Illuminate/Foundation/Application->handleCommand(Object(Symfony/Component/Console/Input/ArgvInput))
#5 {main}
"} 
[2026-07-10 02:52:01] local.ERROR: Scheduled command ["C:\laragon\bin\php\php-8.4.19-Win32-vs17-x64\php.exe" "artisan" event:update-status] failed with exit code [1]. {"exception":"[object] (Exception(code: 0): Scheduled command [\"C:\\laragon\\bin\\php\\php-8.4.19-Win32-vs17-x64\\php.exe\" \"artisan\" event:update-status] failed with exit code [1]. at C:/laragon/www/sportmate_pemwebII-main/sportmate/vendor/laravel/framework/src/Illuminate/Console/Scheduling/ScheduleRunCommand.php:207)
[stacktrace]
#0 C:/laragon/www/sportmate_pemwebII-main/sportmate/vendor/laravel/framework/src/Illuminate/Console/View/Components/Task.php(41): Illuminate/Console/Scheduling/ScheduleRunCommand->{closure:Illuminate/Console/Scheduling/ScheduleRunCommand::runEvent():191}()
#1 C:/laragon/www/sportmate_pemwebII-main/sportmate/vendor/laravel/framework/src/Illuminate/Console/View/Components/Factory.php(59): Illuminate/Console/View/Components/Task->render('<fg=gray>2026-0...', Object(Closure))
#2 C:/laragon/www/sportmate_pemwebII-main/sportmate/vendor/laravel/framework/src/Illuminate/Console/Scheduling/ScheduleRunCommand.php(191): Illuminate/Console/View/Components/Factory->__call('task', Array)
#3 C:/laragon/www/sportmate_pemwebII-main/sportmate/vendor/laravel/framework/src/Illuminate/Console/Scheduling/ScheduleRunCommand.php(134): Illuminate/Console/Scheduling/ScheduleRunCommand->runEvent(Object(Illuminate/Console/Scheduling/Event))
#4 C:/laragon/www/sportmate_pemwebII-main/sportmate/vendor/laravel/framework/src/Illuminate/Container/BoundMethod.php(36): Illuminate/Console/Scheduling/ScheduleRunCommand->handle(Object(Illuminate/Console/Scheduling/Schedule), Object(Illuminate/Events/Dispatcher), Object(Illuminate/Cache/Repository), Object(NunoMaduro/Collision/Adapters/Laravel/ExceptionHandler))
#5 C:/laragon/www/sportmate_pemwebII-main/sportmate/vendor/laravel/framework/src/Illuminate/Container/Util.php(43): Illuminate/Container/BoundMethod::{closure:Illuminate/Container/BoundMethod::call():35}()
#6 C:/laragon/www/sportmate_pemwebII-main/sportmate/vendor/laravel/framework/src/Illuminate/Container/BoundMethod.php(96): Illuminate/Container/Util::unwrapIfClosure(Object(Closure))
#7 C:/laragon/www/sportmate_pemwebII-main/sportmate/vendor/laravel/framework/src/Illuminate/Container/BoundMethod.php(35): Illuminate/Container/BoundMethod::callBoundMethod(Object(Illuminate/Foundation/Application), Array, Object(Closure))
#8 C:/laragon/www/sportmate_pemwebII-main/sportmate/vendor/laravel/framework/src/Illuminate/Container/Container.php(799): Illuminate/Container/BoundMethod::call(Object(Illuminate/Foundation/Application), Array, Array, NULL)
#9 C:/laragon/www/sportmate_pemwebII-main/sportmate/vendor/laravel/framework/src/Illuminate/Console/Command.php(211): Illuminate/Container/Container->call(Array)
#10 C:/laragon/www/sportmate_pemwebII-main/sportmate/vendor/symfony/console/Command/Command.php(341): Illuminate/Console/Command->execute(Object(Symfony/Component/Console/Input/ArgvInput), Object(Illuminate/Console/OutputStyle))
#11 C:/laragon/www/sportmate_pemwebII-main/sportmate/vendor/laravel/framework/src/Illuminate/Console/Command.php(180): Symfony/Component/Console/Command/Command->run(Object(Symfony/Component/Console/Input/ArgvInput), Object(Illuminate/Console/OutputStyle))
#12 C:/laragon/www/sportmate_pemwebII-main/sportmate/vendor/symfony/console/Application.php(1117): Illuminate/Console/Command->run(Object(Symfony/Component/Console/Input/ArgvInput), Object(Symfony/Component/Console/Output/ConsoleOutput))
#13 C:/laragon/www/sportmate_pemwebII-main/sportmate/vendor/symfony/console/Application.php(356): Symfony/Component/Console/Application->doRunCommand(Object(Illuminate/Console/Scheduling/ScheduleRunCommand), Object(Symfony/Component/Console/Input/ArgvInput), Object(Symfony/Component/Console/Output/ConsoleOutput))
#14 C:/laragon/www/sportmate_pemwebII-main/sportmate/vendor/symfony/console/Application.php(195): Symfony/Component/Console/Application->doRun(Object(Symfony/Component/Console/Input/ArgvInput), Object(Symfony/Component/Console/Output/ConsoleOutput))
#15 C:/laragon/www/sportmate_pemwebII-main/sportmate/vendor/laravel/framework/src/Illuminate/Foundation/Console/Kernel.php(198): Symfony/Component/Console/Application->run(Object(Symfony/Component/Console/Input/ArgvInput), Object(Symfony/Component/Console/Output/ConsoleOutput))
#16 C:/laragon/www/sportmate_pemwebII-main/sportmate/vendor/laravel/framework/src/Illuminate/Foundation/Application.php(1235): Illuminate/Foundation/Console/Kernel->handle(Object(Symfony/Component/Console/Input/ArgvInput), Object(Symfony/Component/Console/Output/ConsoleOutput))
#17 C:/laragon/www/sportmate_pemwebII-main/sportmate/artisan(14): Illuminate/Foundation/Application->handleCommand(Object(Symfony/Component/Console/Input/ArgvInput))
#18 {main}
"} 
[2026-07-10 02:53:01] local.ERROR: Command "event:update-status" is not defined.

Did you mean one of these?
    event:cache
    event:clear
    event:list {"exception":"[object] (Symfony\\Component\\Console\\Exception\\CommandNotFoundException(code: 0): Command \"event:update-status\" is not defined.

Did you mean one of these?
    event:cache
    event:clear
    event:list at C:/laragon/www/sportmate_pemwebII-main/sportmate/vendor/symfony/console/Application.php:759)
[stacktrace]
#0 C:/laragon/www/sportmate_pemwebII-main/sportmate/vendor/symfony/console/Application.php(298): Symfony/Component/Console/Application->find('event:update-st...')
#1 C:/laragon/www/sportmate_pemwebII-main/sportmate/vendor/symfony/console/Application.php(195): Symfony/Component/Console/Application->doRun(Object(Symfony/Component/Console/Input/ArgvInput), Object(Symfony/Component/Console/Output/ConsoleOutput))
#2 C:/laragon/www/sportmate_pemwebII-main/sportmate/vendor/laravel/framework/src/Illuminate/Foundation/Console/Kernel.php(198): Symfony/Component/Console/Application->run(Object(Symfony/Component/Console/Input/ArgvInput), Object(Symfony/Component/Console/Output/ConsoleOutput))
#3 C:/laragon/www/sportmate_pemwebII-main/sportmate/vendor/laravel/framework/src/Illuminate/Foundation/Application.php(1235): Illuminate/Foundation/Console/Kernel->handle(Object(Symfony/Component/Console/Input/ArgvInput), Object(Symfony/Component/Console/Output/ConsoleOutput))
#4 C:/laragon/www/sportmate_pemwebII-main/sportmate/artisan(14): Illuminate/Foundation/Application->handleCommand(Object(Symfony/Component/Console/Input/ArgvInput))
#5 {main}
"} 
[2026-07-10 02:53:01] local.ERROR: Scheduled command ["C:\laragon\bin\php\php-8.4.19-Win32-vs17-x64\php.exe" "artisan" event:update-status] failed with exit code [1]. {"exception":"[object] (Exception(code: 0): Scheduled command [\"C:\\laragon\\bin\\php\\php-8.4.19-Win32-vs17-x64\\php.exe\" \"artisan\" event:update-status] failed with exit code [1]. at C:/laragon/www/sportmate_pemwebII-main/sportmate/vendor/laravel/framework/src/Illuminate/Console/Scheduling/ScheduleRunCommand.php:207)
[stacktrace]
#0 C:/laragon/www/sportmate_pemwebII-main/sportmate/vendor/laravel/framework/src/Illuminate/Console/View/Components/Task.php(41): Illuminate/Console/Scheduling/ScheduleRunCommand->{closure:Illuminate/Console/Scheduling/ScheduleRunCommand::runEvent():191}()
#1 C:/laragon/www/sportmate_pemwebII-main/sportmate/vendor/laravel/framework/src/Illuminate/Console/View/Components/Factory.php(59): Illuminate/Console/View/Components/Task->render('<fg=gray>2026-0...', Object(Closure))
#2 C:/laragon/www/sportmate_pemwebII-main/sportmate/vendor/laravel/framework/src/Illuminate/Console/Scheduling/ScheduleRunCommand.php(191): Illuminate/Console/View/Components/Factory->__call('task', Array)
#3 C:/laragon/www/sportmate_pemwebII-main/sportmate/vendor/laravel/framework/src/Illuminate/Console/Scheduling/ScheduleRunCommand.php(134): Illuminate/Console/Scheduling/ScheduleRunCommand->runEvent(Object(Illuminate/Console/Scheduling/Event))
#4 C:/laragon/www/sportmate_pemwebII-main/sportmate/vendor/laravel/framework/src/Illuminate/Container/BoundMethod.php(36): Illuminate/Console/Scheduling/ScheduleRunCommand->handle(Object(Illuminate/Console/Scheduling/Schedule), Object(Illuminate/Events/Dispatcher), Object(Illuminate/Cache/Repository), Object(NunoMaduro/Collision/Adapters/Laravel/ExceptionHandler))
#5 C:/laragon/www/sportmate_pemwebII-main/sportmate/vendor/laravel/framework/src/Illuminate/Container/Util.php(43): Illuminate/Container/BoundMethod::{closure:Illuminate/Container/BoundMethod::call():35}()
#6 C:/laragon/www/sportmate_pemwebII-main/sportmate/vendor/laravel/framework/src/Illuminate/Container/BoundMethod.php(96): Illuminate/Container/Util::unwrapIfClosure(Object(Closure))
#7 C:/laragon/www/sportmate_pemwebII-main/sportmate/vendor/laravel/framework/src/Illuminate/Container/BoundMethod.php(35): Illuminate/Container/BoundMethod::callBoundMethod(Object(Illuminate/Foundation/Application), Array, Object(Closure))
#8 C:/laragon/www/sportmate_pemwebII-main/sportmate/vendor/laravel/framework/src/Illuminate/Container/Container.php(799): Illuminate/Container/BoundMethod::call(Object(Illuminate/Foundation/Application), Array, Array, NULL)
#9 C:/laragon/www/sportmate_pemwebII-main/sportmate/vendor/laravel/framework/src/Illuminate/Console/Command.php(211): Illuminate/Container/Container->call(Array)
#10 C:/laragon/www/sportmate_pemwebII-main/sportmate/vendor/symfony/console/Command/Command.php(341): Illuminate/Console/Command->execute(Object(Symfony/Component/Console/Input/ArgvInput), Object(Illuminate/Console/OutputStyle))
#11 C:/laragon/www/sportmate_pemwebII-main/sportmate/vendor/laravel/framework/src/Illuminate/Console/Command.php(180): Symfony/Component/Console/Command/Command->run(Object(Symfony/Component/Console/Input/ArgvInput), Object(Illuminate/Console/OutputStyle))
#12 C:/laragon/www/sportmate_pemwebII-main/sportmate/vendor/symfony/console/Application.php(1117): Illuminate/Console/Command->run(Object(Symfony/Component/Console/Input/ArgvInput), Object(Symfony/Component/Console/Output/ConsoleOutput))
#13 C:/laragon/www/sportmate_pemwebII-main/sportmate/vendor/symfony/console/Application.php(356): Symfony/Component/Console/Application->doRunCommand(Object(Illuminate/Console/Scheduling/ScheduleRunCommand), Object(Symfony/Component/Console/Input/ArgvInput), Object(Symfony/Component/Console/Output/ConsoleOutput))
#14 C:/laragon/www/sportmate_pemwebII-main/sportmate/vendor/symfony/console/Application.php(195): Symfony/Component/Console/Application->doRun(Object(Symfony/Component/Console/Input/ArgvInput), Object(Symfony/Component/Console/Output/ConsoleOutput))
#15 C:/laragon/www/sportmate_pemwebII-main/sportmate/vendor/laravel/framework/src/Illuminate/Foundation/Console/Kernel.php(198): Symfony/Component/Console/Application->run(Object(Symfony/Component/Console/Input/ArgvInput), Object(Symfony/Component/Console/Output/ConsoleOutput))
#16 C:/laragon/www/sportmate_pemwebII-main/sportmate/vendor/laravel/framework/src/Illuminate/Foundation/Application.php(1235): Illuminate/Foundation/Console/Kernel->handle(Object(Symfony/Component/Console/Input/ArgvInput), Object(Symfony/Component/Console/Output/ConsoleOutput))
#17 C:/laragon/www/sportmate_pemwebII-main/sportmate/artisan(14): Illuminate/Foundation/Application->handleCommand(Object(Symfony/Component/Console/Input/ArgvInput))
#18 {main}
"} 
[2026-07-10 02:54:01] local.ERROR: Command "event:update-status" is not defined.

Did you mean one of these?
    event:cache
    event:clear
    event:list {"exception":"[object] (Symfony\\Component\\Console\\Exception\\CommandNotFoundException(code: 0): Command \"event:update-status\" is not defined.

Did you mean one of these?
    event:cache
    event:clear
    event:list at C:/laragon/www/sportmate_pemwebII-main/sportmate/vendor/symfony/console/Application.php:759)
[stacktrace]
#0 C:/laragon/www/sportmate_pemwebII-main/sportmate/vendor/symfony/console/Application.php(298): Symfony/Component/Console/Application->find('event:update-st...')
#1 C:/laragon/www/sportmate_pemwebII-main/sportmate/vendor/symfony/console/Application.php(195): Symfony/Component/Console/Application->doRun(Object(Symfony/Component/Console/Input/ArgvInput), Object(Symfony/Component/Console/Output/ConsoleOutput))
#2 C:/laragon/www/sportmate_pemwebII-main/sportmate/vendor/laravel/framework/src/Illuminate/Foundation/Console/Kernel.php(198): Symfony/Component/Console/Application->run(Object(Symfony/Component/Console/Input/ArgvInput), Object(Symfony/Component/Console/Output/ConsoleOutput))
#3 C:/laragon/www/sportmate_pemwebII-main/sportmate/vendor/laravel/framework/src/Illuminate/Foundation/Application.php(1235): Illuminate/Foundation/Console/Kernel->handle(Object(Symfony/Component/Console/Input/ArgvInput), Object(Symfony/Component/Console/Output/ConsoleOutput))
#4 C:/laragon/www/sportmate_pemwebII-main/sportmate/artisan(14): Illuminate/Foundation/Application->handleCommand(Object(Symfony/Component/Console/Input/ArgvInput))
#5 {main}
"} 
[2026-07-10 02:54:01] local.ERROR: Scheduled command ["C:\laragon\bin\php\php-8.4.19-Win32-vs17-x64\php.exe" "artisan" event:update-status] failed with exit code [1]. {"exception":"[object] (Exception(code: 0): Scheduled command [\"C:\\laragon\\bin\\php\\php-8.4.19-Win32-vs17-x64\\php.exe\" \"artisan\" event:update-status] failed with exit code [1]. at C:/laragon/www/sportmate_pemwebII-main/sportmate/vendor/laravel/framework/src/Illuminate/Console/Scheduling/ScheduleRunCommand.php:207)
[stacktrace]
#0 C:/laragon/www/sportmate_pemwebII-main/sportmate/vendor/laravel/framework/src/Illuminate/Console/View/Components/Task.php(41): Illuminate/Console/Scheduling/ScheduleRunCommand->{closure:Illuminate/Console/Scheduling/ScheduleRunCommand::runEvent():191}()
#1 C:/laragon/www/sportmate_pemwebII-main/sportmate/vendor/laravel/framework/src/Illuminate/Console/View/Components/Factory.php(59): Illuminate/Console/View/Components/Task->render('<fg=gray>2026-0...', Object(Closure))
#2 C:/laragon/www/sportmate_pemwebII-main/sportmate/vendor/laravel/framework/src/Illuminate/Console/Scheduling/ScheduleRunCommand.php(191): Illuminate/Console/View/Components/Factory->__call('task', Array)
#3 C:/laragon/www/sportmate_pemwebII-main/sportmate/vendor/laravel/framework/src/Illuminate/Console/Scheduling/ScheduleRunCommand.php(134): Illuminate/Console/Scheduling/ScheduleRunCommand->runEvent(Object(Illuminate/Console/Scheduling/Event))
#4 C:/laragon/www/sportmate_pemwebII-main/sportmate/vendor/laravel/framework/src/Illuminate/Container/BoundMethod.php(36): Illuminate/Console/Scheduling/ScheduleRunCommand->handle(Object(Illuminate/Console/Scheduling/Schedule), Object(Illuminate/Events/Dispatcher), Object(Illuminate/Cache/Repository), Object(NunoMaduro/Collision/Adapters/Laravel/ExceptionHandler))
#5 C:/laragon/www/sportmate_pemwebII-main/sportmate/vendor/laravel/framework/src/Illuminate/Container/Util.php(43): Illuminate/Container/BoundMethod::{closure:Illuminate/Container/BoundMethod::call():35}()
#6 C:/laragon/www/sportmate_pemwebII-main/sportmate/vendor/laravel/framework/src/Illuminate/Container/BoundMethod.php(96): Illuminate/Container/Util::unwrapIfClosure(Object(Closure))
#7 C:/laragon/www/sportmate_pemwebII-main/sportmate/vendor/laravel/framework/src/Illuminate/Container/BoundMethod.php(35): Illuminate/Container/BoundMethod::callBoundMethod(Object(Illuminate/Foundation/Application), Array, Object(Closure))
#8 C:/laragon/www/sportmate_pemwebII-main/sportmate/vendor/laravel/framework/src/Illuminate/Container/Container.php(799): Illuminate/Container/BoundMethod::call(Object(Illuminate/Foundation/Application), Array, Array, NULL)
#9 C:/laragon/www/sportmate_pemwebII-main/sportmate/vendor/laravel/framework/src/Illuminate/Console/Command.php(211): Illuminate/Container/Container->call(Array)
#10 C:/laragon/www/sportmate_pemwebII-main/sportmate/vendor/symfony/console/Command/Command.php(341): Illuminate/Console/Command->execute(Object(Symfony/Component/Console/Input/ArgvInput), Object(Illuminate/Console/OutputStyle))
#11 C:/laragon/www/sportmate_pemwebII-main/sportmate/vendor/laravel/framework/src/Illuminate/Console/Command.php(180): Symfony/Component/Console/Command/Command->run(Object(Symfony/Component/Console/Input/ArgvInput), Object(Illuminate/Console/OutputStyle))
#12 C:/laragon/www/sportmate_pemwebII-main/sportmate/vendor/symfony/console/Application.php(1117): Illuminate/Console/Command->run(Object(Symfony/Component/Console/Input/ArgvInput), Object(Symfony/Component/Console/Output/ConsoleOutput))
#13 C:/laragon/www/sportmate_pemwebII-main/sportmate/vendor/symfony/console/Application.php(356): Symfony/Component/Console/Application->doRunCommand(Object(Illuminate/Console/Scheduling/ScheduleRunCommand), Object(Symfony/Component/Console/Input/ArgvInput), Object(Symfony/Component/Console/Output/ConsoleOutput))
#14 C:/laragon/www/sportmate_pemwebII-main/sportmate/vendor/symfony/console/Application.php(195): Symfony/Component/Console/Application->doRun(Object(Symfony/Component/Console/Input/ArgvInput), Object(Symfony/Component/Console/Output/ConsoleOutput))
#15 C:/laragon/www/sportmate_pemwebII-main/sportmate/vendor/laravel/framework/src/Illuminate/Foundation/Console/Kernel.php(198): Symfony/Component/Console/Application->run(Object(Symfony/Component/Console/Input/ArgvInput), Object(Symfony/Component/Console/Output/ConsoleOutput))
#16 C:/laragon/www/sportmate_pemwebII-main/sportmate/vendor/laravel/framework/src/Illuminate/Foundation/Application.php(1235): Illuminate/Foundation/Console/Kernel->handle(Object(Symfony/Component/Console/Input/ArgvInput), Object(Symfony/Component/Console/Output/ConsoleOutput))
#17 C:/laragon/www/sportmate_pemwebII-main/sportmate/artisan(14): Illuminate/Foundation/Application->handleCommand(Object(Symfony/Component/Console/Input/ArgvInput))
#18 {main}
"} 
[2026-07-10 02:55:01] local.ERROR: Command "event:update-status" is not defined.

Did you mean one of these?
    event:cache
    event:clear
    event:list {"exception":"[object] (Symfony\\Component\\Console\\Exception\\CommandNotFoundException(code: 0): Command \"event:update-status\" is not defined.

Did you mean one of these?
    event:cache
    event:clear
    event:list at C:/laragon/www/sportmate_pemwebII-main/sportmate/vendor/symfony/console/Application.php:759)
[stacktrace]
#0 C:/laragon/www/sportmate_pemwebII-main/sportmate/vendor/symfony/console/Application.php(298): Symfony/Component/Console/Application->find('event:update-st...')
#1 C:/laragon/www/sportmate_pemwebII-main/sportmate/vendor/symfony/console/Application.php(195): Symfony/Component/Console/Application->doRun(Object(Symfony/Component/Console/Input/ArgvInput), Object(Symfony/Component/Console/Output/ConsoleOutput))
#2 C:/laragon/www/sportmate_pemwebII-main/sportmate/vendor/laravel/framework/src/Illuminate/Foundation/Console/Kernel.php(198): Symfony/Component/Console/Application->run(Object(Symfony/Component/Console/Input/ArgvInput), Object(Symfony/Component/Console/Output/ConsoleOutput))
#3 C:/laragon/www/sportmate_pemwebII-main/sportmate/vendor/laravel/framework/src/Illuminate/Foundation/Application.php(1235): Illuminate/Foundation/Console/Kernel->handle(Object(Symfony/Component/Console/Input/ArgvInput), Object(Symfony/Component/Console/Output/ConsoleOutput))
#4 C:/laragon/www/sportmate_pemwebII-main/sportmate/artisan(14): Illuminate/Foundation/Application->handleCommand(Object(Symfony/Component/Console/Input/ArgvInput))
#5 {main}
"} 
[2026-07-10 02:55:01] local.ERROR: Scheduled command ["C:\laragon\bin\php\php-8.4.19-Win32-vs17-x64\php.exe" "artisan" event:update-status] failed with exit code [1]. {"exception":"[object] (Exception(code: 0): Scheduled command [\"C:\\laragon\\bin\\php\\php-8.4.19-Win32-vs17-x64\\php.exe\" \"artisan\" event:update-status] failed with exit code [1]. at C:/laragon/www/sportmate_pemwebII-main/sportmate/vendor/laravel/framework/src/Illuminate/Console/Scheduling/ScheduleRunCommand.php:207)
[stacktrace]
#0 C:/laragon/www/sportmate_pemwebII-main/sportmate/vendor/laravel/framework/src/Illuminate/Console/View/Components/Task.php(41): Illuminate/Console/Scheduling/ScheduleRunCommand->{closure:Illuminate/Console/Scheduling/ScheduleRunCommand::runEvent():191}()
#1 C:/laragon/www/sportmate_pemwebII-main/sportmate/vendor/laravel/framework/src/Illuminate/Console/View/Components/Factory.php(59): Illuminate/Console/View/Components/Task->render('<fg=gray>2026-0...', Object(Closure))
#2 C:/laragon/www/sportmate_pemwebII-main/sportmate/vendor/laravel/framework/src/Illuminate/Console/Scheduling/ScheduleRunCommand.php(191): Illuminate/Console/View/Components/Factory->__call('task', Array)
#3 C:/laragon/www/sportmate_pemwebII-main/sportmate/vendor/laravel/framework/src/Illuminate/Console/Scheduling/ScheduleRunCommand.php(134): Illuminate/Console/Scheduling/ScheduleRunCommand->runEvent(Object(Illuminate/Console/Scheduling/Event))
#4 C:/laragon/www/sportmate_pemwebII-main/sportmate/vendor/laravel/framework/src/Illuminate/Container/BoundMethod.php(36): Illuminate/Console/Scheduling/ScheduleRunCommand->handle(Object(Illuminate/Console/Scheduling/Schedule), Object(Illuminate/Events/Dispatcher), Object(Illuminate/Cache/Repository), Object(NunoMaduro/Collision/Adapters/Laravel/ExceptionHandler))
#5 C:/laragon/www/sportmate_pemwebII-main/sportmate/vendor/laravel/framework/src/Illuminate/Container/Util.php(43): Illuminate/Container/BoundMethod::{closure:Illuminate/Container/BoundMethod::call():35}()
#6 C:/laragon/www/sportmate_pemwebII-main/sportmate/vendor/laravel/framework/src/Illuminate/Container/BoundMethod.php(96): Illuminate/Container/Util::unwrapIfClosure(Object(Closure))
#7 C:/laragon/www/sportmate_pemwebII-main/sportmate/vendor/laravel/framework/src/Illuminate/Container/BoundMethod.php(35): Illuminate/Container/BoundMethod::callBoundMethod(Object(Illuminate/Foundation/Application), Array, Object(Closure))
#8 C:/laragon/www/sportmate_pemwebII-main/sportmate/vendor/laravel/framework/src/Illuminate/Container/Container.php(799): Illuminate/Container/BoundMethod::call(Object(Illuminate/Foundation/Application), Array, Array, NULL)
#9 C:/laragon/www/sportmate_pemwebII-main/sportmate/vendor/laravel/framework/src/Illuminate/Console/Command.php(211): Illuminate/Container/Container->call(Array)
#10 C:/laragon/www/sportmate_pemwebII-main/sportmate/vendor/symfony/console/Command/Command.php(341): Illuminate/Console/Command->execute(Object(Symfony/Component/Console/Input/ArgvInput), Object(Illuminate/Console/OutputStyle))
#11 C:/laragon/www/sportmate_pemwebII-main/sportmate/vendor/laravel/framework/src/Illuminate/Console/Command.php(180): Symfony/Component/Console/Command/Command->run(Object(Symfony/Component/Console/Input/ArgvInput), Object(Illuminate/Console/OutputStyle))
#12 C:/laragon/www/sportmate_pemwebII-main/sportmate/vendor/symfony/console/Application.php(1117): Illuminate/Console/Command->run(Object(Symfony/Component/Console/Input/ArgvInput), Object(Symfony/Component/Console/Output/ConsoleOutput))
#13 C:/laragon/www/sportmate_pemwebII-main/sportmate/vendor/symfony/console/Application.php(356): Symfony/Component/Console/Application->doRunCommand(Object(Illuminate/Console/Scheduling/ScheduleRunCommand), Object(Symfony/Component/Console/Input/ArgvInput), Object(Symfony/Component/Console/Output/ConsoleOutput))
#14 C:/laragon/www/sportmate_pemwebII-main/sportmate/vendor/symfony/console/Application.php(195): Symfony/Component/Console/Application->doRun(Object(Symfony/Component/Console/Input/ArgvInput), Object(Symfony/Component/Console/Output/ConsoleOutput))
#15 C:/laragon/www/sportmate_pemwebII-main/sportmate/vendor/laravel/framework/src/Illuminate/Foundation/Console/Kernel.php(198): Symfony/Component/Console/Application->run(Object(Symfony/Component/Console/Input/ArgvInput), Object(Symfony/Component/Console/Output/ConsoleOutput))
#16 C:/laragon/www/sportmate_pemwebII-main/sportmate/vendor/laravel/framework/src/Illuminate/Foundation/Application.php(1235): Illuminate/Foundation/Console/Kernel->handle(Object(Symfony/Component/Console/Input/ArgvInput), Object(Symfony/Component/Console/Output/ConsoleOutput))
#17 C:/laragon/www/sportmate_pemwebII-main/sportmate/artisan(14): Illuminate/Foundation/Application->handleCommand(Object(Symfony/Component/Console/Input/ArgvInput))
#18 {main}
"} 
[2026-07-10 02:56:01] local.ERROR: Command "event:update-status" is not defined.

Did you mean one of these?
    event:cache
    event:clear
    event:list {"exception":"[object] (Symfony\\Component\\Console\\Exception\\CommandNotFoundException(code: 0): Command \"event:update-status\" is not defined.

Did you mean one of these?
    event:cache
    event:clear
    event:list at C:/laragon/www/sportmate_pemwebII-main/sportmate/vendor/symfony/console/Application.php:759)
[stacktrace]
#0 C:/laragon/www/sportmate_pemwebII-main/sportmate/vendor/symfony/console/Application.php(298): Symfony/Component/Console/Application->find('event:update-st...')
#1 C:/laragon/www/sportmate_pemwebII-main/sportmate/vendor/symfony/console/Application.php(195): Symfony/Component/Console/Application->doRun(Object(Symfony/Component/Console/Input/ArgvInput), Object(Symfony/Component/Console/Output/ConsoleOutput))
#2 C:/laragon/www/sportmate_pemwebII-main/sportmate/vendor/laravel/framework/src/Illuminate/Foundation/Console/Kernel.php(198): Symfony/Component/Console/Application->run(Object(Symfony/Component/Console/Input/ArgvInput), Object(Symfony/Component/Console/Output/ConsoleOutput))
#3 C:/laragon/www/sportmate_pemwebII-main/sportmate/vendor/laravel/framework/src/Illuminate/Foundation/Application.php(1235): Illuminate/Foundation/Console/Kernel->handle(Object(Symfony/Component/Console/Input/ArgvInput), Object(Symfony/Component/Console/Output/ConsoleOutput))
#4 C:/laragon/www/sportmate_pemwebII-main/sportmate/artisan(14): Illuminate/Foundation/Application->handleCommand(Object(Symfony/Component/Console/Input/ArgvInput))
#5 {main}
"} 
[2026-07-10 02:56:01] local.ERROR: Scheduled command ["C:\laragon\bin\php\php-8.4.19-Win32-vs17-x64\php.exe" "artisan" event:update-status] failed with exit code [1]. {"exception":"[object] (Exception(code: 0): Scheduled command [\"C:\\laragon\\bin\\php\\php-8.4.19-Win32-vs17-x64\\php.exe\" \"artisan\" event:update-status] failed with exit code [1]. at C:/laragon/www/sportmate_pemwebII-main/sportmate/vendor/laravel/framework/src/Illuminate/Console/Scheduling/ScheduleRunCommand.php:207)
[stacktrace]
#0 C:/laragon/www/sportmate_pemwebII-main/sportmate/vendor/laravel/framework/src/Illuminate/Console/View/Components/Task.php(41): Illuminate/Console/Scheduling/ScheduleRunCommand->{closure:Illuminate/Console/Scheduling/ScheduleRunCommand::runEvent():191}()
#1 C:/laragon/www/sportmate_pemwebII-main/sportmate/vendor/laravel/framework/src/Illuminate/Console/View/Components/Factory.php(59): Illuminate/Console/View/Components/Task->render('<fg=gray>2026-0...', Object(Closure))
#2 C:/laragon/www/sportmate_pemwebII-main/sportmate/vendor/laravel/framework/src/Illuminate/Console/Scheduling/ScheduleRunCommand.php(191): Illuminate/Console/View/Components/Factory->__call('task', Array)
#3 C:/laragon/www/sportmate_pemwebII-main/sportmate/vendor/laravel/framework/src/Illuminate/Console/Scheduling/ScheduleRunCommand.php(134): Illuminate/Console/Scheduling/ScheduleRunCommand->runEvent(Object(Illuminate/Console/Scheduling/Event))
#4 C:/laragon/www/sportmate_pemwebII-main/sportmate/vendor/laravel/framework/src/Illuminate/Container/BoundMethod.php(36): Illuminate/Console/Scheduling/ScheduleRunCommand->handle(Object(Illuminate/Console/Scheduling/Schedule), Object(Illuminate/Events/Dispatcher), Object(Illuminate/Cache/Repository), Object(NunoMaduro/Collision/Adapters/Laravel/ExceptionHandler))
#5 C:/laragon/www/sportmate_pemwebII-main/sportmate/vendor/laravel/framework/src/Illuminate/Container/Util.php(43): Illuminate/Container/BoundMethod::{closure:Illuminate/Container/BoundMethod::call():35}()
#6 C:/laragon/www/sportmate_pemwebII-main/sportmate/vendor/laravel/framework/src/Illuminate/Container/BoundMethod.php(96): Illuminate/Container/Util::unwrapIfClosure(Object(Closure))
#7 C:/laragon/www/sportmate_pemwebII-main/sportmate/vendor/laravel/framework/src/Illuminate/Container/BoundMethod.php(35): Illuminate/Container/BoundMethod::callBoundMethod(Object(Illuminate/Foundation/Application), Array, Object(Closure))
#8 C:/laragon/www/sportmate_pemwebII-main/sportmate/vendor/laravel/framework/src/Illuminate/Container/Container.php(799): Illuminate/Container/BoundMethod::call(Object(Illuminate/Foundation/Application), Array, Array, NULL)
#9 C:/laragon/www/sportmate_pemwebII-main/sportmate/vendor/laravel/framework/src/Illuminate/Console/Command.php(211): Illuminate/Container/Container->call(Array)
#10 C:/laragon/www/sportmate_pemwebII-main/sportmate/vendor/symfony/console/Command/Command.php(341): Illuminate/Console/Command->execute(Object(Symfony/Component/Console/Input/ArgvInput), Object(Illuminate/Console/OutputStyle))
#11 C:/laragon/www/sportmate_pemwebII-main/sportmate/vendor/laravel/framework/src/Illuminate/Console/Command.php(180): Symfony/Component/Console/Command/Command->run(Object(Symfony/Component/Console/Input/ArgvInput), Object(Illuminate/Console/OutputStyle))
#12 C:/laragon/www/sportmate_pemwebII-main/sportmate/vendor/symfony/console/Application.php(1117): Illuminate/Console/Command->run(Object(Symfony/Component/Console/Input/ArgvInput), Object(Symfony/Component/Console/Output/ConsoleOutput))
#13 C:/laragon/www/sportmate_pemwebII-main/sportmate/vendor/symfony/console/Application.php(356): Symfony/Component/Console/Application->doRunCommand(Object(Illuminate/Console/Scheduling/ScheduleRunCommand), Object(Symfony/Component/Console/Input/ArgvInput), Object(Symfony/Component/Console/Output/ConsoleOutput))
#14 C:/laragon/www/sportmate_pemwebII-main/sportmate/vendor/symfony/console/Application.php(195): Symfony/Component/Console/Application->doRun(Object(Symfony/Component/Console/Input/ArgvInput), Object(Symfony/Component/Console/Output/ConsoleOutput))
#15 C:/laragon/www/sportmate_pemwebII-main/sportmate/vendor/laravel/framework/src/Illuminate/Foundation/Console/Kernel.php(198): Symfony/Component/Console/Application->run(Object(Symfony/Component/Console/Input/ArgvInput), Object(Symfony/Component/Console/Output/ConsoleOutput))
#16 C:/laragon/www/sportmate_pemwebII-main/sportmate/vendor/laravel/framework/src/Illuminate/Foundation/Application.php(1235): Illuminate/Foundation/Console/Kernel->handle(Object(Symfony/Component/Console/Input/ArgvInput), Object(Symfony/Component/Console/Output/ConsoleOutput))
#17 C:/laragon/www/sportmate_pemwebII-main/sportmate/artisan(14): Illuminate/Foundation/Application->handleCommand(Object(Symfony/Component/Console/Input/ArgvInput))
#18 {main}
"} 
[2026-07-10 02:57:01] local.ERROR: Command "event:update-status" is not defined.

Did you mean one of these?
    event:cache
    event:clear
    event:list {"exception":"[object] (Symfony\\Component\\Console\\Exception\\CommandNotFoundException(code: 0): Command \"event:update-status\" is not defined.

Did you mean one of these?
    event:cache
    event:clear
    event:list at C:/laragon/www/sportmate_pemwebII-main/sportmate/vendor/symfony/console/Application.php:759)
[stacktrace]
#0 C:/laragon/www/sportmate_pemwebII-main/sportmate/vendor/symfony/console/Application.php(298): Symfony/Component/Console/Application->find('event:update-st...')
#1 C:/laragon/www/sportmate_pemwebII-main/sportmate/vendor/symfony/console/Application.php(195): Symfony/Component/Console/Application->doRun(Object(Symfony/Component/Console/Input/ArgvInput), Object(Symfony/Component/Console/Output/ConsoleOutput))
#2 C:/laragon/www/sportmate_pemwebII-main/sportmate/vendor/laravel/framework/src/Illuminate/Foundation/Console/Kernel.php(198): Symfony/Component/Console/Application->run(Object(Symfony/Component/Console/Input/ArgvInput), Object(Symfony/Component/Console/Output/ConsoleOutput))
#3 C:/laragon/www/sportmate_pemwebII-main/sportmate/vendor/laravel/framework/src/Illuminate/Foundation/Application.php(1235): Illuminate/Foundation/Console/Kernel->handle(Object(Symfony/Component/Console/Input/ArgvInput), Object(Symfony/Component/Console/Output/ConsoleOutput))
#4 C:/laragon/www/sportmate_pemwebII-main/sportmate/artisan(14): Illuminate/Foundation/Application->handleCommand(Object(Symfony/Component/Console/Input/ArgvInput))
#5 {main}
"} 
[2026-07-10 02:57:01] local.ERROR: Scheduled command ["C:\laragon\bin\php\php-8.4.19-Win32-vs17-x64\php.exe" "artisan" event:update-status] failed with exit code [1]. {"exception":"[object] (Exception(code: 0): Scheduled command [\"C:\\laragon\\bin\\php\\php-8.4.19-Win32-vs17-x64\\php.exe\" \"artisan\" event:update-status] failed with exit code [1]. at C:/laragon/www/sportmate_pemwebII-main/sportmate/vendor/laravel/framework/src/Illuminate/Console/Scheduling/ScheduleRunCommand.php:207)
[stacktrace]
#0 C:/laragon/www/sportmate_pemwebII-main/sportmate/vendor/laravel/framework/src/Illuminate/Console/View/Components/Task.php(41): Illuminate/Console/Scheduling/ScheduleRunCommand->{closure:Illuminate/Console/Scheduling/ScheduleRunCommand::runEvent():191}()
#1 C:/laragon/www/sportmate_pemwebII-main/sportmate/vendor/laravel/framework/src/Illuminate/Console/View/Components/Factory.php(59): Illuminate/Console/View/Components/Task->render('<fg=gray>2026-0...', Object(Closure))
#2 C:/laragon/www/sportmate_pemwebII-main/sportmate/vendor/laravel/framework/src/Illuminate/Console/Scheduling/ScheduleRunCommand.php(191): Illuminate/Console/View/Components/Factory->__call('task', Array)
#3 C:/laragon/www/sportmate_pemwebII-main/sportmate/vendor/laravel/framework/src/Illuminate/Console/Scheduling/ScheduleRunCommand.php(134): Illuminate/Console/Scheduling/ScheduleRunCommand->runEvent(Object(Illuminate/Console/Scheduling/Event))
#4 C:/laragon/www/sportmate_pemwebII-main/sportmate/vendor/laravel/framework/src/Illuminate/Container/BoundMethod.php(36): Illuminate/Console/Scheduling/ScheduleRunCommand->handle(Object(Illuminate/Console/Scheduling/Schedule), Object(Illuminate/Events/Dispatcher), Object(Illuminate/Cache/Repository), Object(NunoMaduro/Collision/Adapters/Laravel/ExceptionHandler))
#5 C:/laragon/www/sportmate_pemwebII-main/sportmate/vendor/laravel/framework/src/Illuminate/Container/Util.php(43): Illuminate/Container/BoundMethod::{closure:Illuminate/Container/BoundMethod::call():35}()
#6 C:/laragon/www/sportmate_pemwebII-main/sportmate/vendor/laravel/framework/src/Illuminate/Container/BoundMethod.php(96): Illuminate/Container/Util::unwrapIfClosure(Object(Closure))
#7 C:/laragon/www/sportmate_pemwebII-main/sportmate/vendor/laravel/framework/src/Illuminate/Container/BoundMethod.php(35): Illuminate/Container/BoundMethod::callBoundMethod(Object(Illuminate/Foundation/Application), Array, Object(Closure))
#8 C:/laragon/www/sportmate_pemwebII-main/sportmate/vendor/laravel/framework/src/Illuminate/Container/Container.php(799): Illuminate/Container/BoundMethod::call(Object(Illuminate/Foundation/Application), Array, Array, NULL)
#9 C:/laragon/www/sportmate_pemwebII-main/sportmate/vendor/laravel/framework/src/Illuminate/Console/Command.php(211): Illuminate/Container/Container->call(Array)
#10 C:/laragon/www/sportmate_pemwebII-main/sportmate/vendor/symfony/console/Command/Command.php(341): Illuminate/Console/Command->execute(Object(Symfony/Component/Console/Input/ArgvInput), Object(Illuminate/Console/OutputStyle))
#11 C:/laragon/www/sportmate_pemwebII-main/sportmate/vendor/laravel/framework/src/Illuminate/Console/Command.php(180): Symfony/Component/Console/Command/Command->run(Object(Symfony/Component/Console/Input/ArgvInput), Object(Illuminate/Console/OutputStyle))
#12 C:/laragon/www/sportmate_pemwebII-main/sportmate/vendor/symfony/console/Application.php(1117): Illuminate/Console/Command->run(Object(Symfony/Component/Console/Input/ArgvInput), Object(Symfony/Component/Console/Output/ConsoleOutput))
#13 C:/laragon/www/sportmate_pemwebII-main/sportmate/vendor/symfony/console/Application.php(356): Symfony/Component/Console/Application->doRunCommand(Object(Illuminate/Console/Scheduling/ScheduleRunCommand), Object(Symfony/Component/Console/Input/ArgvInput), Object(Symfony/Component/Console/Output/ConsoleOutput))
#14 C:/laragon/www/sportmate_pemwebII-main/sportmate/vendor/symfony/console/Application.php(195): Symfony/Component/Console/Application->doRun(Object(Symfony/Component/Console/Input/ArgvInput), Object(Symfony/Component/Console/Output/ConsoleOutput))
#15 C:/laragon/www/sportmate_pemwebII-main/sportmate/vendor/laravel/framework/src/Illuminate/Foundation/Console/Kernel.php(198): Symfony/Component/Console/Application->run(Object(Symfony/Component/Console/Input/ArgvInput), Object(Symfony/Component/Console/Output/ConsoleOutput))
#16 C:/laragon/www/sportmate_pemwebII-main/sportmate/vendor/laravel/framework/src/Illuminate/Foundation/Application.php(1235): Illuminate/Foundation/Console/Kernel->handle(Object(Symfony/Component/Console/Input/ArgvInput), Object(Symfony/Component/Console/Output/ConsoleOutput))
#17 C:/laragon/www/sportmate_pemwebII-main/sportmate/artisan(14): Illuminate/Foundation/Application->handleCommand(Object(Symfony/Component/Console/Input/ArgvInput))
#18 {main}
"} 
[2026-07-10 02:58:01] local.ERROR: Command "event:update-status" is not defined.

Did you mean one of these?
    event:cache
    event:clear
    event:list {"exception":"[object] (Symfony\\Component\\Console\\Exception\\CommandNotFoundException(code: 0): Command \"event:update-status\" is not defined.

Did you mean one of these?
    event:cache
    event:clear
    event:list at C:/laragon/www/sportmate_pemwebII-main/sportmate/vendor/symfony/console/Application.php:759)
[stacktrace]
#0 C:/laragon/www/sportmate_pemwebII-main/sportmate/vendor/symfony/console/Application.php(298): Symfony/Component/Console/Application->find('event:update-st...')
#1 C:/laragon/www/sportmate_pemwebII-main/sportmate/vendor/symfony/console/Application.php(195): Symfony/Component/Console/Application->doRun(Object(Symfony/Component/Console/Input/ArgvInput), Object(Symfony/Component/Console/Output/ConsoleOutput))
#2 C:/laragon/www/sportmate_pemwebII-main/sportmate/vendor/laravel/framework/src/Illuminate/Foundation/Console/Kernel.php(198): Symfony/Component/Console/Application->run(Object(Symfony/Component/Console/Input/ArgvInput), Object(Symfony/Component/Console/Output/ConsoleOutput))
#3 C:/laragon/www/sportmate_pemwebII-main/sportmate/vendor/laravel/framework/src/Illuminate/Foundation/Application.php(1235): Illuminate/Foundation/Console/Kernel->handle(Object(Symfony/Component/Console/Input/ArgvInput), Object(Symfony/Component/Console/Output/ConsoleOutput))
#4 C:/laragon/www/sportmate_pemwebII-main/sportmate/artisan(14): Illuminate/Foundation/Application->handleCommand(Object(Symfony/Component/Console/Input/ArgvInput))
#5 {main}
"} 
[2026-07-10 02:58:01] local.ERROR: Scheduled command ["C:\laragon\bin\php\php-8.4.19-Win32-vs17-x64\php.exe" "artisan" event:update-status] failed with exit code [1]. {"exception":"[object] (Exception(code: 0): Scheduled command [\"C:\\laragon\\bin\\php\\php-8.4.19-Win32-vs17-x64\\php.exe\" \"artisan\" event:update-status] failed with exit code [1]. at C:/laragon/www/sportmate_pemwebII-main/sportmate/vendor/laravel/framework/src/Illuminate/Console/Scheduling/ScheduleRunCommand.php:207)
[stacktrace]
#0 C:/laragon/www/sportmate_pemwebII-main/sportmate/vendor/laravel/framework/src/Illuminate/Console/View/Components/Task.php(41): Illuminate/Console/Scheduling/ScheduleRunCommand->{closure:Illuminate/Console/Scheduling/ScheduleRunCommand::runEvent():191}()
#1 C:/laragon/www/sportmate_pemwebII-main/sportmate/vendor/laravel/framework/src/Illuminate/Console/View/Components/Factory.php(59): Illuminate/Console/View/Components/Task->render('<fg=gray>2026-0...', Object(Closure))
#2 C:/laragon/www/sportmate_pemwebII-main/sportmate/vendor/laravel/framework/src/Illuminate/Console/Scheduling/ScheduleRunCommand.php(191): Illuminate/Console/View/Components/Factory->__call('task', Array)
#3 C:/laragon/www/sportmate_pemwebII-main/sportmate/vendor/laravel/framework/src/Illuminate/Console/Scheduling/ScheduleRunCommand.php(134): Illuminate/Console/Scheduling/ScheduleRunCommand->runEvent(Object(Illuminate/Console/Scheduling/Event))
#4 C:/laragon/www/sportmate_pemwebII-main/sportmate/vendor/laravel/framework/src/Illuminate/Container/BoundMethod.php(36): Illuminate/Console/Scheduling/ScheduleRunCommand->handle(Object(Illuminate/Console/Scheduling/Schedule), Object(Illuminate/Events/Dispatcher), Object(Illuminate/Cache/Repository), Object(NunoMaduro/Collision/Adapters/Laravel/ExceptionHandler))
#5 C:/laragon/www/sportmate_pemwebII-main/sportmate/vendor/laravel/framework/src/Illuminate/Container/Util.php(43): Illuminate/Container/BoundMethod::{closure:Illuminate/Container/BoundMethod::call():35}()
#6 C:/laragon/www/sportmate_pemwebII-main/sportmate/vendor/laravel/framework/src/Illuminate/Container/BoundMethod.php(96): Illuminate/Container/Util::unwrapIfClosure(Object(Closure))
#7 C:/laragon/www/sportmate_pemwebII-main/sportmate/vendor/laravel/framework/src/Illuminate/Container/BoundMethod.php(35): Illuminate/Container/BoundMethod::callBoundMethod(Object(Illuminate/Foundation/Application), Array, Object(Closure))
#8 C:/laragon/www/sportmate_pemwebII-main/sportmate/vendor/laravel/framework/src/Illuminate/Container/Container.php(799): Illuminate/Container/BoundMethod::call(Object(Illuminate/Foundation/Application), Array, Array, NULL)
#9 C:/laragon/www/sportmate_pemwebII-main/sportmate/vendor/laravel/framework/src/Illuminate/Console/Command.php(211): Illuminate/Container/Container->call(Array)
#10 C:/laragon/www/sportmate_pemwebII-main/sportmate/vendor/symfony/console/Command/Command.php(341): Illuminate/Console/Command->execute(Object(Symfony/Component/Console/Input/ArgvInput), Object(Illuminate/Console/OutputStyle))
#11 C:/laragon/www/sportmate_pemwebII-main/sportmate/vendor/laravel/framework/src/Illuminate/Console/Command.php(180): Symfony/Component/Console/Command/Command->run(Object(Symfony/Component/Console/Input/ArgvInput), Object(Illuminate/Console/OutputStyle))
#12 C:/laragon/www/sportmate_pemwebII-main/sportmate/vendor/symfony/console/Application.php(1117): Illuminate/Console/Command->run(Object(Symfony/Component/Console/Input/ArgvInput), Object(Symfony/Component/Console/Output/ConsoleOutput))
#13 C:/laragon/www/sportmate_pemwebII-main/sportmate/vendor/symfony/console/Application.php(356): Symfony/Component/Console/Application->doRunCommand(Object(Illuminate/Console/Scheduling/ScheduleRunCommand), Object(Symfony/Component/Console/Input/ArgvInput), Object(Symfony/Component/Console/Output/ConsoleOutput))
#14 C:/laragon/www/sportmate_pemwebII-main/sportmate/vendor/symfony/console/Application.php(195): Symfony/Component/Console/Application->doRun(Object(Symfony/Component/Console/Input/ArgvInput), Object(Symfony/Component/Console/Output/ConsoleOutput))
#15 C:/laragon/www/sportmate_pemwebII-main/sportmate/vendor/laravel/framework/src/Illuminate/Foundation/Console/Kernel.php(198): Symfony/Component/Console/Application->run(Object(Symfony/Component/Console/Input/ArgvInput), Object(Symfony/Component/Console/Output/ConsoleOutput))
#16 C:/laragon/www/sportmate_pemwebII-main/sportmate/vendor/laravel/framework/src/Illuminate/Foundation/Application.php(1235): Illuminate/Foundation/Console/Kernel->handle(Object(Symfony/Component/Console/Input/ArgvInput), Object(Symfony/Component/Console/Output/ConsoleOutput))
#17 C:/laragon/www/sportmate_pemwebII-main/sportmate/artisan(14): Illuminate/Foundation/Application->handleCommand(Object(Symfony/Component/Console/Input/ArgvInput))
#18 {main}
"} 
[2026-07-10 02:59:01] local.ERROR: Command "event:update-status" is not defined.

Did you mean one of these?
    event:cache
    event:clear
    event:list {"exception":"[object] (Symfony\\Component\\Console\\Exception\\CommandNotFoundException(code: 0): Command \"event:update-status\" is not defined.

Did you mean one of these?
    event:cache
    event:clear
    event:list at C:/laragon/www/sportmate_pemwebII-main/sportmate/vendor/symfony/console/Application.php:759)
[stacktrace]
#0 C:/laragon/www/sportmate_pemwebII-main/sportmate/vendor/symfony/console/Application.php(298): Symfony/Component/Console/Application->find('event:update-st...')
#1 C:/laragon/www/sportmate_pemwebII-main/sportmate/vendor/symfony/console/Application.php(195): Symfony/Component/Console/Application->doRun(Object(Symfony/Component/Console/Input/ArgvInput), Object(Symfony/Component/Console/Output/ConsoleOutput))
#2 C:/laragon/www/sportmate_pemwebII-main/sportmate/vendor/laravel/framework/src/Illuminate/Foundation/Console/Kernel.php(198): Symfony/Component/Console/Application->run(Object(Symfony/Component/Console/Input/ArgvInput), Object(Symfony/Component/Console/Output/ConsoleOutput))
#3 C:/laragon/www/sportmate_pemwebII-main/sportmate/vendor/laravel/framework/src/Illuminate/Foundation/Application.php(1235): Illuminate/Foundation/Console/Kernel->handle(Object(Symfony/Component/Console/Input/ArgvInput), Object(Symfony/Component/Console/Output/ConsoleOutput))
#4 C:/laragon/www/sportmate_pemwebII-main/sportmate/artisan(14): Illuminate/Foundation/Application->handleCommand(Object(Symfony/Component/Console/Input/ArgvInput))
#5 {main}
"} 
[2026-07-10 02:59:01] local.ERROR: Scheduled command ["C:\laragon\bin\php\php-8.4.19-Win32-vs17-x64\php.exe" "artisan" event:update-status] failed with exit code [1]. {"exception":"[object] (Exception(code: 0): Scheduled command [\"C:\\laragon\\bin\\php\\php-8.4.19-Win32-vs17-x64\\php.exe\" \"artisan\" event:update-status] failed with exit code [1]. at C:/laragon/www/sportmate_pemwebII-main/sportmate/vendor/laravel/framework/src/Illuminate/Console/Scheduling/ScheduleRunCommand.php:207)
[stacktrace]
#0 C:/laragon/www/sportmate_pemwebII-main/sportmate/vendor/laravel/framework/src/Illuminate/Console/View/Components/Task.php(41): Illuminate/Console/Scheduling/ScheduleRunCommand->{closure:Illuminate/Console/Scheduling/ScheduleRunCommand::runEvent():191}()
#1 C:/laragon/www/sportmate_pemwebII-main/sportmate/vendor/laravel/framework/src/Illuminate/Console/View/Components/Factory.php(59): Illuminate/Console/View/Components/Task->render('<fg=gray>2026-0...', Object(Closure))
#2 C:/laragon/www/sportmate_pemwebII-main/sportmate/vendor/laravel/framework/src/Illuminate/Console/Scheduling/ScheduleRunCommand.php(191): Illuminate/Console/View/Components/Factory->__call('task', Array)
#3 C:/laragon/www/sportmate_pemwebII-main/sportmate/vendor/laravel/framework/src/Illuminate/Console/Scheduling/ScheduleRunCommand.php(134): Illuminate/Console/Scheduling/ScheduleRunCommand->runEvent(Object(Illuminate/Console/Scheduling/Event))
#4 C:/laragon/www/sportmate_pemwebII-main/sportmate/vendor/laravel/framework/src/Illuminate/Container/BoundMethod.php(36): Illuminate/Console/Scheduling/ScheduleRunCommand->handle(Object(Illuminate/Console/Scheduling/Schedule), Object(Illuminate/Events/Dispatcher), Object(Illuminate/Cache/Repository), Object(NunoMaduro/Collision/Adapters/Laravel/ExceptionHandler))
#5 C:/laragon/www/sportmate_pemwebII-main/sportmate/vendor/laravel/framework/src/Illuminate/Container/Util.php(43): Illuminate/Container/BoundMethod::{closure:Illuminate/Container/BoundMethod::call():35}()
#6 C:/laragon/www/sportmate_pemwebII-main/sportmate/vendor/laravel/framework/src/Illuminate/Container/BoundMethod.php(96): Illuminate/Container/Util::unwrapIfClosure(Object(Closure))
#7 C:/laragon/www/sportmate_pemwebII-main/sportmate/vendor/laravel/framework/src/Illuminate/Container/BoundMethod.php(35): Illuminate/Container/BoundMethod::callBoundMethod(Object(Illuminate/Foundation/Application), Array, Object(Closure))
#8 C:/laragon/www/sportmate_pemwebII-main/sportmate/vendor/laravel/framework/src/Illuminate/Container/Container.php(799): Illuminate/Container/BoundMethod::call(Object(Illuminate/Foundation/Application), Array, Array, NULL)
#9 C:/laragon/www/sportmate_pemwebII-main/sportmate/vendor/laravel/framework/src/Illuminate/Console/Command.php(211): Illuminate/Container/Container->call(Array)
#10 C:/laragon/www/sportmate_pemwebII-main/sportmate/vendor/symfony/console/Command/Command.php(341): Illuminate/Console/Command->execute(Object(Symfony/Component/Console/Input/ArgvInput), Object(Illuminate/Console/OutputStyle))
#11 C:/laragon/www/sportmate_pemwebII-main/sportmate/vendor/laravel/framework/src/Illuminate/Console/Command.php(180): Symfony/Component/Console/Command/Command->run(Object(Symfony/Component/Console/Input/ArgvInput), Object(Illuminate/Console/OutputStyle))
#12 C:/laragon/www/sportmate_pemwebII-main/sportmate/vendor/symfony/console/Application.php(1117): Illuminate/Console/Command->run(Object(Symfony/Component/Console/Input/ArgvInput), Object(Symfony/Component/Console/Output/ConsoleOutput))
#13 C:/laragon/www/sportmate_pemwebII-main/sportmate/vendor/symfony/console/Application.php(356): Symfony/Component/Console/Application->doRunCommand(Object(Illuminate/Console/Scheduling/ScheduleRunCommand), Object(Symfony/Component/Console/Input/ArgvInput), Object(Symfony/Component/Console/Output/ConsoleOutput))
#14 C:/laragon/www/sportmate_pemwebII-main/sportmate/vendor/symfony/console/Application.php(195): Symfony/Component/Console/Application->doRun(Object(Symfony/Component/Console/Input/ArgvInput), Object(Symfony/Component/Console/Output/ConsoleOutput))
#15 C:/laragon/www/sportmate_pemwebII-main/sportmate/vendor/laravel/framework/src/Illuminate/Foundation/Console/Kernel.php(198): Symfony/Component/Console/Application->run(Object(Symfony/Component/Console/Input/ArgvInput), Object(Symfony/Component/Console/Output/ConsoleOutput))
#16 C:/laragon/www/sportmate_pemwebII-main/sportmate/vendor/laravel/framework/src/Illuminate/Foundation/Application.php(1235): Illuminate/Foundation/Console/Kernel->handle(Object(Symfony/Component/Console/Input/ArgvInput), Object(Symfony/Component/Console/Output/ConsoleOutput))
#17 C:/laragon/www/sportmate_pemwebII-main/sportmate/artisan(14): Illuminate/Foundation/Application->handleCommand(Object(Symfony/Component/Console/Input/ArgvInput))
#18 {main}
"} 
[2026-07-10 03:00:01] local.ERROR: Command "event:update-status" is not defined.

Did you mean one of these?
    event:cache
    event:clear
    event:list {"exception":"[object] (Symfony\\Component\\Console\\Exception\\CommandNotFoundException(code: 0): Command \"event:update-status\" is not defined.

Did you mean one of these?
    event:cache
    event:clear
    event:list at C:/laragon/www/sportmate_pemwebII-main/sportmate/vendor/symfony/console/Application.php:759)
[stacktrace]
#0 C:/laragon/www/sportmate_pemwebII-main/sportmate/vendor/symfony/console/Application.php(298): Symfony/Component/Console/Application->find('event:update-st...')
#1 C:/laragon/www/sportmate_pemwebII-main/sportmate/vendor/symfony/console/Application.php(195): Symfony/Component/Console/Application->doRun(Object(Symfony/Component/Console/Input/ArgvInput), Object(Symfony/Component/Console/Output/ConsoleOutput))
#2 C:/laragon/www/sportmate_pemwebII-main/sportmate/vendor/laravel/framework/src/Illuminate/Foundation/Console/Kernel.php(198): Symfony/Component/Console/Application->run(Object(Symfony/Component/Console/Input/ArgvInput), Object(Symfony/Component/Console/Output/ConsoleOutput))
#3 C:/laragon/www/sportmate_pemwebII-main/sportmate/vendor/laravel/framework/src/Illuminate/Foundation/Application.php(1235): Illuminate/Foundation/Console/Kernel->handle(Object(Symfony/Component/Console/Input/ArgvInput), Object(Symfony/Component/Console/Output/ConsoleOutput))
#4 C:/laragon/www/sportmate_pemwebII-main/sportmate/artisan(14): Illuminate/Foundation/Application->handleCommand(Object(Symfony/Component/Console/Input/ArgvInput))
#5 {main}
"} 
[2026-07-10 03:00:01] local.ERROR: Scheduled command ["C:\laragon\bin\php\php-8.4.19-Win32-vs17-x64\php.exe" "artisan" event:update-status] failed with exit code [1]. {"exception":"[object] (Exception(code: 0): Scheduled command [\"C:\\laragon\\bin\\php\\php-8.4.19-Win32-vs17-x64\\php.exe\" \"artisan\" event:update-status] failed with exit code [1]. at C:/laragon/www/sportmate_pemwebII-main/sportmate/vendor/laravel/framework/src/Illuminate/Console/Scheduling/ScheduleRunCommand.php:207)
[stacktrace]
#0 C:/laragon/www/sportmate_pemwebII-main/sportmate/vendor/laravel/framework/src/Illuminate/Console/View/Components/Task.php(41): Illuminate/Console/Scheduling/ScheduleRunCommand->{closure:Illuminate/Console/Scheduling/ScheduleRunCommand::runEvent():191}()
#1 C:/laragon/www/sportmate_pemwebII-main/sportmate/vendor/laravel/framework/src/Illuminate/Console/View/Components/Factory.php(59): Illuminate/Console/View/Components/Task->render('<fg=gray>2026-0...', Object(Closure))
#2 C:/laragon/www/sportmate_pemwebII-main/sportmate/vendor/laravel/framework/src/Illuminate/Console/Scheduling/ScheduleRunCommand.php(191): Illuminate/Console/View/Components/Factory->__call('task', Array)
#3 C:/laragon/www/sportmate_pemwebII-main/sportmate/vendor/laravel/framework/src/Illuminate/Console/Scheduling/ScheduleRunCommand.php(134): Illuminate/Console/Scheduling/ScheduleRunCommand->runEvent(Object(Illuminate/Console/Scheduling/Event))
#4 C:/laragon/www/sportmate_pemwebII-main/sportmate/vendor/laravel/framework/src/Illuminate/Container/BoundMethod.php(36): Illuminate/Console/Scheduling/ScheduleRunCommand->handle(Object(Illuminate/Console/Scheduling/Schedule), Object(Illuminate/Events/Dispatcher), Object(Illuminate/Cache/Repository), Object(NunoMaduro/Collision/Adapters/Laravel/ExceptionHandler))
#5 C:/laragon/www/sportmate_pemwebII-main/sportmate/vendor/laravel/framework/src/Illuminate/Container/Util.php(43): Illuminate/Container/BoundMethod::{closure:Illuminate/Container/BoundMethod::call():35}()
#6 C:/laragon/www/sportmate_pemwebII-main/sportmate/vendor/laravel/framework/src/Illuminate/Container/BoundMethod.php(96): Illuminate/Container/Util::unwrapIfClosure(Object(Closure))
#7 C:/laragon/www/sportmate_pemwebII-main/sportmate/vendor/laravel/framework/src/Illuminate/Container/BoundMethod.php(35): Illuminate/Container/BoundMethod::callBoundMethod(Object(Illuminate/Foundation/Application), Array, Object(Closure))
#8 C:/laragon/www/sportmate_pemwebII-main/sportmate/vendor/laravel/framework/src/Illuminate/Container/Container.php(799): Illuminate/Container/BoundMethod::call(Object(Illuminate/Foundation/Application), Array, Array, NULL)
#9 C:/laragon/www/sportmate_pemwebII-main/sportmate/vendor/laravel/framework/src/Illuminate/Console/Command.php(211): Illuminate/Container/Container->call(Array)
#10 C:/laragon/www/sportmate_pemwebII-main/sportmate/vendor/symfony/console/Command/Command.php(341): Illuminate/Console/Command->execute(Object(Symfony/Component/Console/Input/ArgvInput), Object(Illuminate/Console/OutputStyle))
#11 C:/laragon/www/sportmate_pemwebII-main/sportmate/vendor/laravel/framework/src/Illuminate/Console/Command.php(180): Symfony/Component/Console/Command/Command->run(Object(Symfony/Component/Console/Input/ArgvInput), Object(Illuminate/Console/OutputStyle))
#12 C:/laragon/www/sportmate_pemwebII-main/sportmate/vendor/symfony/console/Application.php(1117): Illuminate/Console/Command->run(Object(Symfony/Component/Console/Input/ArgvInput), Object(Symfony/Component/Console/Output/ConsoleOutput))
#13 C:/laragon/www/sportmate_pemwebII-main/sportmate/vendor/symfony/console/Application.php(356): Symfony/Component/Console/Application->doRunCommand(Object(Illuminate/Console/Scheduling/ScheduleRunCommand), Object(Symfony/Component/Console/Input/ArgvInput), Object(Symfony/Component/Console/Output/ConsoleOutput))
#14 C:/laragon/www/sportmate_pemwebII-main/sportmate/vendor/symfony/console/Application.php(195): Symfony/Component/Console/Application->doRun(Object(Symfony/Component/Console/Input/ArgvInput), Object(Symfony/Component/Console/Output/ConsoleOutput))
#15 C:/laragon/www/sportmate_pemwebII-main/sportmate/vendor/laravel/framework/src/Illuminate/Foundation/Console/Kernel.php(198): Symfony/Component/Console/Application->run(Object(Symfony/Component/Console/Input/ArgvInput), Object(Symfony/Component/Console/Output/ConsoleOutput))
#16 C:/laragon/www/sportmate_pemwebII-main/sportmate/vendor/laravel/framework/src/Illuminate/Foundation/Application.php(1235): Illuminate/Foundation/Console/Kernel->handle(Object(Symfony/Component/Console/Input/ArgvInput), Object(Symfony/Component/Console/Output/ConsoleOutput))
#17 C:/laragon/www/sportmate_pemwebII-main/sportmate/artisan(14): Illuminate/Foundation/Application->handleCommand(Object(Symfony/Component/Console/Input/ArgvInput))
#18 {main}
"} 
[2026-07-10 03:01:01] local.ERROR: Command "event:update-status" is not defined.

Did you mean one of these?
    event:cache
    event:clear
    event:list {"exception":"[object] (Symfony\\Component\\Console\\Exception\\CommandNotFoundException(code: 0): Command \"event:update-status\" is not defined.

Did you mean one of these?
    event:cache
    event:clear
    event:list at C:/laragon/www/sportmate_pemwebII-main/sportmate/vendor/symfony/console/Application.php:759)
[stacktrace]
#0 C:/laragon/www/sportmate_pemwebII-main/sportmate/vendor/symfony/console/Application.php(298): Symfony/Component/Console/Application->find('event:update-st...')
#1 C:/laragon/www/sportmate_pemwebII-main/sportmate/vendor/symfony/console/Application.php(195): Symfony/Component/Console/Application->doRun(Object(Symfony/Component/Console/Input/ArgvInput), Object(Symfony/Component/Console/Output/ConsoleOutput))
#2 C:/laragon/www/sportmate_pemwebII-main/sportmate/vendor/laravel/framework/src/Illuminate/Foundation/Console/Kernel.php(198): Symfony/Component/Console/Application->run(Object(Symfony/Component/Console/Input/ArgvInput), Object(Symfony/Component/Console/Output/ConsoleOutput))
#3 C:/laragon/www/sportmate_pemwebII-main/sportmate/vendor/laravel/framework/src/Illuminate/Foundation/Application.php(1235): Illuminate/Foundation/Console/Kernel->handle(Object(Symfony/Component/Console/Input/ArgvInput), Object(Symfony/Component/Console/Output/ConsoleOutput))
#4 C:/laragon/www/sportmate_pemwebII-main/sportmate/artisan(14): Illuminate/Foundation/Application->handleCommand(Object(Symfony/Component/Console/Input/ArgvInput))
#5 {main}
"} 
[2026-07-10 03:01:01] local.ERROR: Scheduled command ["C:\laragon\bin\php\php-8.4.19-Win32-vs17-x64\php.exe" "artisan" event:update-status] failed with exit code [1]. {"exception":"[object] (Exception(code: 0): Scheduled command [\"C:\\laragon\\bin\\php\\php-8.4.19-Win32-vs17-x64\\php.exe\" \"artisan\" event:update-status] failed with exit code [1]. at C:/laragon/www/sportmate_pemwebII-main/sportmate/vendor/laravel/framework/src/Illuminate/Console/Scheduling/ScheduleRunCommand.php:207)
[stacktrace]
#0 C:/laragon/www/sportmate_pemwebII-main/sportmate/vendor/laravel/framework/src/Illuminate/Console/View/Components/Task.php(41): Illuminate/Console/Scheduling/ScheduleRunCommand->{closure:Illuminate/Console/Scheduling/ScheduleRunCommand::runEvent():191}()
#1 C:/laragon/www/sportmate_pemwebII-main/sportmate/vendor/laravel/framework/src/Illuminate/Console/View/Components/Factory.php(59): Illuminate/Console/View/Components/Task->render('<fg=gray>2026-0...', Object(Closure))
#2 C:/laragon/www/sportmate_pemwebII-main/sportmate/vendor/laravel/framework/src/Illuminate/Console/Scheduling/ScheduleRunCommand.php(191): Illuminate/Console/View/Components/Factory->__call('task', Array)
#3 C:/laragon/www/sportmate_pemwebII-main/sportmate/vendor/laravel/framework/src/Illuminate/Console/Scheduling/ScheduleRunCommand.php(134): Illuminate/Console/Scheduling/ScheduleRunCommand->runEvent(Object(Illuminate/Console/Scheduling/Event))
#4 C:/laragon/www/sportmate_pemwebII-main/sportmate/vendor/laravel/framework/src/Illuminate/Container/BoundMethod.php(36): Illuminate/Console/Scheduling/ScheduleRunCommand->handle(Object(Illuminate/Console/Scheduling/Schedule), Object(Illuminate/Events/Dispatcher), Object(Illuminate/Cache/Repository), Object(NunoMaduro/Collision/Adapters/Laravel/ExceptionHandler))
#5 C:/laragon/www/sportmate_pemwebII-main/sportmate/vendor/laravel/framework/src/Illuminate/Container/Util.php(43): Illuminate/Container/BoundMethod::{closure:Illuminate/Container/BoundMethod::call():35}()
#6 C:/laragon/www/sportmate_pemwebII-main/sportmate/vendor/laravel/framework/src/Illuminate/Container/BoundMethod.php(96): Illuminate/Container/Util::unwrapIfClosure(Object(Closure))
#7 C:/laragon/www/sportmate_pemwebII-main/sportmate/vendor/laravel/framework/src/Illuminate/Container/BoundMethod.php(35): Illuminate/Container/BoundMethod::callBoundMethod(Object(Illuminate/Foundation/Application), Array, Object(Closure))
#8 C:/laragon/www/sportmate_pemwebII-main/sportmate/vendor/laravel/framework/src/Illuminate/Container/Container.php(799): Illuminate/Container/BoundMethod::call(Object(Illuminate/Foundation/Application), Array, Array, NULL)
#9 C:/laragon/www/sportmate_pemwebII-main/sportmate/vendor/laravel/framework/src/Illuminate/Console/Command.php(211): Illuminate/Container/Container->call(Array)
#10 C:/laragon/www/sportmate_pemwebII-main/sportmate/vendor/symfony/console/Command/Command.php(341): Illuminate/Console/Command->execute(Object(Symfony/Component/Console/Input/ArgvInput), Object(Illuminate/Console/OutputStyle))
#11 C:/laragon/www/sportmate_pemwebII-main/sportmate/vendor/laravel/framework/src/Illuminate/Console/Command.php(180): Symfony/Component/Console/Command/Command->run(Object(Symfony/Component/Console/Input/ArgvInput), Object(Illuminate/Console/OutputStyle))
#12 C:/laragon/www/sportmate_pemwebII-main/sportmate/vendor/symfony/console/Application.php(1117): Illuminate/Console/Command->run(Object(Symfony/Component/Console/Input/ArgvInput), Object(Symfony/Component/Console/Output/ConsoleOutput))
#13 C:/laragon/www/sportmate_pemwebII-main/sportmate/vendor/symfony/console/Application.php(356): Symfony/Component/Console/Application->doRunCommand(Object(Illuminate/Console/Scheduling/ScheduleRunCommand), Object(Symfony/Component/Console/Input/ArgvInput), Object(Symfony/Component/Console/Output/ConsoleOutput))
#14 C:/laragon/www/sportmate_pemwebII-main/sportmate/vendor/symfony/console/Application.php(195): Symfony/Component/Console/Application->doRun(Object(Symfony/Component/Console/Input/ArgvInput), Object(Symfony/Component/Console/Output/ConsoleOutput))
#15 C:/laragon/www/sportmate_pemwebII-main/sportmate/vendor/laravel/framework/src/Illuminate/Foundation/Console/Kernel.php(198): Symfony/Component/Console/Application->run(Object(Symfony/Component/Console/Input/ArgvInput), Object(Symfony/Component/Console/Output/ConsoleOutput))
#16 C:/laragon/www/sportmate_pemwebII-main/sportmate/vendor/laravel/framework/src/Illuminate/Foundation/Application.php(1235): Illuminate/Foundation/Console/Kernel->handle(Object(Symfony/Component/Console/Input/ArgvInput), Object(Symfony/Component/Console/Output/ConsoleOutput))
#17 C:/laragon/www/sportmate_pemwebII-main/sportmate/artisan(14): Illuminate/Foundation/Application->handleCommand(Object(Symfony/Component/Console/Input/ArgvInput))
#18 {main}
"} 
[2026-07-10 03:02:01] local.ERROR: Command "event:update-status" is not defined.

Did you mean one of these?
    event:cache
    event:clear
    event:list {"exception":"[object] (Symfony\\Component\\Console\\Exception\\CommandNotFoundException(code: 0): Command \"event:update-status\" is not defined.

Did you mean one of these?
    event:cache
    event:clear
    event:list at C:/laragon/www/sportmate_pemwebII-main/sportmate/vendor/symfony/console/Application.php:759)
[stacktrace]
#0 C:/laragon/www/sportmate_pemwebII-main/sportmate/vendor/symfony/console/Application.php(298): Symfony/Component/Console/Application->find('event:update-st...')
#1 C:/laragon/www/sportmate_pemwebII-main/sportmate/vendor/symfony/console/Application.php(195): Symfony/Component/Console/Application->doRun(Object(Symfony/Component/Console/Input/ArgvInput), Object(Symfony/Component/Console/Output/ConsoleOutput))
#2 C:/laragon/www/sportmate_pemwebII-main/sportmate/vendor/laravel/framework/src/Illuminate/Foundation/Console/Kernel.php(198): Symfony/Component/Console/Application->run(Object(Symfony/Component/Console/Input/ArgvInput), Object(Symfony/Component/Console/Output/ConsoleOutput))
#3 C:/laragon/www/sportmate_pemwebII-main/sportmate/vendor/laravel/framework/src/Illuminate/Foundation/Application.php(1235): Illuminate/Foundation/Console/Kernel->handle(Object(Symfony/Component/Console/Input/ArgvInput), Object(Symfony/Component/Console/Output/ConsoleOutput))
#4 C:/laragon/www/sportmate_pemwebII-main/sportmate/artisan(14): Illuminate/Foundation/Application->handleCommand(Object(Symfony/Component/Console/Input/ArgvInput))
#5 {main}
"} 
[2026-07-10 03:02:01] local.ERROR: Scheduled command ["C:\laragon\bin\php\php-8.4.19-Win32-vs17-x64\php.exe" "artisan" event:update-status] failed with exit code [1]. {"exception":"[object] (Exception(code: 0): Scheduled command [\"C:\\laragon\\bin\\php\\php-8.4.19-Win32-vs17-x64\\php.exe\" \"artisan\" event:update-status] failed with exit code [1]. at C:/laragon/www/sportmate_pemwebII-main/sportmate/vendor/laravel/framework/src/Illuminate/Console/Scheduling/ScheduleRunCommand.php:207)
[stacktrace]
#0 C:/laragon/www/sportmate_pemwebII-main/sportmate/vendor/laravel/framework/src/Illuminate/Console/View/Components/Task.php(41): Illuminate/Console/Scheduling/ScheduleRunCommand->{closure:Illuminate/Console/Scheduling/ScheduleRunCommand::runEvent():191}()
#1 C:/laragon/www/sportmate_pemwebII-main/sportmate/vendor/laravel/framework/src/Illuminate/Console/View/Components/Factory.php(59): Illuminate/Console/View/Components/Task->render('<fg=gray>2026-0...', Object(Closure))
#2 C:/laragon/www/sportmate_pemwebII-main/sportmate/vendor/laravel/framework/src/Illuminate/Console/Scheduling/ScheduleRunCommand.php(191): Illuminate/Console/View/Components/Factory->__call('task', Array)
#3 C:/laragon/www/sportmate_pemwebII-main/sportmate/vendor/laravel/framework/src/Illuminate/Console/Scheduling/ScheduleRunCommand.php(134): Illuminate/Console/Scheduling/ScheduleRunCommand->runEvent(Object(Illuminate/Console/Scheduling/Event))
#4 C:/laragon/www/sportmate_pemwebII-main/sportmate/vendor/laravel/framework/src/Illuminate/Container/BoundMethod.php(36): Illuminate/Console/Scheduling/ScheduleRunCommand->handle(Object(Illuminate/Console/Scheduling/Schedule), Object(Illuminate/Events/Dispatcher), Object(Illuminate/Cache/Repository), Object(NunoMaduro/Collision/Adapters/Laravel/ExceptionHandler))
#5 C:/laragon/www/sportmate_pemwebII-main/sportmate/vendor/laravel/framework/src/Illuminate/Container/Util.php(43): Illuminate/Container/BoundMethod::{closure:Illuminate/Container/BoundMethod::call():35}()
#6 C:/laragon/www/sportmate_pemwebII-main/sportmate/vendor/laravel/framework/src/Illuminate/Container/BoundMethod.php(96): Illuminate/Container/Util::unwrapIfClosure(Object(Closure))
#7 C:/laragon/www/sportmate_pemwebII-main/sportmate/vendor/laravel/framework/src/Illuminate/Container/BoundMethod.php(35): Illuminate/Container/BoundMethod::callBoundMethod(Object(Illuminate/Foundation/Application), Array, Object(Closure))
#8 C:/laragon/www/sportmate_pemwebII-main/sportmate/vendor/laravel/framework/src/Illuminate/Container/Container.php(799): Illuminate/Container/BoundMethod::call(Object(Illuminate/Foundation/Application), Array, Array, NULL)
#9 C:/laragon/www/sportmate_pemwebII-main/sportmate/vendor/laravel/framework/src/Illuminate/Console/Command.php(211): Illuminate/Container/Container->call(Array)
#10 C:/laragon/www/sportmate_pemwebII-main/sportmate/vendor/symfony/console/Command/Command.php(341): Illuminate/Console/Command->execute(Object(Symfony/Component/Console/Input/ArgvInput), Object(Illuminate/Console/OutputStyle))
#11 C:/laragon/www/sportmate_pemwebII-main/sportmate/vendor/laravel/framework/src/Illuminate/Console/Command.php(180): Symfony/Component/Console/Command/Command->run(Object(Symfony/Component/Console/Input/ArgvInput), Object(Illuminate/Console/OutputStyle))
#12 C:/laragon/www/sportmate_pemwebII-main/sportmate/vendor/symfony/console/Application.php(1117): Illuminate/Console/Command->run(Object(Symfony/Component/Console/Input/ArgvInput), Object(Symfony/Component/Console/Output/ConsoleOutput))
#13 C:/laragon/www/sportmate_pemwebII-main/sportmate/vendor/symfony/console/Application.php(356): Symfony/Component/Console/Application->doRunCommand(Object(Illuminate/Console/Scheduling/ScheduleRunCommand), Object(Symfony/Component/Console/Input/ArgvInput), Object(Symfony/Component/Console/Output/ConsoleOutput))
#14 C:/laragon/www/sportmate_pemwebII-main/sportmate/vendor/symfony/console/Application.php(195): Symfony/Component/Console/Application->doRun(Object(Symfony/Component/Console/Input/ArgvInput), Object(Symfony/Component/Console/Output/ConsoleOutput))
#15 C:/laragon/www/sportmate_pemwebII-main/sportmate/vendor/laravel/framework/src/Illuminate/Foundation/Console/Kernel.php(198): Symfony/Component/Console/Application->run(Object(Symfony/Component/Console/Input/ArgvInput), Object(Symfony/Component/Console/Output/ConsoleOutput))
#16 C:/laragon/www/sportmate_pemwebII-main/sportmate/vendor/laravel/framework/src/Illuminate/Foundation/Application.php(1235): Illuminate/Foundation/Console/Kernel->handle(Object(Symfony/Component/Console/Input/ArgvInput), Object(Symfony/Component/Console/Output/ConsoleOutput))
#17 C:/laragon/www/sportmate_pemwebII-main/sportmate/artisan(14): Illuminate/Foundation/Application->handleCommand(Object(Symfony/Component/Console/Input/ArgvInput))
#18 {main}
"} 
[2026-07-10 03:03:01] local.ERROR: Command "event:update-status" is not defined.

Did you mean one of these?
    event:cache
    event:clear
    event:list {"exception":"[object] (Symfony\\Component\\Console\\Exception\\CommandNotFoundException(code: 0): Command \"event:update-status\" is not defined.

Did you mean one of these?
    event:cache
    event:clear
    event:list at C:/laragon/www/sportmate_pemwebII-main/sportmate/vendor/symfony/console/Application.php:759)
[stacktrace]
#0 C:/laragon/www/sportmate_pemwebII-main/sportmate/vendor/symfony/console/Application.php(298): Symfony/Component/Console/Application->find('event:update-st...')
#1 C:/laragon/www/sportmate_pemwebII-main/sportmate/vendor/symfony/console/Application.php(195): Symfony/Component/Console/Application->doRun(Object(Symfony/Component/Console/Input/ArgvInput), Object(Symfony/Component/Console/Output/ConsoleOutput))
#2 C:/laragon/www/sportmate_pemwebII-main/sportmate/vendor/laravel/framework/src/Illuminate/Foundation/Console/Kernel.php(198): Symfony/Component/Console/Application->run(Object(Symfony/Component/Console/Input/ArgvInput), Object(Symfony/Component/Console/Output/ConsoleOutput))
#3 C:/laragon/www/sportmate_pemwebII-main/sportmate/vendor/laravel/framework/src/Illuminate/Foundation/Application.php(1235): Illuminate/Foundation/Console/Kernel->handle(Object(Symfony/Component/Console/Input/ArgvInput), Object(Symfony/Component/Console/Output/ConsoleOutput))
#4 C:/laragon/www/sportmate_pemwebII-main/sportmate/artisan(14): Illuminate/Foundation/Application->handleCommand(Object(Symfony/Component/Console/Input/ArgvInput))
#5 {main}
"} 
[2026-07-10 03:03:01] local.ERROR: Scheduled command ["C:\laragon\bin\php\php-8.4.19-Win32-vs17-x64\php.exe" "artisan" event:update-status] failed with exit code [1]. {"exception":"[object] (Exception(code: 0): Scheduled command [\"C:\\laragon\\bin\\php\\php-8.4.19-Win32-vs17-x64\\php.exe\" \"artisan\" event:update-status] failed with exit code [1]. at C:/laragon/www/sportmate_pemwebII-main/sportmate/vendor/laravel/framework/src/Illuminate/Console/Scheduling/ScheduleRunCommand.php:207)
[stacktrace]
#0 C:/laragon/www/sportmate_pemwebII-main/sportmate/vendor/laravel/framework/src/Illuminate/Console/View/Components/Task.php(41): Illuminate/Console/Scheduling/ScheduleRunCommand->{closure:Illuminate/Console/Scheduling/ScheduleRunCommand::runEvent():191}()
#1 C:/laragon/www/sportmate_pemwebII-main/sportmate/vendor/laravel/framework/src/Illuminate/Console/View/Components/Factory.php(59): Illuminate/Console/View/Components/Task->render('<fg=gray>2026-0...', Object(Closure))
#2 C:/laragon/www/sportmate_pemwebII-main/sportmate/vendor/laravel/framework/src/Illuminate/Console/Scheduling/ScheduleRunCommand.php(191): Illuminate/Console/View/Components/Factory->__call('task', Array)
#3 C:/laragon/www/sportmate_pemwebII-main/sportmate/vendor/laravel/framework/src/Illuminate/Console/Scheduling/ScheduleRunCommand.php(134): Illuminate/Console/Scheduling/ScheduleRunCommand->runEvent(Object(Illuminate/Console/Scheduling/Event))
#4 C:/laragon/www/sportmate_pemwebII-main/sportmate/vendor/laravel/framework/src/Illuminate/Container/BoundMethod.php(36): Illuminate/Console/Scheduling/ScheduleRunCommand->handle(Object(Illuminate/Console/Scheduling/Schedule), Object(Illuminate/Events/Dispatcher), Object(Illuminate/Cache/Repository), Object(NunoMaduro/Collision/Adapters/Laravel/ExceptionHandler))
#5 C:/laragon/www/sportmate_pemwebII-main/sportmate/vendor/laravel/framework/src/Illuminate/Container/Util.php(43): Illuminate/Container/BoundMethod::{closure:Illuminate/Container/BoundMethod::call():35}()
#6 C:/laragon/www/sportmate_pemwebII-main/sportmate/vendor/laravel/framework/src/Illuminate/Container/BoundMethod.php(96): Illuminate/Container/Util::unwrapIfClosure(Object(Closure))
#7 C:/laragon/www/sportmate_pemwebII-main/sportmate/vendor/laravel/framework/src/Illuminate/Container/BoundMethod.php(35): Illuminate/Container/BoundMethod::callBoundMethod(Object(Illuminate/Foundation/Application), Array, Object(Closure))
#8 C:/laragon/www/sportmate_pemwebII-main/sportmate/vendor/laravel/framework/src/Illuminate/Container/Container.php(799): Illuminate/Container/BoundMethod::call(Object(Illuminate/Foundation/Application), Array, Array, NULL)
#9 C:/laragon/www/sportmate_pemwebII-main/sportmate/vendor/laravel/framework/src/Illuminate/Console/Command.php(211): Illuminate/Container/Container->call(Array)
#10 C:/laragon/www/sportmate_pemwebII-main/sportmate/vendor/symfony/console/Command/Command.php(341): Illuminate/Console/Command->execute(Object(Symfony/Component/Console/Input/ArgvInput), Object(Illuminate/Console/OutputStyle))
#11 C:/laragon/www/sportmate_pemwebII-main/sportmate/vendor/laravel/framework/src/Illuminate/Console/Command.php(180): Symfony/Component/Console/Command/Command->run(Object(Symfony/Component/Console/Input/ArgvInput), Object(Illuminate/Console/OutputStyle))
#12 C:/laragon/www/sportmate_pemwebII-main/sportmate/vendor/symfony/console/Application.php(1117): Illuminate/Console/Command->run(Object(Symfony/Component/Console/Input/ArgvInput), Object(Symfony/Component/Console/Output/ConsoleOutput))
#13 C:/laragon/www/sportmate_pemwebII-main/sportmate/vendor/symfony/console/Application.php(356): Symfony/Component/Console/Application->doRunCommand(Object(Illuminate/Console/Scheduling/ScheduleRunCommand), Object(Symfony/Component/Console/Input/ArgvInput), Object(Symfony/Component/Console/Output/ConsoleOutput))
#14 C:/laragon/www/sportmate_pemwebII-main/sportmate/vendor/symfony/console/Application.php(195): Symfony/Component/Console/Application->doRun(Object(Symfony/Component/Console/Input/ArgvInput), Object(Symfony/Component/Console/Output/ConsoleOutput))
#15 C:/laragon/www/sportmate_pemwebII-main/sportmate/vendor/laravel/framework/src/Illuminate/Foundation/Console/Kernel.php(198): Symfony/Component/Console/Application->run(Object(Symfony/Component/Console/Input/ArgvInput), Object(Symfony/Component/Console/Output/ConsoleOutput))
#16 C:/laragon/www/sportmate_pemwebII-main/sportmate/vendor/laravel/framework/src/Illuminate/Foundation/Application.php(1235): Illuminate/Foundation/Console/Kernel->handle(Object(Symfony/Component/Console/Input/ArgvInput), Object(Symfony/Component/Console/Output/ConsoleOutput))
#17 C:/laragon/www/sportmate_pemwebII-main/sportmate/artisan(14): Illuminate/Foundation/Application->handleCommand(Object(Symfony/Component/Console/Input/ArgvInput))
#18 {main}
"} 
[2026-07-10 03:04:01] local.ERROR: Command "event:update-status" is not defined.

Did you mean one of these?
    event:cache
    event:clear
    event:list {"exception":"[object] (Symfony\\Component\\Console\\Exception\\CommandNotFoundException(code: 0): Command \"event:update-status\" is not defined.

Did you mean one of these?
    event:cache
    event:clear
    event:list at C:/laragon/www/sportmate_pemwebII-main/sportmate/vendor/symfony/console/Application.php:759)
[stacktrace]
#0 C:/laragon/www/sportmate_pemwebII-main/sportmate/vendor/symfony/console/Application.php(298): Symfony/Component/Console/Application->find('event:update-st...')
#1 C:/laragon/www/sportmate_pemwebII-main/sportmate/vendor/symfony/console/Application.php(195): Symfony/Component/Console/Application->doRun(Object(Symfony/Component/Console/Input/ArgvInput), Object(Symfony/Component/Console/Output/ConsoleOutput))
#2 C:/laragon/www/sportmate_pemwebII-main/sportmate/vendor/laravel/framework/src/Illuminate/Foundation/Console/Kernel.php(198): Symfony/Component/Console/Application->run(Object(Symfony/Component/Console/Input/ArgvInput), Object(Symfony/Component/Console/Output/ConsoleOutput))
#3 C:/laragon/www/sportmate_pemwebII-main/sportmate/vendor/laravel/framework/src/Illuminate/Foundation/Application.php(1235): Illuminate/Foundation/Console/Kernel->handle(Object(Symfony/Component/Console/Input/ArgvInput), Object(Symfony/Component/Console/Output/ConsoleOutput))
#4 C:/laragon/www/sportmate_pemwebII-main/sportmate/artisan(14): Illuminate/Foundation/Application->handleCommand(Object(Symfony/Component/Console/Input/ArgvInput))
#5 {main}
"} 
[2026-07-10 03:04:01] local.ERROR: Scheduled command ["C:\laragon\bin\php\php-8.4.19-Win32-vs17-x64\php.exe" "artisan" event:update-status] failed with exit code [1]. {"exception":"[object] (Exception(code: 0): Scheduled command [\"C:\\laragon\\bin\\php\\php-8.4.19-Win32-vs17-x64\\php.exe\" \"artisan\" event:update-status] failed with exit code [1]. at C:/laragon/www/sportmate_pemwebII-main/sportmate/vendor/laravel/framework/src/Illuminate/Console/Scheduling/ScheduleRunCommand.php:207)
[stacktrace]
#0 C:/laragon/www/sportmate_pemwebII-main/sportmate/vendor/laravel/framework/src/Illuminate/Console/View/Components/Task.php(41): Illuminate/Console/Scheduling/ScheduleRunCommand->{closure:Illuminate/Console/Scheduling/ScheduleRunCommand::runEvent():191}()
#1 C:/laragon/www/sportmate_pemwebII-main/sportmate/vendor/laravel/framework/src/Illuminate/Console/View/Components/Factory.php(59): Illuminate/Console/View/Components/Task->render('<fg=gray>2026-0...', Object(Closure))
#2 C:/laragon/www/sportmate_pemwebII-main/sportmate/vendor/laravel/framework/src/Illuminate/Console/Scheduling/ScheduleRunCommand.php(191): Illuminate/Console/View/Components/Factory->__call('task', Array)
#3 C:/laragon/www/sportmate_pemwebII-main/sportmate/vendor/laravel/framework/src/Illuminate/Console/Scheduling/ScheduleRunCommand.php(134): Illuminate/Console/Scheduling/ScheduleRunCommand->runEvent(Object(Illuminate/Console/Scheduling/Event))
#4 C:/laragon/www/sportmate_pemwebII-main/sportmate/vendor/laravel/framework/src/Illuminate/Container/BoundMethod.php(36): Illuminate/Console/Scheduling/ScheduleRunCommand->handle(Object(Illuminate/Console/Scheduling/Schedule), Object(Illuminate/Events/Dispatcher), Object(Illuminate/Cache/Repository), Object(NunoMaduro/Collision/Adapters/Laravel/ExceptionHandler))
#5 C:/laragon/www/sportmate_pemwebII-main/sportmate/vendor/laravel/framework/src/Illuminate/Container/Util.php(43): Illuminate/Container/BoundMethod::{closure:Illuminate/Container/BoundMethod::call():35}()
#6 C:/laragon/www/sportmate_pemwebII-main/sportmate/vendor/laravel/framework/src/Illuminate/Container/BoundMethod.php(96): Illuminate/Container/Util::unwrapIfClosure(Object(Closure))
#7 C:/laragon/www/sportmate_pemwebII-main/sportmate/vendor/laravel/framework/src/Illuminate/Container/BoundMethod.php(35): Illuminate/Container/BoundMethod::callBoundMethod(Object(Illuminate/Foundation/Application), Array, Object(Closure))
#8 C:/laragon/www/sportmate_pemwebII-main/sportmate/vendor/laravel/framework/src/Illuminate/Container/Container.php(799): Illuminate/Container/BoundMethod::call(Object(Illuminate/Foundation/Application), Array, Array, NULL)
#9 C:/laragon/www/sportmate_pemwebII-main/sportmate/vendor/laravel/framework/src/Illuminate/Console/Command.php(211): Illuminate/Container/Container->call(Array)
#10 C:/laragon/www/sportmate_pemwebII-main/sportmate/vendor/symfony/console/Command/Command.php(341): Illuminate/Console/Command->execute(Object(Symfony/Component/Console/Input/ArgvInput), Object(Illuminate/Console/OutputStyle))
#11 C:/laragon/www/sportmate_pemwebII-main/sportmate/vendor/laravel/framework/src/Illuminate/Console/Command.php(180): Symfony/Component/Console/Command/Command->run(Object(Symfony/Component/Console/Input/ArgvInput), Object(Illuminate/Console/OutputStyle))
#12 C:/laragon/www/sportmate_pemwebII-main/sportmate/vendor/symfony/console/Application.php(1117): Illuminate/Console/Command->run(Object(Symfony/Component/Console/Input/ArgvInput), Object(Symfony/Component/Console/Output/ConsoleOutput))
#13 C:/laragon/www/sportmate_pemwebII-main/sportmate/vendor/symfony/console/Application.php(356): Symfony/Component/Console/Application->doRunCommand(Object(Illuminate/Console/Scheduling/ScheduleRunCommand), Object(Symfony/Component/Console/Input/ArgvInput), Object(Symfony/Component/Console/Output/ConsoleOutput))
#14 C:/laragon/www/sportmate_pemwebII-main/sportmate/vendor/symfony/console/Application.php(195): Symfony/Component/Console/Application->doRun(Object(Symfony/Component/Console/Input/ArgvInput), Object(Symfony/Component/Console/Output/ConsoleOutput))
#15 C:/laragon/www/sportmate_pemwebII-main/sportmate/vendor/laravel/framework/src/Illuminate/Foundation/Console/Kernel.php(198): Symfony/Component/Console/Application->run(Object(Symfony/Component/Console/Input/ArgvInput), Object(Symfony/Component/Console/Output/ConsoleOutput))
#16 C:/laragon/www/sportmate_pemwebII-main/sportmate/vendor/laravel/framework/src/Illuminate/Foundation/Application.php(1235): Illuminate/Foundation/Console/Kernel->handle(Object(Symfony/Component/Console/Input/ArgvInput), Object(Symfony/Component/Console/Output/ConsoleOutput))
#17 C:/laragon/www/sportmate_pemwebII-main/sportmate/artisan(14): Illuminate/Foundation/Application->handleCommand(Object(Symfony/Component/Console/Input/ArgvInput))
#18 {main}
"} 
[2026-07-10 03:05:01] local.ERROR: Command "event:update-status" is not defined.

Did you mean one of these?
    event:cache
    event:clear
    event:list {"exception":"[object] (Symfony\\Component\\Console\\Exception\\CommandNotFoundException(code: 0): Command \"event:update-status\" is not defined.

Did you mean one of these?
    event:cache
    event:clear
    event:list at C:/laragon/www/sportmate_pemwebII-main/sportmate/vendor/symfony/console/Application.php:759)
[stacktrace]
#0 C:/laragon/www/sportmate_pemwebII-main/sportmate/vendor/symfony/console/Application.php(298): Symfony/Component/Console/Application->find('event:update-st...')
#1 C:/laragon/www/sportmate_pemwebII-main/sportmate/vendor/symfony/console/Application.php(195): Symfony/Component/Console/Application->doRun(Object(Symfony/Component/Console/Input/ArgvInput), Object(Symfony/Component/Console/Output/ConsoleOutput))
#2 C:/laragon/www/sportmate_pemwebII-main/sportmate/vendor/laravel/framework/src/Illuminate/Foundation/Console/Kernel.php(198): Symfony/Component/Console/Application->run(Object(Symfony/Component/Console/Input/ArgvInput), Object(Symfony/Component/Console/Output/ConsoleOutput))
#3 C:/laragon/www/sportmate_pemwebII-main/sportmate/vendor/laravel/framework/src/Illuminate/Foundation/Application.php(1235): Illuminate/Foundation/Console/Kernel->handle(Object(Symfony/Component/Console/Input/ArgvInput), Object(Symfony/Component/Console/Output/ConsoleOutput))
#4 C:/laragon/www/sportmate_pemwebII-main/sportmate/artisan(14): Illuminate/Foundation/Application->handleCommand(Object(Symfony/Component/Console/Input/ArgvInput))
#5 {main}
"} 
[2026-07-10 03:05:01] local.ERROR: Scheduled command ["C:\laragon\bin\php\php-8.4.19-Win32-vs17-x64\php.exe" "artisan" event:update-status] failed with exit code [1]. {"exception":"[object] (Exception(code: 0): Scheduled command [\"C:\\laragon\\bin\\php\\php-8.4.19-Win32-vs17-x64\\php.exe\" \"artisan\" event:update-status] failed with exit code [1]. at C:/laragon/www/sportmate_pemwebII-main/sportmate/vendor/laravel/framework/src/Illuminate/Console/Scheduling/ScheduleRunCommand.php:207)
[stacktrace]
#0 C:/laragon/www/sportmate_pemwebII-main/sportmate/vendor/laravel/framework/src/Illuminate/Console/View/Components/Task.php(41): Illuminate/Console/Scheduling/ScheduleRunCommand->{closure:Illuminate/Console/Scheduling/ScheduleRunCommand::runEvent():191}()
#1 C:/laragon/www/sportmate_pemwebII-main/sportmate/vendor/laravel/framework/src/Illuminate/Console/View/Components/Factory.php(59): Illuminate/Console/View/Components/Task->render('<fg=gray>2026-0...', Object(Closure))
#2 C:/laragon/www/sportmate_pemwebII-main/sportmate/vendor/laravel/framework/src/Illuminate/Console/Scheduling/ScheduleRunCommand.php(191): Illuminate/Console/View/Components/Factory->__call('task', Array)
#3 C:/laragon/www/sportmate_pemwebII-main/sportmate/vendor/laravel/framework/src/Illuminate/Console/Scheduling/ScheduleRunCommand.php(134): Illuminate/Console/Scheduling/ScheduleRunCommand->runEvent(Object(Illuminate/Console/Scheduling/Event))
#4 C:/laragon/www/sportmate_pemwebII-main/sportmate/vendor/laravel/framework/src/Illuminate/Container/BoundMethod.php(36): Illuminate/Console/Scheduling/ScheduleRunCommand->handle(Object(Illuminate/Console/Scheduling/Schedule), Object(Illuminate/Events/Dispatcher), Object(Illuminate/Cache/Repository), Object(NunoMaduro/Collision/Adapters/Laravel/ExceptionHandler))
#5 C:/laragon/www/sportmate_pemwebII-main/sportmate/vendor/laravel/framework/src/Illuminate/Container/Util.php(43): Illuminate/Container/BoundMethod::{closure:Illuminate/Container/BoundMethod::call():35}()
#6 C:/laragon/www/sportmate_pemwebII-main/sportmate/vendor/laravel/framework/src/Illuminate/Container/BoundMethod.php(96): Illuminate/Container/Util::unwrapIfClosure(Object(Closure))
#7 C:/laragon/www/sportmate_pemwebII-main/sportmate/vendor/laravel/framework/src/Illuminate/Container/BoundMethod.php(35): Illuminate/Container/BoundMethod::callBoundMethod(Object(Illuminate/Foundation/Application), Array, Object(Closure))
#8 C:/laragon/www/sportmate_pemwebII-main/sportmate/vendor/laravel/framework/src/Illuminate/Container/Container.php(799): Illuminate/Container/BoundMethod::call(Object(Illuminate/Foundation/Application), Array, Array, NULL)
#9 C:/laragon/www/sportmate_pemwebII-main/sportmate/vendor/laravel/framework/src/Illuminate/Console/Command.php(211): Illuminate/Container/Container->call(Array)
#10 C:/laragon/www/sportmate_pemwebII-main/sportmate/vendor/symfony/console/Command/Command.php(341): Illuminate/Console/Command->execute(Object(Symfony/Component/Console/Input/ArgvInput), Object(Illuminate/Console/OutputStyle))
#11 C:/laragon/www/sportmate_pemwebII-main/sportmate/vendor/laravel/framework/src/Illuminate/Console/Command.php(180): Symfony/Component/Console/Command/Command->run(Object(Symfony/Component/Console/Input/ArgvInput), Object(Illuminate/Console/OutputStyle))
#12 C:/laragon/www/sportmate_pemwebII-main/sportmate/vendor/symfony/console/Application.php(1117): Illuminate/Console/Command->run(Object(Symfony/Component/Console/Input/ArgvInput), Object(Symfony/Component/Console/Output/ConsoleOutput))
#13 C:/laragon/www/sportmate_pemwebII-main/sportmate/vendor/symfony/console/Application.php(356): Symfony/Component/Console/Application->doRunCommand(Object(Illuminate/Console/Scheduling/ScheduleRunCommand), Object(Symfony/Component/Console/Input/ArgvInput), Object(Symfony/Component/Console/Output/ConsoleOutput))
#14 C:/laragon/www/sportmate_pemwebII-main/sportmate/vendor/symfony/console/Application.php(195): Symfony/Component/Console/Application->doRun(Object(Symfony/Component/Console/Input/ArgvInput), Object(Symfony/Component/Console/Output/ConsoleOutput))
#15 C:/laragon/www/sportmate_pemwebII-main/sportmate/vendor/laravel/framework/src/Illuminate/Foundation/Console/Kernel.php(198): Symfony/Component/Console/Application->run(Object(Symfony/Component/Console/Input/ArgvInput), Object(Symfony/Component/Console/Output/ConsoleOutput))
#16 C:/laragon/www/sportmate_pemwebII-main/sportmate/vendor/laravel/framework/src/Illuminate/Foundation/Application.php(1235): Illuminate/Foundation/Console/Kernel->handle(Object(Symfony/Component/Console/Input/ArgvInput), Object(Symfony/Component/Console/Output/ConsoleOutput))
#17 C:/laragon/www/sportmate_pemwebII-main/sportmate/artisan(14): Illuminate/Foundation/Application->handleCommand(Object(Symfony/Component/Console/Input/ArgvInput))
#18 {main}
"} 
[2026-07-10 03:06:01] local.ERROR: Command "event:update-status" is not defined.

Did you mean one of these?
    event:cache
    event:clear
    event:list {"exception":"[object] (Symfony\\Component\\Console\\Exception\\CommandNotFoundException(code: 0): Command \"event:update-status\" is not defined.

Did you mean one of these?
    event:cache
    event:clear
    event:list at C:/laragon/www/sportmate_pemwebII-main/sportmate/vendor/symfony/console/Application.php:759)
[stacktrace]
#0 C:/laragon/www/sportmate_pemwebII-main/sportmate/vendor/symfony/console/Application.php(298): Symfony/Component/Console/Application->find('event:update-st...')
#1 C:/laragon/www/sportmate_pemwebII-main/sportmate/vendor/symfony/console/Application.php(195): Symfony/Component/Console/Application->doRun(Object(Symfony/Component/Console/Input/ArgvInput), Object(Symfony/Component/Console/Output/ConsoleOutput))
#2 C:/laragon/www/sportmate_pemwebII-main/sportmate/vendor/laravel/framework/src/Illuminate/Foundation/Console/Kernel.php(198): Symfony/Component/Console/Application->run(Object(Symfony/Component/Console/Input/ArgvInput), Object(Symfony/Component/Console/Output/ConsoleOutput))
#3 C:/laragon/www/sportmate_pemwebII-main/sportmate/vendor/laravel/framework/src/Illuminate/Foundation/Application.php(1235): Illuminate/Foundation/Console/Kernel->handle(Object(Symfony/Component/Console/Input/ArgvInput), Object(Symfony/Component/Console/Output/ConsoleOutput))
#4 C:/laragon/www/sportmate_pemwebII-main/sportmate/artisan(14): Illuminate/Foundation/Application->handleCommand(Object(Symfony/Component/Console/Input/ArgvInput))
#5 {main}
"} 
[2026-07-10 03:06:01] local.ERROR: Scheduled command ["C:\laragon\bin\php\php-8.4.19-Win32-vs17-x64\php.exe" "artisan" event:update-status] failed with exit code [1]. {"exception":"[object] (Exception(code: 0): Scheduled command [\"C:\\laragon\\bin\\php\\php-8.4.19-Win32-vs17-x64\\php.exe\" \"artisan\" event:update-status] failed with exit code [1]. at C:/laragon/www/sportmate_pemwebII-main/sportmate/vendor/laravel/framework/src/Illuminate/Console/Scheduling/ScheduleRunCommand.php:207)
[stacktrace]
#0 C:/laragon/www/sportmate_pemwebII-main/sportmate/vendor/laravel/framework/src/Illuminate/Console/View/Components/Task.php(41): Illuminate/Console/Scheduling/ScheduleRunCommand->{closure:Illuminate/Console/Scheduling/ScheduleRunCommand::runEvent():191}()
#1 C:/laragon/www/sportmate_pemwebII-main/sportmate/vendor/laravel/framework/src/Illuminate/Console/View/Components/Factory.php(59): Illuminate/Console/View/Components/Task->render('<fg=gray>2026-0...', Object(Closure))
#2 C:/laragon/www/sportmate_pemwebII-main/sportmate/vendor/laravel/framework/src/Illuminate/Console/Scheduling/ScheduleRunCommand.php(191): Illuminate/Console/View/Components/Factory->__call('task', Array)
#3 C:/laragon/www/sportmate_pemwebII-main/sportmate/vendor/laravel/framework/src/Illuminate/Console/Scheduling/ScheduleRunCommand.php(134): Illuminate/Console/Scheduling/ScheduleRunCommand->runEvent(Object(Illuminate/Console/Scheduling/Event))
#4 C:/laragon/www/sportmate_pemwebII-main/sportmate/vendor/laravel/framework/src/Illuminate/Container/BoundMethod.php(36): Illuminate/Console/Scheduling/ScheduleRunCommand->handle(Object(Illuminate/Console/Scheduling/Schedule), Object(Illuminate/Events/Dispatcher), Object(Illuminate/Cache/Repository), Object(NunoMaduro/Collision/Adapters/Laravel/ExceptionHandler))
#5 C:/laragon/www/sportmate_pemwebII-main/sportmate/vendor/laravel/framework/src/Illuminate/Container/Util.php(43): Illuminate/Container/BoundMethod::{closure:Illuminate/Container/BoundMethod::call():35}()
#6 C:/laragon/www/sportmate_pemwebII-main/sportmate/vendor/laravel/framework/src/Illuminate/Container/BoundMethod.php(96): Illuminate/Container/Util::unwrapIfClosure(Object(Closure))
#7 C:/laragon/www/sportmate_pemwebII-main/sportmate/vendor/laravel/framework/src/Illuminate/Container/BoundMethod.php(35): Illuminate/Container/BoundMethod::callBoundMethod(Object(Illuminate/Foundation/Application), Array, Object(Closure))
#8 C:/laragon/www/sportmate_pemwebII-main/sportmate/vendor/laravel/framework/src/Illuminate/Container/Container.php(799): Illuminate/Container/BoundMethod::call(Object(Illuminate/Foundation/Application), Array, Array, NULL)
#9 C:/laragon/www/sportmate_pemwebII-main/sportmate/vendor/laravel/framework/src/Illuminate/Console/Command.php(211): Illuminate/Container/Container->call(Array)
#10 C:/laragon/www/sportmate_pemwebII-main/sportmate/vendor/symfony/console/Command/Command.php(341): Illuminate/Console/Command->execute(Object(Symfony/Component/Console/Input/ArgvInput), Object(Illuminate/Console/OutputStyle))
#11 C:/laragon/www/sportmate_pemwebII-main/sportmate/vendor/laravel/framework/src/Illuminate/Console/Command.php(180): Symfony/Component/Console/Command/Command->run(Object(Symfony/Component/Console/Input/ArgvInput), Object(Illuminate/Console/OutputStyle))
#12 C:/laragon/www/sportmate_pemwebII-main/sportmate/vendor/symfony/console/Application.php(1117): Illuminate/Console/Command->run(Object(Symfony/Component/Console/Input/ArgvInput), Object(Symfony/Component/Console/Output/ConsoleOutput))
#13 C:/laragon/www/sportmate_pemwebII-main/sportmate/vendor/symfony/console/Application.php(356): Symfony/Component/Console/Application->doRunCommand(Object(Illuminate/Console/Scheduling/ScheduleRunCommand), Object(Symfony/Component/Console/Input/ArgvInput), Object(Symfony/Component/Console/Output/ConsoleOutput))
#14 C:/laragon/www/sportmate_pemwebII-main/sportmate/vendor/symfony/console/Application.php(195): Symfony/Component/Console/Application->doRun(Object(Symfony/Component/Console/Input/ArgvInput), Object(Symfony/Component/Console/Output/ConsoleOutput))
#15 C:/laragon/www/sportmate_pemwebII-main/sportmate/vendor/laravel/framework/src/Illuminate/Foundation/Console/Kernel.php(198): Symfony/Component/Console/Application->run(Object(Symfony/Component/Console/Input/ArgvInput), Object(Symfony/Component/Console/Output/ConsoleOutput))
#16 C:/laragon/www/sportmate_pemwebII-main/sportmate/vendor/laravel/framework/src/Illuminate/Foundation/Application.php(1235): Illuminate/Foundation/Console/Kernel->handle(Object(Symfony/Component/Console/Input/ArgvInput), Object(Symfony/Component/Console/Output/ConsoleOutput))
#17 C:/laragon/www/sportmate_pemwebII-main/sportmate/artisan(14): Illuminate/Foundation/Application->handleCommand(Object(Symfony/Component/Console/Input/ArgvInput))
#18 {main}
"} 
[2026-07-10 03:07:01] local.ERROR: Command "event:update-status" is not defined.

Did you mean one of these?
    event:cache
    event:clear
    event:list {"exception":"[object] (Symfony\\Component\\Console\\Exception\\CommandNotFoundException(code: 0): Command \"event:update-status\" is not defined.

Did you mean one of these?
    event:cache
    event:clear
    event:list at C:/laragon/www/sportmate_pemwebII-main/sportmate/vendor/symfony/console/Application.php:759)
[stacktrace]
#0 C:/laragon/www/sportmate_pemwebII-main/sportmate/vendor/symfony/console/Application.php(298): Symfony/Component/Console/Application->find('event:update-st...')
#1 C:/laragon/www/sportmate_pemwebII-main/sportmate/vendor/symfony/console/Application.php(195): Symfony/Component/Console/Application->doRun(Object(Symfony/Component/Console/Input/ArgvInput), Object(Symfony/Component/Console/Output/ConsoleOutput))
#2 C:/laragon/www/sportmate_pemwebII-main/sportmate/vendor/laravel/framework/src/Illuminate/Foundation/Console/Kernel.php(198): Symfony/Component/Console/Application->run(Object(Symfony/Component/Console/Input/ArgvInput), Object(Symfony/Component/Console/Output/ConsoleOutput))
#3 C:/laragon/www/sportmate_pemwebII-main/sportmate/vendor/laravel/framework/src/Illuminate/Foundation/Application.php(1235): Illuminate/Foundation/Console/Kernel->handle(Object(Symfony/Component/Console/Input/ArgvInput), Object(Symfony/Component/Console/Output/ConsoleOutput))
#4 C:/laragon/www/sportmate_pemwebII-main/sportmate/artisan(14): Illuminate/Foundation/Application->handleCommand(Object(Symfony/Component/Console/Input/ArgvInput))
#5 {main}
"} 
[2026-07-10 03:07:01] local.ERROR: Scheduled command ["C:\laragon\bin\php\php-8.4.19-Win32-vs17-x64\php.exe" "artisan" event:update-status] failed with exit code [1]. {"exception":"[object] (Exception(code: 0): Scheduled command [\"C:\\laragon\\bin\\php\\php-8.4.19-Win32-vs17-x64\\php.exe\" \"artisan\" event:update-status] failed with exit code [1]. at C:/laragon/www/sportmate_pemwebII-main/sportmate/vendor/laravel/framework/src/Illuminate/Console/Scheduling/ScheduleRunCommand.php:207)
[stacktrace]
#0 C:/laragon/www/sportmate_pemwebII-main/sportmate/vendor/laravel/framework/src/Illuminate/Console/View/Components/Task.php(41): Illuminate/Console/Scheduling/ScheduleRunCommand->{closure:Illuminate/Console/Scheduling/ScheduleRunCommand::runEvent():191}()
#1 C:/laragon/www/sportmate_pemwebII-main/sportmate/vendor/laravel/framework/src/Illuminate/Console/View/Components/Factory.php(59): Illuminate/Console/View/Components/Task->render('<fg=gray>2026-0...', Object(Closure))
#2 C:/laragon/www/sportmate_pemwebII-main/sportmate/vendor/laravel/framework/src/Illuminate/Console/Scheduling/ScheduleRunCommand.php(191): Illuminate/Console/View/Components/Factory->__call('task', Array)
#3 C:/laragon/www/sportmate_pemwebII-main/sportmate/vendor/laravel/framework/src/Illuminate/Console/Scheduling/ScheduleRunCommand.php(134): Illuminate/Console/Scheduling/ScheduleRunCommand->runEvent(Object(Illuminate/Console/Scheduling/Event))
#4 C:/laragon/www/sportmate_pemwebII-main/sportmate/vendor/laravel/framework/src/Illuminate/Container/BoundMethod.php(36): Illuminate/Console/Scheduling/ScheduleRunCommand->handle(Object(Illuminate/Console/Scheduling/Schedule), Object(Illuminate/Events/Dispatcher), Object(Illuminate/Cache/Repository), Object(NunoMaduro/Collision/Adapters/Laravel/ExceptionHandler))
#5 C:/laragon/www/sportmate_pemwebII-main/sportmate/vendor/laravel/framework/src/Illuminate/Container/Util.php(43): Illuminate/Container/BoundMethod::{closure:Illuminate/Container/BoundMethod::call():35}()
#6 C:/laragon/www/sportmate_pemwebII-main/sportmate/vendor/laravel/framework/src/Illuminate/Container/BoundMethod.php(96): Illuminate/Container/Util::unwrapIfClosure(Object(Closure))
#7 C:/laragon/www/sportmate_pemwebII-main/sportmate/vendor/laravel/framework/src/Illuminate/Container/BoundMethod.php(35): Illuminate/Container/BoundMethod::callBoundMethod(Object(Illuminate/Foundation/Application), Array, Object(Closure))
#8 C:/laragon/www/sportmate_pemwebII-main/sportmate/vendor/laravel/framework/src/Illuminate/Container/Container.php(799): Illuminate/Container/BoundMethod::call(Object(Illuminate/Foundation/Application), Array, Array, NULL)
#9 C:/laragon/www/sportmate_pemwebII-main/sportmate/vendor/laravel/framework/src/Illuminate/Console/Command.php(211): Illuminate/Container/Container->call(Array)
#10 C:/laragon/www/sportmate_pemwebII-main/sportmate/vendor/symfony/console/Command/Command.php(341): Illuminate/Console/Command->execute(Object(Symfony/Component/Console/Input/ArgvInput), Object(Illuminate/Console/OutputStyle))
#11 C:/laragon/www/sportmate_pemwebII-main/sportmate/vendor/laravel/framework/src/Illuminate/Console/Command.php(180): Symfony/Component/Console/Command/Command->run(Object(Symfony/Component/Console/Input/ArgvInput), Object(Illuminate/Console/OutputStyle))
#12 C:/laragon/www/sportmate_pemwebII-main/sportmate/vendor/symfony/console/Application.php(1117): Illuminate/Console/Command->run(Object(Symfony/Component/Console/Input/ArgvInput), Object(Symfony/Component/Console/Output/ConsoleOutput))
#13 C:/laragon/www/sportmate_pemwebII-main/sportmate/vendor/symfony/console/Application.php(356): Symfony/Component/Console/Application->doRunCommand(Object(Illuminate/Console/Scheduling/ScheduleRunCommand), Object(Symfony/Component/Console/Input/ArgvInput), Object(Symfony/Component/Console/Output/ConsoleOutput))
#14 C:/laragon/www/sportmate_pemwebII-main/sportmate/vendor/symfony/console/Application.php(195): Symfony/Component/Console/Application->doRun(Object(Symfony/Component/Console/Input/ArgvInput), Object(Symfony/Component/Console/Output/ConsoleOutput))
#15 C:/laragon/www/sportmate_pemwebII-main/sportmate/vendor/laravel/framework/src/Illuminate/Foundation/Console/Kernel.php(198): Symfony/Component/Console/Application->run(Object(Symfony/Component/Console/Input/ArgvInput), Object(Symfony/Component/Console/Output/ConsoleOutput))
#16 C:/laragon/www/sportmate_pemwebII-main/sportmate/vendor/laravel/framework/src/Illuminate/Foundation/Application.php(1235): Illuminate/Foundation/Console/Kernel->handle(Object(Symfony/Component/Console/Input/ArgvInput), Object(Symfony/Component/Console/Output/ConsoleOutput))
#17 C:/laragon/www/sportmate_pemwebII-main/sportmate/artisan(14): Illuminate/Foundation/Application->handleCommand(Object(Symfony/Component/Console/Input/ArgvInput))
#18 {main}
"} 
[2026-07-10 03:08:02] local.ERROR: Command "event:update-status" is not defined.

Did you mean one of these?
    event:cache
    event:clear
    event:list {"exception":"[object] (Symfony\\Component\\Console\\Exception\\CommandNotFoundException(code: 0): Command \"event:update-status\" is not defined.

Did you mean one of these?
    event:cache
    event:clear
    event:list at C:/laragon/www/sportmate_pemwebII-main/sportmate/vendor/symfony/console/Application.php:759)
[stacktrace]
#0 C:/laragon/www/sportmate_pemwebII-main/sportmate/vendor/symfony/console/Application.php(298): Symfony/Component/Console/Application->find('event:update-st...')
#1 C:/laragon/www/sportmate_pemwebII-main/sportmate/vendor/symfony/console/Application.php(195): Symfony/Component/Console/Application->doRun(Object(Symfony/Component/Console/Input/ArgvInput), Object(Symfony/Component/Console/Output/ConsoleOutput))
#2 C:/laragon/www/sportmate_pemwebII-main/sportmate/vendor/laravel/framework/src/Illuminate/Foundation/Console/Kernel.php(198): Symfony/Component/Console/Application->run(Object(Symfony/Component/Console/Input/ArgvInput), Object(Symfony/Component/Console/Output/ConsoleOutput))
#3 C:/laragon/www/sportmate_pemwebII-main/sportmate/vendor/laravel/framework/src/Illuminate/Foundation/Application.php(1235): Illuminate/Foundation/Console/Kernel->handle(Object(Symfony/Component/Console/Input/ArgvInput), Object(Symfony/Component/Console/Output/ConsoleOutput))
#4 C:/laragon/www/sportmate_pemwebII-main/sportmate/artisan(14): Illuminate/Foundation/Application->handleCommand(Object(Symfony/Component/Console/Input/ArgvInput))
#5 {main}
"} 
[2026-07-10 03:08:02] local.ERROR: Scheduled command ["C:\laragon\bin\php\php-8.4.19-Win32-vs17-x64\php.exe" "artisan" event:update-status] failed with exit code [1]. {"exception":"[object] (Exception(code: 0): Scheduled command [\"C:\\laragon\\bin\\php\\php-8.4.19-Win32-vs17-x64\\php.exe\" \"artisan\" event:update-status] failed with exit code [1]. at C:/laragon/www/sportmate_pemwebII-main/sportmate/vendor/laravel/framework/src/Illuminate/Console/Scheduling/ScheduleRunCommand.php:207)
[stacktrace]
#0 C:/laragon/www/sportmate_pemwebII-main/sportmate/vendor/laravel/framework/src/Illuminate/Console/View/Components/Task.php(41): Illuminate/Console/Scheduling/ScheduleRunCommand->{closure:Illuminate/Console/Scheduling/ScheduleRunCommand::runEvent():191}()
#1 C:/laragon/www/sportmate_pemwebII-main/sportmate/vendor/laravel/framework/src/Illuminate/Console/View/Components/Factory.php(59): Illuminate/Console/View/Components/Task->render('<fg=gray>2026-0...', Object(Closure))
#2 C:/laragon/www/sportmate_pemwebII-main/sportmate/vendor/laravel/framework/src/Illuminate/Console/Scheduling/ScheduleRunCommand.php(191): Illuminate/Console/View/Components/Factory->__call('task', Array)
#3 C:/laragon/www/sportmate_pemwebII-main/sportmate/vendor/laravel/framework/src/Illuminate/Console/Scheduling/ScheduleRunCommand.php(134): Illuminate/Console/Scheduling/ScheduleRunCommand->runEvent(Object(Illuminate/Console/Scheduling/Event))
#4 C:/laragon/www/sportmate_pemwebII-main/sportmate/vendor/laravel/framework/src/Illuminate/Container/BoundMethod.php(36): Illuminate/Console/Scheduling/ScheduleRunCommand->handle(Object(Illuminate/Console/Scheduling/Schedule), Object(Illuminate/Events/Dispatcher), Object(Illuminate/Cache/Repository), Object(NunoMaduro/Collision/Adapters/Laravel/ExceptionHandler))
#5 C:/laragon/www/sportmate_pemwebII-main/sportmate/vendor/laravel/framework/src/Illuminate/Container/Util.php(43): Illuminate/Container/BoundMethod::{closure:Illuminate/Container/BoundMethod::call():35}()
#6 C:/laragon/www/sportmate_pemwebII-main/sportmate/vendor/laravel/framework/src/Illuminate/Container/BoundMethod.php(96): Illuminate/Container/Util::unwrapIfClosure(Object(Closure))
#7 C:/laragon/www/sportmate_pemwebII-main/sportmate/vendor/laravel/framework/src/Illuminate/Container/BoundMethod.php(35): Illuminate/Container/BoundMethod::callBoundMethod(Object(Illuminate/Foundation/Application), Array, Object(Closure))
#8 C:/laragon/www/sportmate_pemwebII-main/sportmate/vendor/laravel/framework/src/Illuminate/Container/Container.php(799): Illuminate/Container/BoundMethod::call(Object(Illuminate/Foundation/Application), Array, Array, NULL)
#9 C:/laragon/www/sportmate_pemwebII-main/sportmate/vendor/laravel/framework/src/Illuminate/Console/Command.php(211): Illuminate/Container/Container->call(Array)
#10 C:/laragon/www/sportmate_pemwebII-main/sportmate/vendor/symfony/console/Command/Command.php(341): Illuminate/Console/Command->execute(Object(Symfony/Component/Console/Input/ArgvInput), Object(Illuminate/Console/OutputStyle))
#11 C:/laragon/www/sportmate_pemwebII-main/sportmate/vendor/laravel/framework/src/Illuminate/Console/Command.php(180): Symfony/Component/Console/Command/Command->run(Object(Symfony/Component/Console/Input/ArgvInput), Object(Illuminate/Console/OutputStyle))
#12 C:/laragon/www/sportmate_pemwebII-main/sportmate/vendor/symfony/console/Application.php(1117): Illuminate/Console/Command->run(Object(Symfony/Component/Console/Input/ArgvInput), Object(Symfony/Component/Console/Output/ConsoleOutput))
#13 C:/laragon/www/sportmate_pemwebII-main/sportmate/vendor/symfony/console/Application.php(356): Symfony/Component/Console/Application->doRunCommand(Object(Illuminate/Console/Scheduling/ScheduleRunCommand), Object(Symfony/Component/Console/Input/ArgvInput), Object(Symfony/Component/Console/Output/ConsoleOutput))
#14 C:/laragon/www/sportmate_pemwebII-main/sportmate/vendor/symfony/console/Application.php(195): Symfony/Component/Console/Application->doRun(Object(Symfony/Component/Console/Input/ArgvInput), Object(Symfony/Component/Console/Output/ConsoleOutput))
#15 C:/laragon/www/sportmate_pemwebII-main/sportmate/vendor/laravel/framework/src/Illuminate/Foundation/Console/Kernel.php(198): Symfony/Component/Console/Application->run(Object(Symfony/Component/Console/Input/ArgvInput), Object(Symfony/Component/Console/Output/ConsoleOutput))
#16 C:/laragon/www/sportmate_pemwebII-main/sportmate/vendor/laravel/framework/src/Illuminate/Foundation/Application.php(1235): Illuminate/Foundation/Console/Kernel->handle(Object(Symfony/Component/Console/Input/ArgvInput), Object(Symfony/Component/Console/Output/ConsoleOutput))
#17 C:/laragon/www/sportmate_pemwebII-main/sportmate/artisan(14): Illuminate/Foundation/Application->handleCommand(Object(Symfony/Component/Console/Input/ArgvInput))
#18 {main}
"} 
[2026-07-10 03:09:02] local.ERROR: Command "event:update-status" is not defined.

Did you mean one of these?
    event:cache
    event:clear
    event:list {"exception":"[object] (Symfony\\Component\\Console\\Exception\\CommandNotFoundException(code: 0): Command \"event:update-status\" is not defined.

Did you mean one of these?
    event:cache
    event:clear
    event:list at C:/laragon/www/sportmate_pemwebII-main/sportmate/vendor/symfony/console/Application.php:759)
[stacktrace]
#0 C:/laragon/www/sportmate_pemwebII-main/sportmate/vendor/symfony/console/Application.php(298): Symfony/Component/Console/Application->find('event:update-st...')
#1 C:/laragon/www/sportmate_pemwebII-main/sportmate/vendor/symfony/console/Application.php(195): Symfony/Component/Console/Application->doRun(Object(Symfony/Component/Console/Input/ArgvInput), Object(Symfony/Component/Console/Output/ConsoleOutput))
#2 C:/laragon/www/sportmate_pemwebII-main/sportmate/vendor/laravel/framework/src/Illuminate/Foundation/Console/Kernel.php(198): Symfony/Component/Console/Application->run(Object(Symfony/Component/Console/Input/ArgvInput), Object(Symfony/Component/Console/Output/ConsoleOutput))
#3 C:/laragon/www/sportmate_pemwebII-main/sportmate/vendor/laravel/framework/src/Illuminate/Foundation/Application.php(1235): Illuminate/Foundation/Console/Kernel->handle(Object(Symfony/Component/Console/Input/ArgvInput), Object(Symfony/Component/Console/Output/ConsoleOutput))
#4 C:/laragon/www/sportmate_pemwebII-main/sportmate/artisan(14): Illuminate/Foundation/Application->handleCommand(Object(Symfony/Component/Console/Input/ArgvInput))
#5 {main}
"} 
[2026-07-10 03:09:02] local.ERROR: Scheduled command ["C:\laragon\bin\php\php-8.4.19-Win32-vs17-x64\php.exe" "artisan" event:update-status] failed with exit code [1]. {"exception":"[object] (Exception(code: 0): Scheduled command [\"C:\\laragon\\bin\\php\\php-8.4.19-Win32-vs17-x64\\php.exe\" \"artisan\" event:update-status] failed with exit code [1]. at C:/laragon/www/sportmate_pemwebII-main/sportmate/vendor/laravel/framework/src/Illuminate/Console/Scheduling/ScheduleRunCommand.php:207)
[stacktrace]
#0 C:/laragon/www/sportmate_pemwebII-main/sportmate/vendor/laravel/framework/src/Illuminate/Console/View/Components/Task.php(41): Illuminate/Console/Scheduling/ScheduleRunCommand->{closure:Illuminate/Console/Scheduling/ScheduleRunCommand::runEvent():191}()
#1 C:/laragon/www/sportmate_pemwebII-main/sportmate/vendor/laravel/framework/src/Illuminate/Console/View/Components/Factory.php(59): Illuminate/Console/View/Components/Task->render('<fg=gray>2026-0...', Object(Closure))
#2 C:/laragon/www/sportmate_pemwebII-main/sportmate/vendor/laravel/framework/src/Illuminate/Console/Scheduling/ScheduleRunCommand.php(191): Illuminate/Console/View/Components/Factory->__call('task', Array)
#3 C:/laragon/www/sportmate_pemwebII-main/sportmate/vendor/laravel/framework/src/Illuminate/Console/Scheduling/ScheduleRunCommand.php(134): Illuminate/Console/Scheduling/ScheduleRunCommand->runEvent(Object(Illuminate/Console/Scheduling/Event))
#4 C:/laragon/www/sportmate_pemwebII-main/sportmate/vendor/laravel/framework/src/Illuminate/Container/BoundMethod.php(36): Illuminate/Console/Scheduling/ScheduleRunCommand->handle(Object(Illuminate/Console/Scheduling/Schedule), Object(Illuminate/Events/Dispatcher), Object(Illuminate/Cache/Repository), Object(NunoMaduro/Collision/Adapters/Laravel/ExceptionHandler))
#5 C:/laragon/www/sportmate_pemwebII-main/sportmate/vendor/laravel/framework/src/Illuminate/Container/Util.php(43): Illuminate/Container/BoundMethod::{closure:Illuminate/Container/BoundMethod::call():35}()
#6 C:/laragon/www/sportmate_pemwebII-main/sportmate/vendor/laravel/framework/src/Illuminate/Container/BoundMethod.php(96): Illuminate/Container/Util::unwrapIfClosure(Object(Closure))
#7 C:/laragon/www/sportmate_pemwebII-main/sportmate/vendor/laravel/framework/src/Illuminate/Container/BoundMethod.php(35): Illuminate/Container/BoundMethod::callBoundMethod(Object(Illuminate/Foundation/Application), Array, Object(Closure))
#8 C:/laragon/www/sportmate_pemwebII-main/sportmate/vendor/laravel/framework/src/Illuminate/Container/Container.php(799): Illuminate/Container/BoundMethod::call(Object(Illuminate/Foundation/Application), Array, Array, NULL)
#9 C:/laragon/www/sportmate_pemwebII-main/sportmate/vendor/laravel/framework/src/Illuminate/Console/Command.php(211): Illuminate/Container/Container->call(Array)
#10 C:/laragon/www/sportmate_pemwebII-main/sportmate/vendor/symfony/console/Command/Command.php(341): Illuminate/Console/Command->execute(Object(Symfony/Component/Console/Input/ArgvInput), Object(Illuminate/Console/OutputStyle))
#11 C:/laragon/www/sportmate_pemwebII-main/sportmate/vendor/laravel/framework/src/Illuminate/Console/Command.php(180): Symfony/Component/Console/Command/Command->run(Object(Symfony/Component/Console/Input/ArgvInput), Object(Illuminate/Console/OutputStyle))
#12 C:/laragon/www/sportmate_pemwebII-main/sportmate/vendor/symfony/console/Application.php(1117): Illuminate/Console/Command->run(Object(Symfony/Component/Console/Input/ArgvInput), Object(Symfony/Component/Console/Output/ConsoleOutput))
#13 C:/laragon/www/sportmate_pemwebII-main/sportmate/vendor/symfony/console/Application.php(356): Symfony/Component/Console/Application->doRunCommand(Object(Illuminate/Console/Scheduling/ScheduleRunCommand), Object(Symfony/Component/Console/Input/ArgvInput), Object(Symfony/Component/Console/Output/ConsoleOutput))
#14 C:/laragon/www/sportmate_pemwebII-main/sportmate/vendor/symfony/console/Application.php(195): Symfony/Component/Console/Application->doRun(Object(Symfony/Component/Console/Input/ArgvInput), Object(Symfony/Component/Console/Output/ConsoleOutput))
#15 C:/laragon/www/sportmate_pemwebII-main/sportmate/vendor/laravel/framework/src/Illuminate/Foundation/Console/Kernel.php(198): Symfony/Component/Console/Application->run(Object(Symfony/Component/Console/Input/ArgvInput), Object(Symfony/Component/Console/Output/ConsoleOutput))
#16 C:/laragon/www/sportmate_pemwebII-main/sportmate/vendor/laravel/framework/src/Illuminate/Foundation/Application.php(1235): Illuminate/Foundation/Console/Kernel->handle(Object(Symfony/Component/Console/Input/ArgvInput), Object(Symfony/Component/Console/Output/ConsoleOutput))
#17 C:/laragon/www/sportmate_pemwebII-main/sportmate/artisan(14): Illuminate/Foundation/Application->handleCommand(Object(Symfony/Component/Console/Input/ArgvInput))
#18 {main}
"} 
[2026-07-10 03:10:02] local.ERROR: Command "event:update-status" is not defined.

Did you mean one of these?
    event:cache
    event:clear
    event:list {"exception":"[object] (Symfony\\Component\\Console\\Exception\\CommandNotFoundException(code: 0): Command \"event:update-status\" is not defined.

Did you mean one of these?
    event:cache
    event:clear
    event:list at C:/laragon/www/sportmate_pemwebII-main/sportmate/vendor/symfony/console/Application.php:759)
[stacktrace]
#0 C:/laragon/www/sportmate_pemwebII-main/sportmate/vendor/symfony/console/Application.php(298): Symfony/Component/Console/Application->find('event:update-st...')
#1 C:/laragon/www/sportmate_pemwebII-main/sportmate/vendor/symfony/console/Application.php(195): Symfony/Component/Console/Application->doRun(Object(Symfony/Component/Console/Input/ArgvInput), Object(Symfony/Component/Console/Output/ConsoleOutput))
#2 C:/laragon/www/sportmate_pemwebII-main/sportmate/vendor/laravel/framework/src/Illuminate/Foundation/Console/Kernel.php(198): Symfony/Component/Console/Application->run(Object(Symfony/Component/Console/Input/ArgvInput), Object(Symfony/Component/Console/Output/ConsoleOutput))
#3 C:/laragon/www/sportmate_pemwebII-main/sportmate/vendor/laravel/framework/src/Illuminate/Foundation/Application.php(1235): Illuminate/Foundation/Console/Kernel->handle(Object(Symfony/Component/Console/Input/ArgvInput), Object(Symfony/Component/Console/Output/ConsoleOutput))
#4 C:/laragon/www/sportmate_pemwebII-main/sportmate/artisan(14): Illuminate/Foundation/Application->handleCommand(Object(Symfony/Component/Console/Input/ArgvInput))
#5 {main}
"} 
[2026-07-10 03:10:02] local.ERROR: Scheduled command ["C:\laragon\bin\php\php-8.4.19-Win32-vs17-x64\php.exe" "artisan" event:update-status] failed with exit code [1]. {"exception":"[object] (Exception(code: 0): Scheduled command [\"C:\\laragon\\bin\\php\\php-8.4.19-Win32-vs17-x64\\php.exe\" \"artisan\" event:update-status] failed with exit code [1]. at C:/laragon/www/sportmate_pemwebII-main/sportmate/vendor/laravel/framework/src/Illuminate/Console/Scheduling/ScheduleRunCommand.php:207)
[stacktrace]
#0 C:/laragon/www/sportmate_pemwebII-main/sportmate/vendor/laravel/framework/src/Illuminate/Console/View/Components/Task.php(41): Illuminate/Console/Scheduling/ScheduleRunCommand->{closure:Illuminate/Console/Scheduling/ScheduleRunCommand::runEvent():191}()
#1 C:/laragon/www/sportmate_pemwebII-main/sportmate/vendor/laravel/framework/src/Illuminate/Console/View/Components/Factory.php(59): Illuminate/Console/View/Components/Task->render('<fg=gray>2026-0...', Object(Closure))
#2 C:/laragon/www/sportmate_pemwebII-main/sportmate/vendor/laravel/framework/src/Illuminate/Console/Scheduling/ScheduleRunCommand.php(191): Illuminate/Console/View/Components/Factory->__call('task', Array)
#3 C:/laragon/www/sportmate_pemwebII-main/sportmate/vendor/laravel/framework/src/Illuminate/Console/Scheduling/ScheduleRunCommand.php(134): Illuminate/Console/Scheduling/ScheduleRunCommand->runEvent(Object(Illuminate/Console/Scheduling/Event))
#4 C:/laragon/www/sportmate_pemwebII-main/sportmate/vendor/laravel/framework/src/Illuminate/Container/BoundMethod.php(36): Illuminate/Console/Scheduling/ScheduleRunCommand->handle(Object(Illuminate/Console/Scheduling/Schedule), Object(Illuminate/Events/Dispatcher), Object(Illuminate/Cache/Repository), Object(NunoMaduro/Collision/Adapters/Laravel/ExceptionHandler))
#5 C:/laragon/www/sportmate_pemwebII-main/sportmate/vendor/laravel/framework/src/Illuminate/Container/Util.php(43): Illuminate/Container/BoundMethod::{closure:Illuminate/Container/BoundMethod::call():35}()
#6 C:/laragon/www/sportmate_pemwebII-main/sportmate/vendor/laravel/framework/src/Illuminate/Container/BoundMethod.php(96): Illuminate/Container/Util::unwrapIfClosure(Object(Closure))
#7 C:/laragon/www/sportmate_pemwebII-main/sportmate/vendor/laravel/framework/src/Illuminate/Container/BoundMethod.php(35): Illuminate/Container/BoundMethod::callBoundMethod(Object(Illuminate/Foundation/Application), Array, Object(Closure))
#8 C:/laragon/www/sportmate_pemwebII-main/sportmate/vendor/laravel/framework/src/Illuminate/Container/Container.php(799): Illuminate/Container/BoundMethod::call(Object(Illuminate/Foundation/Application), Array, Array, NULL)
#9 C:/laragon/www/sportmate_pemwebII-main/sportmate/vendor/laravel/framework/src/Illuminate/Console/Command.php(211): Illuminate/Container/Container->call(Array)
#10 C:/laragon/www/sportmate_pemwebII-main/sportmate/vendor/symfony/console/Command/Command.php(341): Illuminate/Console/Command->execute(Object(Symfony/Component/Console/Input/ArgvInput), Object(Illuminate/Console/OutputStyle))
#11 C:/laragon/www/sportmate_pemwebII-main/sportmate/vendor/laravel/framework/src/Illuminate/Console/Command.php(180): Symfony/Component/Console/Command/Command->run(Object(Symfony/Component/Console/Input/ArgvInput), Object(Illuminate/Console/OutputStyle))
#12 C:/laragon/www/sportmate_pemwebII-main/sportmate/vendor/symfony/console/Application.php(1117): Illuminate/Console/Command->run(Object(Symfony/Component/Console/Input/ArgvInput), Object(Symfony/Component/Console/Output/ConsoleOutput))
#13 C:/laragon/www/sportmate_pemwebII-main/sportmate/vendor/symfony/console/Application.php(356): Symfony/Component/Console/Application->doRunCommand(Object(Illuminate/Console/Scheduling/ScheduleRunCommand), Object(Symfony/Component/Console/Input/ArgvInput), Object(Symfony/Component/Console/Output/ConsoleOutput))
#14 C:/laragon/www/sportmate_pemwebII-main/sportmate/vendor/symfony/console/Application.php(195): Symfony/Component/Console/Application->doRun(Object(Symfony/Component/Console/Input/ArgvInput), Object(Symfony/Component/Console/Output/ConsoleOutput))
#15 C:/laragon/www/sportmate_pemwebII-main/sportmate/vendor/laravel/framework/src/Illuminate/Foundation/Console/Kernel.php(198): Symfony/Component/Console/Application->run(Object(Symfony/Component/Console/Input/ArgvInput), Object(Symfony/Component/Console/Output/ConsoleOutput))
#16 C:/laragon/www/sportmate_pemwebII-main/sportmate/vendor/laravel/framework/src/Illuminate/Foundation/Application.php(1235): Illuminate/Foundation/Console/Kernel->handle(Object(Symfony/Component/Console/Input/ArgvInput), Object(Symfony/Component/Console/Output/ConsoleOutput))
#17 C:/laragon/www/sportmate_pemwebII-main/sportmate/artisan(14): Illuminate/Foundation/Application->handleCommand(Object(Symfony/Component/Console/Input/ArgvInput))
#18 {main}
"} 
[2026-07-10 03:11:02] local.ERROR: Command "event:update-status" is not defined.

Did you mean one of these?
    event:cache
    event:clear
    event:list {"exception":"[object] (Symfony\\Component\\Console\\Exception\\CommandNotFoundException(code: 0): Command \"event:update-status\" is not defined.

Did you mean one of these?
    event:cache
    event:clear
    event:list at C:/laragon/www/sportmate_pemwebII-main/sportmate/vendor/symfony/console/Application.php:759)
[stacktrace]
#0 C:/laragon/www/sportmate_pemwebII-main/sportmate/vendor/symfony/console/Application.php(298): Symfony/Component/Console/Application->find('event:update-st...')
#1 C:/laragon/www/sportmate_pemwebII-main/sportmate/vendor/symfony/console/Application.php(195): Symfony/Component/Console/Application->doRun(Object(Symfony/Component/Console/Input/ArgvInput), Object(Symfony/Component/Console/Output/ConsoleOutput))
#2 C:/laragon/www/sportmate_pemwebII-main/sportmate/vendor/laravel/framework/src/Illuminate/Foundation/Console/Kernel.php(198): Symfony/Component/Console/Application->run(Object(Symfony/Component/Console/Input/ArgvInput), Object(Symfony/Component/Console/Output/ConsoleOutput))
#3 C:/laragon/www/sportmate_pemwebII-main/sportmate/vendor/laravel/framework/src/Illuminate/Foundation/Application.php(1235): Illuminate/Foundation/Console/Kernel->handle(Object(Symfony/Component/Console/Input/ArgvInput), Object(Symfony/Component/Console/Output/ConsoleOutput))
#4 C:/laragon/www/sportmate_pemwebII-main/sportmate/artisan(14): Illuminate/Foundation/Application->handleCommand(Object(Symfony/Component/Console/Input/ArgvInput))
#5 {main}
"} 
[2026-07-10 03:11:02] local.ERROR: Scheduled command ["C:\laragon\bin\php\php-8.4.19-Win32-vs17-x64\php.exe" "artisan" event:update-status] failed with exit code [1]. {"exception":"[object] (Exception(code: 0): Scheduled command [\"C:\\laragon\\bin\\php\\php-8.4.19-Win32-vs17-x64\\php.exe\" \"artisan\" event:update-status] failed with exit code [1]. at C:/laragon/www/sportmate_pemwebII-main/sportmate/vendor/laravel/framework/src/Illuminate/Console/Scheduling/ScheduleRunCommand.php:207)
[stacktrace]
#0 C:/laragon/www/sportmate_pemwebII-main/sportmate/vendor/laravel/framework/src/Illuminate/Console/View/Components/Task.php(41): Illuminate/Console/Scheduling/ScheduleRunCommand->{closure:Illuminate/Console/Scheduling/ScheduleRunCommand::runEvent():191}()
#1 C:/laragon/www/sportmate_pemwebII-main/sportmate/vendor/laravel/framework/src/Illuminate/Console/View/Components/Factory.php(59): Illuminate/Console/View/Components/Task->render('<fg=gray>2026-0...', Object(Closure))
#2 C:/laragon/www/sportmate_pemwebII-main/sportmate/vendor/laravel/framework/src/Illuminate/Console/Scheduling/ScheduleRunCommand.php(191): Illuminate/Console/View/Components/Factory->__call('task', Array)
#3 C:/laragon/www/sportmate_pemwebII-main/sportmate/vendor/laravel/framework/src/Illuminate/Console/Scheduling/ScheduleRunCommand.php(134): Illuminate/Console/Scheduling/ScheduleRunCommand->runEvent(Object(Illuminate/Console/Scheduling/Event))
#4 C:/laragon/www/sportmate_pemwebII-main/sportmate/vendor/laravel/framework/src/Illuminate/Container/BoundMethod.php(36): Illuminate/Console/Scheduling/ScheduleRunCommand->handle(Object(Illuminate/Console/Scheduling/Schedule), Object(Illuminate/Events/Dispatcher), Object(Illuminate/Cache/Repository), Object(NunoMaduro/Collision/Adapters/Laravel/ExceptionHandler))
#5 C:/laragon/www/sportmate_pemwebII-main/sportmate/vendor/laravel/framework/src/Illuminate/Container/Util.php(43): Illuminate/Container/BoundMethod::{closure:Illuminate/Container/BoundMethod::call():35}()
#6 C:/laragon/www/sportmate_pemwebII-main/sportmate/vendor/laravel/framework/src/Illuminate/Container/BoundMethod.php(96): Illuminate/Container/Util::unwrapIfClosure(Object(Closure))
#7 C:/laragon/www/sportmate_pemwebII-main/sportmate/vendor/laravel/framework/src/Illuminate/Container/BoundMethod.php(35): Illuminate/Container/BoundMethod::callBoundMethod(Object(Illuminate/Foundation/Application), Array, Object(Closure))
#8 C:/laragon/www/sportmate_pemwebII-main/sportmate/vendor/laravel/framework/src/Illuminate/Container/Container.php(799): Illuminate/Container/BoundMethod::call(Object(Illuminate/Foundation/Application), Array, Array, NULL)
#9 C:/laragon/www/sportmate_pemwebII-main/sportmate/vendor/laravel/framework/src/Illuminate/Console/Command.php(211): Illuminate/Container/Container->call(Array)
#10 C:/laragon/www/sportmate_pemwebII-main/sportmate/vendor/symfony/console/Command/Command.php(341): Illuminate/Console/Command->execute(Object(Symfony/Component/Console/Input/ArgvInput), Object(Illuminate/Console/OutputStyle))
#11 C:/laragon/www/sportmate_pemwebII-main/sportmate/vendor/laravel/framework/src/Illuminate/Console/Command.php(180): Symfony/Component/Console/Command/Command->run(Object(Symfony/Component/Console/Input/ArgvInput), Object(Illuminate/Console/OutputStyle))
#12 C:/laragon/www/sportmate_pemwebII-main/sportmate/vendor/symfony/console/Application.php(1117): Illuminate/Console/Command->run(Object(Symfony/Component/Console/Input/ArgvInput), Object(Symfony/Component/Console/Output/ConsoleOutput))
#13 C:/laragon/www/sportmate_pemwebII-main/sportmate/vendor/symfony/console/Application.php(356): Symfony/Component/Console/Application->doRunCommand(Object(Illuminate/Console/Scheduling/ScheduleRunCommand), Object(Symfony/Component/Console/Input/ArgvInput), Object(Symfony/Component/Console/Output/ConsoleOutput))
#14 C:/laragon/www/sportmate_pemwebII-main/sportmate/vendor/symfony/console/Application.php(195): Symfony/Component/Console/Application->doRun(Object(Symfony/Component/Console/Input/ArgvInput), Object(Symfony/Component/Console/Output/ConsoleOutput))
#15 C:/laragon/www/sportmate_pemwebII-main/sportmate/vendor/laravel/framework/src/Illuminate/Foundation/Console/Kernel.php(198): Symfony/Component/Console/Application->run(Object(Symfony/Component/Console/Input/ArgvInput), Object(Symfony/Component/Console/Output/ConsoleOutput))
#16 C:/laragon/www/sportmate_pemwebII-main/sportmate/vendor/laravel/framework/src/Illuminate/Foundation/Application.php(1235): Illuminate/Foundation/Console/Kernel->handle(Object(Symfony/Component/Console/Input/ArgvInput), Object(Symfony/Component/Console/Output/ConsoleOutput))
#17 C:/laragon/www/sportmate_pemwebII-main/sportmate/artisan(14): Illuminate/Foundation/Application->handleCommand(Object(Symfony/Component/Console/Input/ArgvInput))
#18 {main}
"} 
[2026-07-10 03:14:02] local.ERROR: Command "event:update-status" is not defined.

Did you mean one of these?
    event:cache
    event:clear
    event:list {"exception":"[object] (Symfony\\Component\\Console\\Exception\\CommandNotFoundException(code: 0): Command \"event:update-status\" is not defined.

Did you mean one of these?
    event:cache
    event:clear
    event:list at C:/laragon/www/sportmate_pemwebII-main/sportmate/vendor/symfony/console/Application.php:759)
[stacktrace]
#0 C:/laragon/www/sportmate_pemwebII-main/sportmate/vendor/symfony/console/Application.php(298): Symfony/Component/Console/Application->find('event:update-st...')
#1 C:/laragon/www/sportmate_pemwebII-main/sportmate/vendor/symfony/console/Application.php(195): Symfony/Component/Console/Application->doRun(Object(Symfony/Component/Console/Input/ArgvInput), Object(Symfony/Component/Console/Output/ConsoleOutput))
#2 C:/laragon/www/sportmate_pemwebII-main/sportmate/vendor/laravel/framework/src/Illuminate/Foundation/Console/Kernel.php(198): Symfony/Component/Console/Application->run(Object(Symfony/Component/Console/Input/ArgvInput), Object(Symfony/Component/Console/Output/ConsoleOutput))
#3 C:/laragon/www/sportmate_pemwebII-main/sportmate/vendor/laravel/framework/src/Illuminate/Foundation/Application.php(1235): Illuminate/Foundation/Console/Kernel->handle(Object(Symfony/Component/Console/Input/ArgvInput), Object(Symfony/Component/Console/Output/ConsoleOutput))
#4 C:/laragon/www/sportmate_pemwebII-main/sportmate/artisan(14): Illuminate/Foundation/Application->handleCommand(Object(Symfony/Component/Console/Input/ArgvInput))
#5 {main}
"} 
[2026-07-10 03:14:02] local.ERROR: Scheduled command ["C:\laragon\bin\php\php-8.4.19-Win32-vs17-x64\php.exe" "artisan" event:update-status] failed with exit code [1]. {"exception":"[object] (Exception(code: 0): Scheduled command [\"C:\\laragon\\bin\\php\\php-8.4.19-Win32-vs17-x64\\php.exe\" \"artisan\" event:update-status] failed with exit code [1]. at C:/laragon/www/sportmate_pemwebII-main/sportmate/vendor/laravel/framework/src/Illuminate/Console/Scheduling/ScheduleRunCommand.php:207)
[stacktrace]
#0 C:/laragon/www/sportmate_pemwebII-main/sportmate/vendor/laravel/framework/src/Illuminate/Console/View/Components/Task.php(41): Illuminate/Console/Scheduling/ScheduleRunCommand->{closure:Illuminate/Console/Scheduling/ScheduleRunCommand::runEvent():191}()
#1 C:/laragon/www/sportmate_pemwebII-main/sportmate/vendor/laravel/framework/src/Illuminate/Console/View/Components/Factory.php(59): Illuminate/Console/View/Components/Task->render('<fg=gray>2026-0...', Object(Closure))
#2 C:/laragon/www/sportmate_pemwebII-main/sportmate/vendor/laravel/framework/src/Illuminate/Console/Scheduling/ScheduleRunCommand.php(191): Illuminate/Console/View/Components/Factory->__call('task', Array)
#3 C:/laragon/www/sportmate_pemwebII-main/sportmate/vendor/laravel/framework/src/Illuminate/Console/Scheduling/ScheduleRunCommand.php(134): Illuminate/Console/Scheduling/ScheduleRunCommand->runEvent(Object(Illuminate/Console/Scheduling/Event))
#4 C:/laragon/www/sportmate_pemwebII-main/sportmate/vendor/laravel/framework/src/Illuminate/Container/BoundMethod.php(36): Illuminate/Console/Scheduling/ScheduleRunCommand->handle(Object(Illuminate/Console/Scheduling/Schedule), Object(Illuminate/Events/Dispatcher), Object(Illuminate/Cache/Repository), Object(NunoMaduro/Collision/Adapters/Laravel/ExceptionHandler))
#5 C:/laragon/www/sportmate_pemwebII-main/sportmate/vendor/laravel/framework/src/Illuminate/Container/Util.php(43): Illuminate/Container/BoundMethod::{closure:Illuminate/Container/BoundMethod::call():35}()
#6 C:/laragon/www/sportmate_pemwebII-main/sportmate/vendor/laravel/framework/src/Illuminate/Container/BoundMethod.php(96): Illuminate/Container/Util::unwrapIfClosure(Object(Closure))
#7 C:/laragon/www/sportmate_pemwebII-main/sportmate/vendor/laravel/framework/src/Illuminate/Container/BoundMethod.php(35): Illuminate/Container/BoundMethod::callBoundMethod(Object(Illuminate/Foundation/Application), Array, Object(Closure))
#8 C:/laragon/www/sportmate_pemwebII-main/sportmate/vendor/laravel/framework/src/Illuminate/Container/Container.php(799): Illuminate/Container/BoundMethod::call(Object(Illuminate/Foundation/Application), Array, Array, NULL)
#9 C:/laragon/www/sportmate_pemwebII-main/sportmate/vendor/laravel/framework/src/Illuminate/Console/Command.php(211): Illuminate/Container/Container->call(Array)
#10 C:/laragon/www/sportmate_pemwebII-main/sportmate/vendor/symfony/console/Command/Command.php(341): Illuminate/Console/Command->execute(Object(Symfony/Component/Console/Input/ArgvInput), Object(Illuminate/Console/OutputStyle))
#11 C:/laragon/www/sportmate_pemwebII-main/sportmate/vendor/laravel/framework/src/Illuminate/Console/Command.php(180): Symfony/Component/Console/Command/Command->run(Object(Symfony/Component/Console/Input/ArgvInput), Object(Illuminate/Console/OutputStyle))
#12 C:/laragon/www/sportmate_pemwebII-main/sportmate/vendor/symfony/console/Application.php(1117): Illuminate/Console/Command->run(Object(Symfony/Component/Console/Input/ArgvInput), Object(Symfony/Component/Console/Output/ConsoleOutput))
#13 C:/laragon/www/sportmate_pemwebII-main/sportmate/vendor/symfony/console/Application.php(356): Symfony/Component/Console/Application->doRunCommand(Object(Illuminate/Console/Scheduling/ScheduleRunCommand), Object(Symfony/Component/Console/Input/ArgvInput), Object(Symfony/Component/Console/Output/ConsoleOutput))
#14 C:/laragon/www/sportmate_pemwebII-main/sportmate/vendor/symfony/console/Application.php(195): Symfony/Component/Console/Application->doRun(Object(Symfony/Component/Console/Input/ArgvInput), Object(Symfony/Component/Console/Output/ConsoleOutput))
#15 C:/laragon/www/sportmate_pemwebII-main/sportmate/vendor/laravel/framework/src/Illuminate/Foundation/Console/Kernel.php(198): Symfony/Component/Console/Application->run(Object(Symfony/Component/Console/Input/ArgvInput), Object(Symfony/Component/Console/Output/ConsoleOutput))
#16 C:/laragon/www/sportmate_pemwebII-main/sportmate/vendor/laravel/framework/src/Illuminate/Foundation/Application.php(1235): Illuminate/Foundation/Console/Kernel->handle(Object(Symfony/Component/Console/Input/ArgvInput), Object(Symfony/Component/Console/Output/ConsoleOutput))
#17 C:/laragon/www/sportmate_pemwebII-main/sportmate/artisan(14): Illuminate/Foundation/Application->handleCommand(Object(Symfony/Component/Console/Input/ArgvInput))
#18 {main}
"} 
[2026-07-10 03:15:02] local.ERROR: Command "event:update-status" is not defined.

Did you mean one of these?
    event:cache
    event:clear
    event:list {"exception":"[object] (Symfony\\Component\\Console\\Exception\\CommandNotFoundException(code: 0): Command \"event:update-status\" is not defined.

Did you mean one of these?
    event:cache
    event:clear
    event:list at C:/laragon/www/sportmate_pemwebII-main/sportmate/vendor/symfony/console/Application.php:759)
[stacktrace]
#0 C:/laragon/www/sportmate_pemwebII-main/sportmate/vendor/symfony/console/Application.php(298): Symfony/Component/Console/Application->find('event:update-st...')
#1 C:/laragon/www/sportmate_pemwebII-main/sportmate/vendor/symfony/console/Application.php(195): Symfony/Component/Console/Application->doRun(Object(Symfony/Component/Console/Input/ArgvInput), Object(Symfony/Component/Console/Output/ConsoleOutput))
#2 C:/laragon/www/sportmate_pemwebII-main/sportmate/vendor/laravel/framework/src/Illuminate/Foundation/Console/Kernel.php(198): Symfony/Component/Console/Application->run(Object(Symfony/Component/Console/Input/ArgvInput), Object(Symfony/Component/Console/Output/ConsoleOutput))
#3 C:/laragon/www/sportmate_pemwebII-main/sportmate/vendor/laravel/framework/src/Illuminate/Foundation/Application.php(1235): Illuminate/Foundation/Console/Kernel->handle(Object(Symfony/Component/Console/Input/ArgvInput), Object(Symfony/Component/Console/Output/ConsoleOutput))
#4 C:/laragon/www/sportmate_pemwebII-main/sportmate/artisan(14): Illuminate/Foundation/Application->handleCommand(Object(Symfony/Component/Console/Input/ArgvInput))
#5 {main}
"} 
[2026-07-10 03:15:02] local.ERROR: Scheduled command ["C:\laragon\bin\php\php-8.4.19-Win32-vs17-x64\php.exe" "artisan" event:update-status] failed with exit code [1]. {"exception":"[object] (Exception(code: 0): Scheduled command [\"C:\\laragon\\bin\\php\\php-8.4.19-Win32-vs17-x64\\php.exe\" \"artisan\" event:update-status] failed with exit code [1]. at C:/laragon/www/sportmate_pemwebII-main/sportmate/vendor/laravel/framework/src/Illuminate/Console/Scheduling/ScheduleRunCommand.php:207)
[stacktrace]
#0 C:/laragon/www/sportmate_pemwebII-main/sportmate/vendor/laravel/framework/src/Illuminate/Console/View/Components/Task.php(41): Illuminate/Console/Scheduling/ScheduleRunCommand->{closure:Illuminate/Console/Scheduling/ScheduleRunCommand::runEvent():191}()
#1 C:/laragon/www/sportmate_pemwebII-main/sportmate/vendor/laravel/framework/src/Illuminate/Console/View/Components/Factory.php(59): Illuminate/Console/View/Components/Task->render('<fg=gray>2026-0...', Object(Closure))
#2 C:/laragon/www/sportmate_pemwebII-main/sportmate/vendor/laravel/framework/src/Illuminate/Console/Scheduling/ScheduleRunCommand.php(191): Illuminate/Console/View/Components/Factory->__call('task', Array)
#3 C:/laragon/www/sportmate_pemwebII-main/sportmate/vendor/laravel/framework/src/Illuminate/Console/Scheduling/ScheduleRunCommand.php(134): Illuminate/Console/Scheduling/ScheduleRunCommand->runEvent(Object(Illuminate/Console/Scheduling/Event))
#4 C:/laragon/www/sportmate_pemwebII-main/sportmate/vendor/laravel/framework/src/Illuminate/Container/BoundMethod.php(36): Illuminate/Console/Scheduling/ScheduleRunCommand->handle(Object(Illuminate/Console/Scheduling/Schedule), Object(Illuminate/Events/Dispatcher), Object(Illuminate/Cache/Repository), Object(NunoMaduro/Collision/Adapters/Laravel/ExceptionHandler))
#5 C:/laragon/www/sportmate_pemwebII-main/sportmate/vendor/laravel/framework/src/Illuminate/Container/Util.php(43): Illuminate/Container/BoundMethod::{closure:Illuminate/Container/BoundMethod::call():35}()
#6 C:/laragon/www/sportmate_pemwebII-main/sportmate/vendor/laravel/framework/src/Illuminate/Container/BoundMethod.php(96): Illuminate/Container/Util::unwrapIfClosure(Object(Closure))
#7 C:/laragon/www/sportmate_pemwebII-main/sportmate/vendor/laravel/framework/src/Illuminate/Container/BoundMethod.php(35): Illuminate/Container/BoundMethod::callBoundMethod(Object(Illuminate/Foundation/Application), Array, Object(Closure))
#8 C:/laragon/www/sportmate_pemwebII-main/sportmate/vendor/laravel/framework/src/Illuminate/Container/Container.php(799): Illuminate/Container/BoundMethod::call(Object(Illuminate/Foundation/Application), Array, Array, NULL)
#9 C:/laragon/www/sportmate_pemwebII-main/sportmate/vendor/laravel/framework/src/Illuminate/Console/Command.php(211): Illuminate/Container/Container->call(Array)
#10 C:/laragon/www/sportmate_pemwebII-main/sportmate/vendor/symfony/console/Command/Command.php(341): Illuminate/Console/Command->execute(Object(Symfony/Component/Console/Input/ArgvInput), Object(Illuminate/Console/OutputStyle))
#11 C:/laragon/www/sportmate_pemwebII-main/sportmate/vendor/laravel/framework/src/Illuminate/Console/Command.php(180): Symfony/Component/Console/Command/Command->run(Object(Symfony/Component/Console/Input/ArgvInput), Object(Illuminate/Console/OutputStyle))
#12 C:/laragon/www/sportmate_pemwebII-main/sportmate/vendor/symfony/console/Application.php(1117): Illuminate/Console/Command->run(Object(Symfony/Component/Console/Input/ArgvInput), Object(Symfony/Component/Console/Output/ConsoleOutput))
#13 C:/laragon/www/sportmate_pemwebII-main/sportmate/vendor/symfony/console/Application.php(356): Symfony/Component/Console/Application->doRunCommand(Object(Illuminate/Console/Scheduling/ScheduleRunCommand), Object(Symfony/Component/Console/Input/ArgvInput), Object(Symfony/Component/Console/Output/ConsoleOutput))
#14 C:/laragon/www/sportmate_pemwebII-main/sportmate/vendor/symfony/console/Application.php(195): Symfony/Component/Console/Application->doRun(Object(Symfony/Component/Console/Input/ArgvInput), Object(Symfony/Component/Console/Output/ConsoleOutput))
#15 C:/laragon/www/sportmate_pemwebII-main/sportmate/vendor/laravel/framework/src/Illuminate/Foundation/Console/Kernel.php(198): Symfony/Component/Console/Application->run(Object(Symfony/Component/Console/Input/ArgvInput), Object(Symfony/Component/Console/Output/ConsoleOutput))
#16 C:/laragon/www/sportmate_pemwebII-main/sportmate/vendor/laravel/framework/src/Illuminate/Foundation/Application.php(1235): Illuminate/Foundation/Console/Kernel->handle(Object(Symfony/Component/Console/Input/ArgvInput), Object(Symfony/Component/Console/Output/ConsoleOutput))
#17 C:/laragon/www/sportmate_pemwebII-main/sportmate/artisan(14): Illuminate/Foundation/Application->handleCommand(Object(Symfony/Component/Console/Input/ArgvInput))
#18 {main}
"} 
[2026-07-10 03:16:02] local.ERROR: Command "event:update-status" is not defined.

Did you mean one of these?
    event:cache
    event:clear
    event:list {"exception":"[object] (Symfony\\Component\\Console\\Exception\\CommandNotFoundException(code: 0): Command \"event:update-status\" is not defined.

Did you mean one of these?
    event:cache
    event:clear
    event:list at C:/laragon/www/sportmate_pemwebII-main/sportmate/vendor/symfony/console/Application.php:759)
[stacktrace]
#0 C:/laragon/www/sportmate_pemwebII-main/sportmate/vendor/symfony/console/Application.php(298): Symfony/Component/Console/Application->find('event:update-st...')
#1 C:/laragon/www/sportmate_pemwebII-main/sportmate/vendor/symfony/console/Application.php(195): Symfony/Component/Console/Application->doRun(Object(Symfony/Component/Console/Input/ArgvInput), Object(Symfony/Component/Console/Output/ConsoleOutput))
#2 C:/laragon/www/sportmate_pemwebII-main/sportmate/vendor/laravel/framework/src/Illuminate/Foundation/Console/Kernel.php(198): Symfony/Component/Console/Application->run(Object(Symfony/Component/Console/Input/ArgvInput), Object(Symfony/Component/Console/Output/ConsoleOutput))
#3 C:/laragon/www/sportmate_pemwebII-main/sportmate/vendor/laravel/framework/src/Illuminate/Foundation/Application.php(1235): Illuminate/Foundation/Console/Kernel->handle(Object(Symfony/Component/Console/Input/ArgvInput), Object(Symfony/Component/Console/Output/ConsoleOutput))
#4 C:/laragon/www/sportmate_pemwebII-main/sportmate/artisan(14): Illuminate/Foundation/Application->handleCommand(Object(Symfony/Component/Console/Input/ArgvInput))
#5 {main}
"} 
[2026-07-10 03:16:02] local.ERROR: Scheduled command ["C:\laragon\bin\php\php-8.4.19-Win32-vs17-x64\php.exe" "artisan" event:update-status] failed with exit code [1]. {"exception":"[object] (Exception(code: 0): Scheduled command [\"C:\\laragon\\bin\\php\\php-8.4.19-Win32-vs17-x64\\php.exe\" \"artisan\" event:update-status] failed with exit code [1]. at C:/laragon/www/sportmate_pemwebII-main/sportmate/vendor/laravel/framework/src/Illuminate/Console/Scheduling/ScheduleRunCommand.php:207)
[stacktrace]
#0 C:/laragon/www/sportmate_pemwebII-main/sportmate/vendor/laravel/framework/src/Illuminate/Console/View/Components/Task.php(41): Illuminate/Console/Scheduling/ScheduleRunCommand->{closure:Illuminate/Console/Scheduling/ScheduleRunCommand::runEvent():191}()
#1 C:/laragon/www/sportmate_pemwebII-main/sportmate/vendor/laravel/framework/src/Illuminate/Console/View/Components/Factory.php(59): Illuminate/Console/View/Components/Task->render('<fg=gray>2026-0...', Object(Closure))
#2 C:/laragon/www/sportmate_pemwebII-main/sportmate/vendor/laravel/framework/src/Illuminate/Console/Scheduling/ScheduleRunCommand.php(191): Illuminate/Console/View/Components/Factory->__call('task', Array)
#3 C:/laragon/www/sportmate_pemwebII-main/sportmate/vendor/laravel/framework/src/Illuminate/Console/Scheduling/ScheduleRunCommand.php(134): Illuminate/Console/Scheduling/ScheduleRunCommand->runEvent(Object(Illuminate/Console/Scheduling/Event))
#4 C:/laragon/www/sportmate_pemwebII-main/sportmate/vendor/laravel/framework/src/Illuminate/Container/BoundMethod.php(36): Illuminate/Console/Scheduling/ScheduleRunCommand->handle(Object(Illuminate/Console/Scheduling/Schedule), Object(Illuminate/Events/Dispatcher), Object(Illuminate/Cache/Repository), Object(NunoMaduro/Collision/Adapters/Laravel/ExceptionHandler))
#5 C:/laragon/www/sportmate_pemwebII-main/sportmate/vendor/laravel/framework/src/Illuminate/Container/Util.php(43): Illuminate/Container/BoundMethod::{closure:Illuminate/Container/BoundMethod::call():35}()
#6 C:/laragon/www/sportmate_pemwebII-main/sportmate/vendor/laravel/framework/src/Illuminate/Container/BoundMethod.php(96): Illuminate/Container/Util::unwrapIfClosure(Object(Closure))
#7 C:/laragon/www/sportmate_pemwebII-main/sportmate/vendor/laravel/framework/src/Illuminate/Container/BoundMethod.php(35): Illuminate/Container/BoundMethod::callBoundMethod(Object(Illuminate/Foundation/Application), Array, Object(Closure))
#8 C:/laragon/www/sportmate_pemwebII-main/sportmate/vendor/laravel/framework/src/Illuminate/Container/Container.php(799): Illuminate/Container/BoundMethod::call(Object(Illuminate/Foundation/Application), Array, Array, NULL)
#9 C:/laragon/www/sportmate_pemwebII-main/sportmate/vendor/laravel/framework/src/Illuminate/Console/Command.php(211): Illuminate/Container/Container->call(Array)
#10 C:/laragon/www/sportmate_pemwebII-main/sportmate/vendor/symfony/console/Command/Command.php(341): Illuminate/Console/Command->execute(Object(Symfony/Component/Console/Input/ArgvInput), Object(Illuminate/Console/OutputStyle))
#11 C:/laragon/www/sportmate_pemwebII-main/sportmate/vendor/laravel/framework/src/Illuminate/Console/Command.php(180): Symfony/Component/Console/Command/Command->run(Object(Symfony/Component/Console/Input/ArgvInput), Object(Illuminate/Console/OutputStyle))
#12 C:/laragon/www/sportmate_pemwebII-main/sportmate/vendor/symfony/console/Application.php(1117): Illuminate/Console/Command->run(Object(Symfony/Component/Console/Input/ArgvInput), Object(Symfony/Component/Console/Output/ConsoleOutput))
#13 C:/laragon/www/sportmate_pemwebII-main/sportmate/vendor/symfony/console/Application.php(356): Symfony/Component/Console/Application->doRunCommand(Object(Illuminate/Console/Scheduling/ScheduleRunCommand), Object(Symfony/Component/Console/Input/ArgvInput), Object(Symfony/Component/Console/Output/ConsoleOutput))
#14 C:/laragon/www/sportmate_pemwebII-main/sportmate/vendor/symfony/console/Application.php(195): Symfony/Component/Console/Application->doRun(Object(Symfony/Component/Console/Input/ArgvInput), Object(Symfony/Component/Console/Output/ConsoleOutput))
#15 C:/laragon/www/sportmate_pemwebII-main/sportmate/vendor/laravel/framework/src/Illuminate/Foundation/Console/Kernel.php(198): Symfony/Component/Console/Application->run(Object(Symfony/Component/Console/Input/ArgvInput), Object(Symfony/Component/Console/Output/ConsoleOutput))
#16 C:/laragon/www/sportmate_pemwebII-main/sportmate/vendor/laravel/framework/src/Illuminate/Foundation/Application.php(1235): Illuminate/Foundation/Console/Kernel->handle(Object(Symfony/Component/Console/Input/ArgvInput), Object(Symfony/Component/Console/Output/ConsoleOutput))
#17 C:/laragon/www/sportmate_pemwebII-main/sportmate/artisan(14): Illuminate/Foundation/Application->handleCommand(Object(Symfony/Component/Console/Input/ArgvInput))
#18 {main}
"} 
[2026-07-10 03:17:02] local.ERROR: Command "event:update-status" is not defined.

Did you mean one of these?
    event:cache
    event:clear
    event:list {"exception":"[object] (Symfony\\Component\\Console\\Exception\\CommandNotFoundException(code: 0): Command \"event:update-status\" is not defined.

Did you mean one of these?
    event:cache
    event:clear
    event:list at C:/laragon/www/sportmate_pemwebII-main/sportmate/vendor/symfony/console/Application.php:759)
[stacktrace]
#0 C:/laragon/www/sportmate_pemwebII-main/sportmate/vendor/symfony/console/Application.php(298): Symfony/Component/Console/Application->find('event:update-st...')
#1 C:/laragon/www/sportmate_pemwebII-main/sportmate/vendor/symfony/console/Application.php(195): Symfony/Component/Console/Application->doRun(Object(Symfony/Component/Console/Input/ArgvInput), Object(Symfony/Component/Console/Output/ConsoleOutput))
#2 C:/laragon/www/sportmate_pemwebII-main/sportmate/vendor/laravel/framework/src/Illuminate/Foundation/Console/Kernel.php(198): Symfony/Component/Console/Application->run(Object(Symfony/Component/Console/Input/ArgvInput), Object(Symfony/Component/Console/Output/ConsoleOutput))
#3 C:/laragon/www/sportmate_pemwebII-main/sportmate/vendor/laravel/framework/src/Illuminate/Foundation/Application.php(1235): Illuminate/Foundation/Console/Kernel->handle(Object(Symfony/Component/Console/Input/ArgvInput), Object(Symfony/Component/Console/Output/ConsoleOutput))
#4 C:/laragon/www/sportmate_pemwebII-main/sportmate/artisan(14): Illuminate/Foundation/Application->handleCommand(Object(Symfony/Component/Console/Input/ArgvInput))
#5 {main}
"} 
[2026-07-10 03:17:02] local.ERROR: Scheduled command ["C:\laragon\bin\php\php-8.4.19-Win32-vs17-x64\php.exe" "artisan" event:update-status] failed with exit code [1]. {"exception":"[object] (Exception(code: 0): Scheduled command [\"C:\\laragon\\bin\\php\\php-8.4.19-Win32-vs17-x64\\php.exe\" \"artisan\" event:update-status] failed with exit code [1]. at C:/laragon/www/sportmate_pemwebII-main/sportmate/vendor/laravel/framework/src/Illuminate/Console/Scheduling/ScheduleRunCommand.php:207)
[stacktrace]
#0 C:/laragon/www/sportmate_pemwebII-main/sportmate/vendor/laravel/framework/src/Illuminate/Console/View/Components/Task.php(41): Illuminate/Console/Scheduling/ScheduleRunCommand->{closure:Illuminate/Console/Scheduling/ScheduleRunCommand::runEvent():191}()
#1 C:/laragon/www/sportmate_pemwebII-main/sportmate/vendor/laravel/framework/src/Illuminate/Console/View/Components/Factory.php(59): Illuminate/Console/View/Components/Task->render('<fg=gray>2026-0...', Object(Closure))
#2 C:/laragon/www/sportmate_pemwebII-main/sportmate/vendor/laravel/framework/src/Illuminate/Console/Scheduling/ScheduleRunCommand.php(191): Illuminate/Console/View/Components/Factory->__call('task', Array)
#3 C:/laragon/www/sportmate_pemwebII-main/sportmate/vendor/laravel/framework/src/Illuminate/Console/Scheduling/ScheduleRunCommand.php(134): Illuminate/Console/Scheduling/ScheduleRunCommand->runEvent(Object(Illuminate/Console/Scheduling/Event))
#4 C:/laragon/www/sportmate_pemwebII-main/sportmate/vendor/laravel/framework/src/Illuminate/Container/BoundMethod.php(36): Illuminate/Console/Scheduling/ScheduleRunCommand->handle(Object(Illuminate/Console/Scheduling/Schedule), Object(Illuminate/Events/Dispatcher), Object(Illuminate/Cache/Repository), Object(NunoMaduro/Collision/Adapters/Laravel/ExceptionHandler))
#5 C:/laragon/www/sportmate_pemwebII-main/sportmate/vendor/laravel/framework/src/Illuminate/Container/Util.php(43): Illuminate/Container/BoundMethod::{closure:Illuminate/Container/BoundMethod::call():35}()
#6 C:/laragon/www/sportmate_pemwebII-main/sportmate/vendor/laravel/framework/src/Illuminate/Container/BoundMethod.php(96): Illuminate/Container/Util::unwrapIfClosure(Object(Closure))
#7 C:/laragon/www/sportmate_pemwebII-main/sportmate/vendor/laravel/framework/src/Illuminate/Container/BoundMethod.php(35): Illuminate/Container/BoundMethod::callBoundMethod(Object(Illuminate/Foundation/Application), Array, Object(Closure))
#8 C:/laragon/www/sportmate_pemwebII-main/sportmate/vendor/laravel/framework/src/Illuminate/Container/Container.php(799): Illuminate/Container/BoundMethod::call(Object(Illuminate/Foundation/Application), Array, Array, NULL)
#9 C:/laragon/www/sportmate_pemwebII-main/sportmate/vendor/laravel/framework/src/Illuminate/Console/Command.php(211): Illuminate/Container/Container->call(Array)
#10 C:/laragon/www/sportmate_pemwebII-main/sportmate/vendor/symfony/console/Command/Command.php(341): Illuminate/Console/Command->execute(Object(Symfony/Component/Console/Input/ArgvInput), Object(Illuminate/Console/OutputStyle))
#11 C:/laragon/www/sportmate_pemwebII-main/sportmate/vendor/laravel/framework/src/Illuminate/Console/Command.php(180): Symfony/Component/Console/Command/Command->run(Object(Symfony/Component/Console/Input/ArgvInput), Object(Illuminate/Console/OutputStyle))
#12 C:/laragon/www/sportmate_pemwebII-main/sportmate/vendor/symfony/console/Application.php(1117): Illuminate/Console/Command->run(Object(Symfony/Component/Console/Input/ArgvInput), Object(Symfony/Component/Console/Output/ConsoleOutput))
#13 C:/laragon/www/sportmate_pemwebII-main/sportmate/vendor/symfony/console/Application.php(356): Symfony/Component/Console/Application->doRunCommand(Object(Illuminate/Console/Scheduling/ScheduleRunCommand), Object(Symfony/Component/Console/Input/ArgvInput), Object(Symfony/Component/Console/Output/ConsoleOutput))
#14 C:/laragon/www/sportmate_pemwebII-main/sportmate/vendor/symfony/console/Application.php(195): Symfony/Component/Console/Application->doRun(Object(Symfony/Component/Console/Input/ArgvInput), Object(Symfony/Component/Console/Output/ConsoleOutput))
#15 C:/laragon/www/sportmate_pemwebII-main/sportmate/vendor/laravel/framework/src/Illuminate/Foundation/Console/Kernel.php(198): Symfony/Component/Console/Application->run(Object(Symfony/Component/Console/Input/ArgvInput), Object(Symfony/Component/Console/Output/ConsoleOutput))
#16 C:/laragon/www/sportmate_pemwebII-main/sportmate/vendor/laravel/framework/src/Illuminate/Foundation/Application.php(1235): Illuminate/Foundation/Console/Kernel->handle(Object(Symfony/Component/Console/Input/ArgvInput), Object(Symfony/Component/Console/Output/ConsoleOutput))
#17 C:/laragon/www/sportmate_pemwebII-main/sportmate/artisan(14): Illuminate/Foundation/Application->handleCommand(Object(Symfony/Component/Console/Input/ArgvInput))
#18 {main}
"} 
[2026-07-10 03:18:02] local.ERROR: Command "event:update-status" is not defined.

Did you mean one of these?
    event:cache
    event:clear
    event:list {"exception":"[object] (Symfony\\Component\\Console\\Exception\\CommandNotFoundException(code: 0): Command \"event:update-status\" is not defined.

Did you mean one of these?
    event:cache
    event:clear
    event:list at C:/laragon/www/sportmate_pemwebII-main/sportmate/vendor/symfony/console/Application.php:759)
[stacktrace]
#0 C:/laragon/www/sportmate_pemwebII-main/sportmate/vendor/symfony/console/Application.php(298): Symfony/Component/Console/Application->find('event:update-st...')
#1 C:/laragon/www/sportmate_pemwebII-main/sportmate/vendor/symfony/console/Application.php(195): Symfony/Component/Console/Application->doRun(Object(Symfony/Component/Console/Input/ArgvInput), Object(Symfony/Component/Console/Output/ConsoleOutput))
#2 C:/laragon/www/sportmate_pemwebII-main/sportmate/vendor/laravel/framework/src/Illuminate/Foundation/Console/Kernel.php(198): Symfony/Component/Console/Application->run(Object(Symfony/Component/Console/Input/ArgvInput), Object(Symfony/Component/Console/Output/ConsoleOutput))
#3 C:/laragon/www/sportmate_pemwebII-main/sportmate/vendor/laravel/framework/src/Illuminate/Foundation/Application.php(1235): Illuminate/Foundation/Console/Kernel->handle(Object(Symfony/Component/Console/Input/ArgvInput), Object(Symfony/Component/Console/Output/ConsoleOutput))
#4 C:/laragon/www/sportmate_pemwebII-main/sportmate/artisan(14): Illuminate/Foundation/Application->handleCommand(Object(Symfony/Component/Console/Input/ArgvInput))
#5 {main}
"} 
[2026-07-10 03:18:02] local.ERROR: Scheduled command ["C:\laragon\bin\php\php-8.4.19-Win32-vs17-x64\php.exe" "artisan" event:update-status] failed with exit code [1]. {"exception":"[object] (Exception(code: 0): Scheduled command [\"C:\\laragon\\bin\\php\\php-8.4.19-Win32-vs17-x64\\php.exe\" \"artisan\" event:update-status] failed with exit code [1]. at C:/laragon/www/sportmate_pemwebII-main/sportmate/vendor/laravel/framework/src/Illuminate/Console/Scheduling/ScheduleRunCommand.php:207)
[stacktrace]
#0 C:/laragon/www/sportmate_pemwebII-main/sportmate/vendor/laravel/framework/src/Illuminate/Console/View/Components/Task.php(41): Illuminate/Console/Scheduling/ScheduleRunCommand->{closure:Illuminate/Console/Scheduling/ScheduleRunCommand::runEvent():191}()
#1 C:/laragon/www/sportmate_pemwebII-main/sportmate/vendor/laravel/framework/src/Illuminate/Console/View/Components/Factory.php(59): Illuminate/Console/View/Components/Task->render('<fg=gray>2026-0...', Object(Closure))
#2 C:/laragon/www/sportmate_pemwebII-main/sportmate/vendor/laravel/framework/src/Illuminate/Console/Scheduling/ScheduleRunCommand.php(191): Illuminate/Console/View/Components/Factory->__call('task', Array)
#3 C:/laragon/www/sportmate_pemwebII-main/sportmate/vendor/laravel/framework/src/Illuminate/Console/Scheduling/ScheduleRunCommand.php(134): Illuminate/Console/Scheduling/ScheduleRunCommand->runEvent(Object(Illuminate/Console/Scheduling/Event))
#4 C:/laragon/www/sportmate_pemwebII-main/sportmate/vendor/laravel/framework/src/Illuminate/Container/BoundMethod.php(36): Illuminate/Console/Scheduling/ScheduleRunCommand->handle(Object(Illuminate/Console/Scheduling/Schedule), Object(Illuminate/Events/Dispatcher), Object(Illuminate/Cache/Repository), Object(NunoMaduro/Collision/Adapters/Laravel/ExceptionHandler))
#5 C:/laragon/www/sportmate_pemwebII-main/sportmate/vendor/laravel/framework/src/Illuminate/Container/Util.php(43): Illuminate/Container/BoundMethod::{closure:Illuminate/Container/BoundMethod::call():35}()
#6 C:/laragon/www/sportmate_pemwebII-main/sportmate/vendor/laravel/framework/src/Illuminate/Container/BoundMethod.php(96): Illuminate/Container/Util::unwrapIfClosure(Object(Closure))
#7 C:/laragon/www/sportmate_pemwebII-main/sportmate/vendor/laravel/framework/src/Illuminate/Container/BoundMethod.php(35): Illuminate/Container/BoundMethod::callBoundMethod(Object(Illuminate/Foundation/Application), Array, Object(Closure))
#8 C:/laragon/www/sportmate_pemwebII-main/sportmate/vendor/laravel/framework/src/Illuminate/Container/Container.php(799): Illuminate/Container/BoundMethod::call(Object(Illuminate/Foundation/Application), Array, Array, NULL)
#9 C:/laragon/www/sportmate_pemwebII-main/sportmate/vendor/laravel/framework/src/Illuminate/Console/Command.php(211): Illuminate/Container/Container->call(Array)
#10 C:/laragon/www/sportmate_pemwebII-main/sportmate/vendor/symfony/console/Command/Command.php(341): Illuminate/Console/Command->execute(Object(Symfony/Component/Console/Input/ArgvInput), Object(Illuminate/Console/OutputStyle))
#11 C:/laragon/www/sportmate_pemwebII-main/sportmate/vendor/laravel/framework/src/Illuminate/Console/Command.php(180): Symfony/Component/Console/Command/Command->run(Object(Symfony/Component/Console/Input/ArgvInput), Object(Illuminate/Console/OutputStyle))
#12 C:/laragon/www/sportmate_pemwebII-main/sportmate/vendor/symfony/console/Application.php(1117): Illuminate/Console/Command->run(Object(Symfony/Component/Console/Input/ArgvInput), Object(Symfony/Component/Console/Output/ConsoleOutput))
#13 C:/laragon/www/sportmate_pemwebII-main/sportmate/vendor/symfony/console/Application.php(356): Symfony/Component/Console/Application->doRunCommand(Object(Illuminate/Console/Scheduling/ScheduleRunCommand), Object(Symfony/Component/Console/Input/ArgvInput), Object(Symfony/Component/Console/Output/ConsoleOutput))
#14 C:/laragon/www/sportmate_pemwebII-main/sportmate/vendor/symfony/console/Application.php(195): Symfony/Component/Console/Application->doRun(Object(Symfony/Component/Console/Input/ArgvInput), Object(Symfony/Component/Console/Output/ConsoleOutput))
#15 C:/laragon/www/sportmate_pemwebII-main/sportmate/vendor/laravel/framework/src/Illuminate/Foundation/Console/Kernel.php(198): Symfony/Component/Console/Application->run(Object(Symfony/Component/Console/Input/ArgvInput), Object(Symfony/Component/Console/Output/ConsoleOutput))
#16 C:/laragon/www/sportmate_pemwebII-main/sportmate/vendor/laravel/framework/src/Illuminate/Foundation/Application.php(1235): Illuminate/Foundation/Console/Kernel->handle(Object(Symfony/Component/Console/Input/ArgvInput), Object(Symfony/Component/Console/Output/ConsoleOutput))
#17 C:/laragon/www/sportmate_pemwebII-main/sportmate/artisan(14): Illuminate/Foundation/Application->handleCommand(Object(Symfony/Component/Console/Input/ArgvInput))
#18 {main}
"} 
[2026-07-10 03:19:02] local.ERROR: Command "event:update-status" is not defined.

Did you mean one of these?
    event:cache
    event:clear
    event:list {"exception":"[object] (Symfony\\Component\\Console\\Exception\\CommandNotFoundException(code: 0): Command \"event:update-status\" is not defined.

Did you mean one of these?
    event:cache
    event:clear
    event:list at C:/laragon/www/sportmate_pemwebII-main/sportmate/vendor/symfony/console/Application.php:759)
[stacktrace]
#0 C:/laragon/www/sportmate_pemwebII-main/sportmate/vendor/symfony/console/Application.php(298): Symfony/Component/Console/Application->find('event:update-st...')
#1 C:/laragon/www/sportmate_pemwebII-main/sportmate/vendor/symfony/console/Application.php(195): Symfony/Component/Console/Application->doRun(Object(Symfony/Component/Console/Input/ArgvInput), Object(Symfony/Component/Console/Output/ConsoleOutput))
#2 C:/laragon/www/sportmate_pemwebII-main/sportmate/vendor/laravel/framework/src/Illuminate/Foundation/Console/Kernel.php(198): Symfony/Component/Console/Application->run(Object(Symfony/Component/Console/Input/ArgvInput), Object(Symfony/Component/Console/Output/ConsoleOutput))
#3 C:/laragon/www/sportmate_pemwebII-main/sportmate/vendor/laravel/framework/src/Illuminate/Foundation/Application.php(1235): Illuminate/Foundation/Console/Kernel->handle(Object(Symfony/Component/Console/Input/ArgvInput), Object(Symfony/Component/Console/Output/ConsoleOutput))
#4 C:/laragon/www/sportmate_pemwebII-main/sportmate/artisan(14): Illuminate/Foundation/Application->handleCommand(Object(Symfony/Component/Console/Input/ArgvInput))
#5 {main}
"} 
[2026-07-10 03:19:02] local.ERROR: Scheduled command ["C:\laragon\bin\php\php-8.4.19-Win32-vs17-x64\php.exe" "artisan" event:update-status] failed with exit code [1]. {"exception":"[object] (Exception(code: 0): Scheduled command [\"C:\\laragon\\bin\\php\\php-8.4.19-Win32-vs17-x64\\php.exe\" \"artisan\" event:update-status] failed with exit code [1]. at C:/laragon/www/sportmate_pemwebII-main/sportmate/vendor/laravel/framework/src/Illuminate/Console/Scheduling/ScheduleRunCommand.php:207)
[stacktrace]
#0 C:/laragon/www/sportmate_pemwebII-main/sportmate/vendor/laravel/framework/src/Illuminate/Console/View/Components/Task.php(41): Illuminate/Console/Scheduling/ScheduleRunCommand->{closure:Illuminate/Console/Scheduling/ScheduleRunCommand::runEvent():191}()
#1 C:/laragon/www/sportmate_pemwebII-main/sportmate/vendor/laravel/framework/src/Illuminate/Console/View/Components/Factory.php(59): Illuminate/Console/View/Components/Task->render('<fg=gray>2026-0...', Object(Closure))
#2 C:/laragon/www/sportmate_pemwebII-main/sportmate/vendor/laravel/framework/src/Illuminate/Console/Scheduling/ScheduleRunCommand.php(191): Illuminate/Console/View/Components/Factory->__call('task', Array)
#3 C:/laragon/www/sportmate_pemwebII-main/sportmate/vendor/laravel/framework/src/Illuminate/Console/Scheduling/ScheduleRunCommand.php(134): Illuminate/Console/Scheduling/ScheduleRunCommand->runEvent(Object(Illuminate/Console/Scheduling/Event))
#4 C:/laragon/www/sportmate_pemwebII-main/sportmate/vendor/laravel/framework/src/Illuminate/Container/BoundMethod.php(36): Illuminate/Console/Scheduling/ScheduleRunCommand->handle(Object(Illuminate/Console/Scheduling/Schedule), Object(Illuminate/Events/Dispatcher), Object(Illuminate/Cache/Repository), Object(NunoMaduro/Collision/Adapters/Laravel/ExceptionHandler))
#5 C:/laragon/www/sportmate_pemwebII-main/sportmate/vendor/laravel/framework/src/Illuminate/Container/Util.php(43): Illuminate/Container/BoundMethod::{closure:Illuminate/Container/BoundMethod::call():35}()
#6 C:/laragon/www/sportmate_pemwebII-main/sportmate/vendor/laravel/framework/src/Illuminate/Container/BoundMethod.php(96): Illuminate/Container/Util::unwrapIfClosure(Object(Closure))
#7 C:/laragon/www/sportmate_pemwebII-main/sportmate/vendor/laravel/framework/src/Illuminate/Container/BoundMethod.php(35): Illuminate/Container/BoundMethod::callBoundMethod(Object(Illuminate/Foundation/Application), Array, Object(Closure))
#8 C:/laragon/www/sportmate_pemwebII-main/sportmate/vendor/laravel/framework/src/Illuminate/Container/Container.php(799): Illuminate/Container/BoundMethod::call(Object(Illuminate/Foundation/Application), Array, Array, NULL)
#9 C:/laragon/www/sportmate_pemwebII-main/sportmate/vendor/laravel/framework/src/Illuminate/Console/Command.php(211): Illuminate/Container/Container->call(Array)
#10 C:/laragon/www/sportmate_pemwebII-main/sportmate/vendor/symfony/console/Command/Command.php(341): Illuminate/Console/Command->execute(Object(Symfony/Component/Console/Input/ArgvInput), Object(Illuminate/Console/OutputStyle))
#11 C:/laragon/www/sportmate_pemwebII-main/sportmate/vendor/laravel/framework/src/Illuminate/Console/Command.php(180): Symfony/Component/Console/Command/Command->run(Object(Symfony/Component/Console/Input/ArgvInput), Object(Illuminate/Console/OutputStyle))
#12 C:/laragon/www/sportmate_pemwebII-main/sportmate/vendor/symfony/console/Application.php(1117): Illuminate/Console/Command->run(Object(Symfony/Component/Console/Input/ArgvInput), Object(Symfony/Component/Console/Output/ConsoleOutput))
#13 C:/laragon/www/sportmate_pemwebII-main/sportmate/vendor/symfony/console/Application.php(356): Symfony/Component/Console/Application->doRunCommand(Object(Illuminate/Console/Scheduling/ScheduleRunCommand), Object(Symfony/Component/Console/Input/ArgvInput), Object(Symfony/Component/Console/Output/ConsoleOutput))
#14 C:/laragon/www/sportmate_pemwebII-main/sportmate/vendor/symfony/console/Application.php(195): Symfony/Component/Console/Application->doRun(Object(Symfony/Component/Console/Input/ArgvInput), Object(Symfony/Component/Console/Output/ConsoleOutput))
#15 C:/laragon/www/sportmate_pemwebII-main/sportmate/vendor/laravel/framework/src/Illuminate/Foundation/Console/Kernel.php(198): Symfony/Component/Console/Application->run(Object(Symfony/Component/Console/Input/ArgvInput), Object(Symfony/Component/Console/Output/ConsoleOutput))
#16 C:/laragon/www/sportmate_pemwebII-main/sportmate/vendor/laravel/framework/src/Illuminate/Foundation/Application.php(1235): Illuminate/Foundation/Console/Kernel->handle(Object(Symfony/Component/Console/Input/ArgvInput), Object(Symfony/Component/Console/Output/ConsoleOutput))
#17 C:/laragon/www/sportmate_pemwebII-main/sportmate/artisan(14): Illuminate/Foundation/Application->handleCommand(Object(Symfony/Component/Console/Input/ArgvInput))
#18 {main}
"} 
[2026-07-10 03:20:02] local.ERROR: Command "event:update-status" is not defined.

Did you mean one of these?
    event:cache
    event:clear
    event:list {"exception":"[object] (Symfony\\Component\\Console\\Exception\\CommandNotFoundException(code: 0): Command \"event:update-status\" is not defined.

Did you mean one of these?
    event:cache
    event:clear
    event:list at C:/laragon/www/sportmate_pemwebII-main/sportmate/vendor/symfony/console/Application.php:759)
[stacktrace]
#0 C:/laragon/www/sportmate_pemwebII-main/sportmate/vendor/symfony/console/Application.php(298): Symfony/Component/Console/Application->find('event:update-st...')
#1 C:/laragon/www/sportmate_pemwebII-main/sportmate/vendor/symfony/console/Application.php(195): Symfony/Component/Console/Application->doRun(Object(Symfony/Component/Console/Input/ArgvInput), Object(Symfony/Component/Console/Output/ConsoleOutput))
#2 C:/laragon/www/sportmate_pemwebII-main/sportmate/vendor/laravel/framework/src/Illuminate/Foundation/Console/Kernel.php(198): Symfony/Component/Console/Application->run(Object(Symfony/Component/Console/Input/ArgvInput), Object(Symfony/Component/Console/Output/ConsoleOutput))
#3 C:/laragon/www/sportmate_pemwebII-main/sportmate/vendor/laravel/framework/src/Illuminate/Foundation/Application.php(1235): Illuminate/Foundation/Console/Kernel->handle(Object(Symfony/Component/Console/Input/ArgvInput), Object(Symfony/Component/Console/Output/ConsoleOutput))
#4 C:/laragon/www/sportmate_pemwebII-main/sportmate/artisan(14): Illuminate/Foundation/Application->handleCommand(Object(Symfony/Component/Console/Input/ArgvInput))
#5 {main}
"} 
[2026-07-10 03:20:02] local.ERROR: Scheduled command ["C:\laragon\bin\php\php-8.4.19-Win32-vs17-x64\php.exe" "artisan" event:update-status] failed with exit code [1]. {"exception":"[object] (Exception(code: 0): Scheduled command [\"C:\\laragon\\bin\\php\\php-8.4.19-Win32-vs17-x64\\php.exe\" \"artisan\" event:update-status] failed with exit code [1]. at C:/laragon/www/sportmate_pemwebII-main/sportmate/vendor/laravel/framework/src/Illuminate/Console/Scheduling/ScheduleRunCommand.php:207)
[stacktrace]
#0 C:/laragon/www/sportmate_pemwebII-main/sportmate/vendor/laravel/framework/src/Illuminate/Console/View/Components/Task.php(41): Illuminate/Console/Scheduling/ScheduleRunCommand->{closure:Illuminate/Console/Scheduling/ScheduleRunCommand::runEvent():191}()
#1 C:/laragon/www/sportmate_pemwebII-main/sportmate/vendor/laravel/framework/src/Illuminate/Console/View/Components/Factory.php(59): Illuminate/Console/View/Components/Task->render('<fg=gray>2026-0...', Object(Closure))
#2 C:/laragon/www/sportmate_pemwebII-main/sportmate/vendor/laravel/framework/src/Illuminate/Console/Scheduling/ScheduleRunCommand.php(191): Illuminate/Console/View/Components/Factory->__call('task', Array)
#3 C:/laragon/www/sportmate_pemwebII-main/sportmate/vendor/laravel/framework/src/Illuminate/Console/Scheduling/ScheduleRunCommand.php(134): Illuminate/Console/Scheduling/ScheduleRunCommand->runEvent(Object(Illuminate/Console/Scheduling/Event))
#4 C:/laragon/www/sportmate_pemwebII-main/sportmate/vendor/laravel/framework/src/Illuminate/Container/BoundMethod.php(36): Illuminate/Console/Scheduling/ScheduleRunCommand->handle(Object(Illuminate/Console/Scheduling/Schedule), Object(Illuminate/Events/Dispatcher), Object(Illuminate/Cache/Repository), Object(NunoMaduro/Collision/Adapters/Laravel/ExceptionHandler))
#5 C:/laragon/www/sportmate_pemwebII-main/sportmate/vendor/laravel/framework/src/Illuminate/Container/Util.php(43): Illuminate/Container/BoundMethod::{closure:Illuminate/Container/BoundMethod::call():35}()
#6 C:/laragon/www/sportmate_pemwebII-main/sportmate/vendor/laravel/framework/src/Illuminate/Container/BoundMethod.php(96): Illuminate/Container/Util::unwrapIfClosure(Object(Closure))
#7 C:/laragon/www/sportmate_pemwebII-main/sportmate/vendor/laravel/framework/src/Illuminate/Container/BoundMethod.php(35): Illuminate/Container/BoundMethod::callBoundMethod(Object(Illuminate/Foundation/Application), Array, Object(Closure))
#8 C:/laragon/www/sportmate_pemwebII-main/sportmate/vendor/laravel/framework/src/Illuminate/Container/Container.php(799): Illuminate/Container/BoundMethod::call(Object(Illuminate/Foundation/Application), Array, Array, NULL)
#9 C:/laragon/www/sportmate_pemwebII-main/sportmate/vendor/laravel/framework/src/Illuminate/Console/Command.php(211): Illuminate/Container/Container->call(Array)
#10 C:/laragon/www/sportmate_pemwebII-main/sportmate/vendor/symfony/console/Command/Command.php(341): Illuminate/Console/Command->execute(Object(Symfony/Component/Console/Input/ArgvInput), Object(Illuminate/Console/OutputStyle))
#11 C:/laragon/www/sportmate_pemwebII-main/sportmate/vendor/laravel/framework/src/Illuminate/Console/Command.php(180): Symfony/Component/Console/Command/Command->run(Object(Symfony/Component/Console/Input/ArgvInput), Object(Illuminate/Console/OutputStyle))
#12 C:/laragon/www/sportmate_pemwebII-main/sportmate/vendor/symfony/console/Application.php(1117): Illuminate/Console/Command->run(Object(Symfony/Component/Console/Input/ArgvInput), Object(Symfony/Component/Console/Output/ConsoleOutput))
#13 C:/laragon/www/sportmate_pemwebII-main/sportmate/vendor/symfony/console/Application.php(356): Symfony/Component/Console/Application->doRunCommand(Object(Illuminate/Console/Scheduling/ScheduleRunCommand), Object(Symfony/Component/Console/Input/ArgvInput), Object(Symfony/Component/Console/Output/ConsoleOutput))
#14 C:/laragon/www/sportmate_pemwebII-main/sportmate/vendor/symfony/console/Application.php(195): Symfony/Component/Console/Application->doRun(Object(Symfony/Component/Console/Input/ArgvInput), Object(Symfony/Component/Console/Output/ConsoleOutput))
#15 C:/laragon/www/sportmate_pemwebII-main/sportmate/vendor/laravel/framework/src/Illuminate/Foundation/Console/Kernel.php(198): Symfony/Component/Console/Application->run(Object(Symfony/Component/Console/Input/ArgvInput), Object(Symfony/Component/Console/Output/ConsoleOutput))
#16 C:/laragon/www/sportmate_pemwebII-main/sportmate/vendor/laravel/framework/src/Illuminate/Foundation/Application.php(1235): Illuminate/Foundation/Console/Kernel->handle(Object(Symfony/Component/Console/Input/ArgvInput), Object(Symfony/Component/Console/Output/ConsoleOutput))
#17 C:/laragon/www/sportmate_pemwebII-main/sportmate/artisan(14): Illuminate/Foundation/Application->handleCommand(Object(Symfony/Component/Console/Input/ArgvInput))
#18 {main}
"} 
[2026-07-10 03:21:02] local.ERROR: Command "event:update-status" is not defined.

Did you mean one of these?
    event:cache
    event:clear
    event:list {"exception":"[object] (Symfony\\Component\\Console\\Exception\\CommandNotFoundException(code: 0): Command \"event:update-status\" is not defined.

Did you mean one of these?
    event:cache
    event:clear
    event:list at C:/laragon/www/sportmate_pemwebII-main/sportmate/vendor/symfony/console/Application.php:759)
[stacktrace]
#0 C:/laragon/www/sportmate_pemwebII-main/sportmate/vendor/symfony/console/Application.php(298): Symfony/Component/Console/Application->find('event:update-st...')
#1 C:/laragon/www/sportmate_pemwebII-main/sportmate/vendor/symfony/console/Application.php(195): Symfony/Component/Console/Application->doRun(Object(Symfony/Component/Console/Input/ArgvInput), Object(Symfony/Component/Console/Output/ConsoleOutput))
#2 C:/laragon/www/sportmate_pemwebII-main/sportmate/vendor/laravel/framework/src/Illuminate/Foundation/Console/Kernel.php(198): Symfony/Component/Console/Application->run(Object(Symfony/Component/Console/Input/ArgvInput), Object(Symfony/Component/Console/Output/ConsoleOutput))
#3 C:/laragon/www/sportmate_pemwebII-main/sportmate/vendor/laravel/framework/src/Illuminate/Foundation/Application.php(1235): Illuminate/Foundation/Console/Kernel->handle(Object(Symfony/Component/Console/Input/ArgvInput), Object(Symfony/Component/Console/Output/ConsoleOutput))
#4 C:/laragon/www/sportmate_pemwebII-main/sportmate/artisan(14): Illuminate/Foundation/Application->handleCommand(Object(Symfony/Component/Console/Input/ArgvInput))
#5 {main}
"} 
[2026-07-10 03:21:02] local.ERROR: Scheduled command ["C:\laragon\bin\php\php-8.4.19-Win32-vs17-x64\php.exe" "artisan" event:update-status] failed with exit code [1]. {"exception":"[object] (Exception(code: 0): Scheduled command [\"C:\\laragon\\bin\\php\\php-8.4.19-Win32-vs17-x64\\php.exe\" \"artisan\" event:update-status] failed with exit code [1]. at C:/laragon/www/sportmate_pemwebII-main/sportmate/vendor/laravel/framework/src/Illuminate/Console/Scheduling/ScheduleRunCommand.php:207)
[stacktrace]
#0 C:/laragon/www/sportmate_pemwebII-main/sportmate/vendor/laravel/framework/src/Illuminate/Console/View/Components/Task.php(41): Illuminate/Console/Scheduling/ScheduleRunCommand->{closure:Illuminate/Console/Scheduling/ScheduleRunCommand::runEvent():191}()
#1 C:/laragon/www/sportmate_pemwebII-main/sportmate/vendor/laravel/framework/src/Illuminate/Console/View/Components/Factory.php(59): Illuminate/Console/View/Components/Task->render('<fg=gray>2026-0...', Object(Closure))
#2 C:/laragon/www/sportmate_pemwebII-main/sportmate/vendor/laravel/framework/src/Illuminate/Console/Scheduling/ScheduleRunCommand.php(191): Illuminate/Console/View/Components/Factory->__call('task', Array)
#3 C:/laragon/www/sportmate_pemwebII-main/sportmate/vendor/laravel/framework/src/Illuminate/Console/Scheduling/ScheduleRunCommand.php(134): Illuminate/Console/Scheduling/ScheduleRunCommand->runEvent(Object(Illuminate/Console/Scheduling/Event))
#4 C:/laragon/www/sportmate_pemwebII-main/sportmate/vendor/laravel/framework/src/Illuminate/Container/BoundMethod.php(36): Illuminate/Console/Scheduling/ScheduleRunCommand->handle(Object(Illuminate/Console/Scheduling/Schedule), Object(Illuminate/Events/Dispatcher), Object(Illuminate/Cache/Repository), Object(NunoMaduro/Collision/Adapters/Laravel/ExceptionHandler))
#5 C:/laragon/www/sportmate_pemwebII-main/sportmate/vendor/laravel/framework/src/Illuminate/Container/Util.php(43): Illuminate/Container/BoundMethod::{closure:Illuminate/Container/BoundMethod::call():35}()
#6 C:/laragon/www/sportmate_pemwebII-main/sportmate/vendor/laravel/framework/src/Illuminate/Container/BoundMethod.php(96): Illuminate/Container/Util::unwrapIfClosure(Object(Closure))
#7 C:/laragon/www/sportmate_pemwebII-main/sportmate/vendor/laravel/framework/src/Illuminate/Container/BoundMethod.php(35): Illuminate/Container/BoundMethod::callBoundMethod(Object(Illuminate/Foundation/Application), Array, Object(Closure))
#8 C:/laragon/www/sportmate_pemwebII-main/sportmate/vendor/laravel/framework/src/Illuminate/Container/Container.php(799): Illuminate/Container/BoundMethod::call(Object(Illuminate/Foundation/Application), Array, Array, NULL)
#9 C:/laragon/www/sportmate_pemwebII-main/sportmate/vendor/laravel/framework/src/Illuminate/Console/Command.php(211): Illuminate/Container/Container->call(Array)
#10 C:/laragon/www/sportmate_pemwebII-main/sportmate/vendor/symfony/console/Command/Command.php(341): Illuminate/Console/Command->execute(Object(Symfony/Component/Console/Input/ArgvInput), Object(Illuminate/Console/OutputStyle))
#11 C:/laragon/www/sportmate_pemwebII-main/sportmate/vendor/laravel/framework/src/Illuminate/Console/Command.php(180): Symfony/Component/Console/Command/Command->run(Object(Symfony/Component/Console/Input/ArgvInput), Object(Illuminate/Console/OutputStyle))
#12 C:/laragon/www/sportmate_pemwebII-main/sportmate/vendor/symfony/console/Application.php(1117): Illuminate/Console/Command->run(Object(Symfony/Component/Console/Input/ArgvInput), Object(Symfony/Component/Console/Output/ConsoleOutput))
#13 C:/laragon/www/sportmate_pemwebII-main/sportmate/vendor/symfony/console/Application.php(356): Symfony/Component/Console/Application->doRunCommand(Object(Illuminate/Console/Scheduling/ScheduleRunCommand), Object(Symfony/Component/Console/Input/ArgvInput), Object(Symfony/Component/Console/Output/ConsoleOutput))
#14 C:/laragon/www/sportmate_pemwebII-main/sportmate/vendor/symfony/console/Application.php(195): Symfony/Component/Console/Application->doRun(Object(Symfony/Component/Console/Input/ArgvInput), Object(Symfony/Component/Console/Output/ConsoleOutput))
#15 C:/laragon/www/sportmate_pemwebII-main/sportmate/vendor/laravel/framework/src/Illuminate/Foundation/Console/Kernel.php(198): Symfony/Component/Console/Application->run(Object(Symfony/Component/Console/Input/ArgvInput), Object(Symfony/Component/Console/Output/ConsoleOutput))
#16 C:/laragon/www/sportmate_pemwebII-main/sportmate/vendor/laravel/framework/src/Illuminate/Foundation/Application.php(1235): Illuminate/Foundation/Console/Kernel->handle(Object(Symfony/Component/Console/Input/ArgvInput), Object(Symfony/Component/Console/Output/ConsoleOutput))
#17 C:/laragon/www/sportmate_pemwebII-main/sportmate/artisan(14): Illuminate/Foundation/Application->handleCommand(Object(Symfony/Component/Console/Input/ArgvInput))
#18 {main}
"} 
[2026-07-10 03:22:02] local.ERROR: Command "event:update-status" is not defined.

Did you mean one of these?
    event:cache
    event:clear
    event:list {"exception":"[object] (Symfony\\Component\\Console\\Exception\\CommandNotFoundException(code: 0): Command \"event:update-status\" is not defined.

Did you mean one of these?
    event:cache
    event:clear
    event:list at C:/laragon/www/sportmate_pemwebII-main/sportmate/vendor/symfony/console/Application.php:759)
[stacktrace]
#0 C:/laragon/www/sportmate_pemwebII-main/sportmate/vendor/symfony/console/Application.php(298): Symfony/Component/Console/Application->find('event:update-st...')
#1 C:/laragon/www/sportmate_pemwebII-main/sportmate/vendor/symfony/console/Application.php(195): Symfony/Component/Console/Application->doRun(Object(Symfony/Component/Console/Input/ArgvInput), Object(Symfony/Component/Console/Output/ConsoleOutput))
#2 C:/laragon/www/sportmate_pemwebII-main/sportmate/vendor/laravel/framework/src/Illuminate/Foundation/Console/Kernel.php(198): Symfony/Component/Console/Application->run(Object(Symfony/Component/Console/Input/ArgvInput), Object(Symfony/Component/Console/Output/ConsoleOutput))
#3 C:/laragon/www/sportmate_pemwebII-main/sportmate/vendor/laravel/framework/src/Illuminate/Foundation/Application.php(1235): Illuminate/Foundation/Console/Kernel->handle(Object(Symfony/Component/Console/Input/ArgvInput), Object(Symfony/Component/Console/Output/ConsoleOutput))
#4 C:/laragon/www/sportmate_pemwebII-main/sportmate/artisan(14): Illuminate/Foundation/Application->handleCommand(Object(Symfony/Component/Console/Input/ArgvInput))
#5 {main}
"} 
[2026-07-10 03:22:02] local.ERROR: Scheduled command ["C:\laragon\bin\php\php-8.4.19-Win32-vs17-x64\php.exe" "artisan" event:update-status] failed with exit code [1]. {"exception":"[object] (Exception(code: 0): Scheduled command [\"C:\\laragon\\bin\\php\\php-8.4.19-Win32-vs17-x64\\php.exe\" \"artisan\" event:update-status] failed with exit code [1]. at C:/laragon/www/sportmate_pemwebII-main/sportmate/vendor/laravel/framework/src/Illuminate/Console/Scheduling/ScheduleRunCommand.php:207)
[stacktrace]
#0 C:/laragon/www/sportmate_pemwebII-main/sportmate/vendor/laravel/framework/src/Illuminate/Console/View/Components/Task.php(41): Illuminate/Console/Scheduling/ScheduleRunCommand->{closure:Illuminate/Console/Scheduling/ScheduleRunCommand::runEvent():191}()
#1 C:/laragon/www/sportmate_pemwebII-main/sportmate/vendor/laravel/framework/src/Illuminate/Console/View/Components/Factory.php(59): Illuminate/Console/View/Components/Task->render('<fg=gray>2026-0...', Object(Closure))
#2 C:/laragon/www/sportmate_pemwebII-main/sportmate/vendor/laravel/framework/src/Illuminate/Console/Scheduling/ScheduleRunCommand.php(191): Illuminate/Console/View/Components/Factory->__call('task', Array)
#3 C:/laragon/www/sportmate_pemwebII-main/sportmate/vendor/laravel/framework/src/Illuminate/Console/Scheduling/ScheduleRunCommand.php(134): Illuminate/Console/Scheduling/ScheduleRunCommand->runEvent(Object(Illuminate/Console/Scheduling/Event))
#4 C:/laragon/www/sportmate_pemwebII-main/sportmate/vendor/laravel/framework/src/Illuminate/Container/BoundMethod.php(36): Illuminate/Console/Scheduling/ScheduleRunCommand->handle(Object(Illuminate/Console/Scheduling/Schedule), Object(Illuminate/Events/Dispatcher), Object(Illuminate/Cache/Repository), Object(NunoMaduro/Collision/Adapters/Laravel/ExceptionHandler))
#5 C:/laragon/www/sportmate_pemwebII-main/sportmate/vendor/laravel/framework/src/Illuminate/Container/Util.php(43): Illuminate/Container/BoundMethod::{closure:Illuminate/Container/BoundMethod::call():35}()
#6 C:/laragon/www/sportmate_pemwebII-main/sportmate/vendor/laravel/framework/src/Illuminate/Container/BoundMethod.php(96): Illuminate/Container/Util::unwrapIfClosure(Object(Closure))
#7 C:/laragon/www/sportmate_pemwebII-main/sportmate/vendor/laravel/framework/src/Illuminate/Container/BoundMethod.php(35): Illuminate/Container/BoundMethod::callBoundMethod(Object(Illuminate/Foundation/Application), Array, Object(Closure))
#8 C:/laragon/www/sportmate_pemwebII-main/sportmate/vendor/laravel/framework/src/Illuminate/Container/Container.php(799): Illuminate/Container/BoundMethod::call(Object(Illuminate/Foundation/Application), Array, Array, NULL)
#9 C:/laragon/www/sportmate_pemwebII-main/sportmate/vendor/laravel/framework/src/Illuminate/Console/Command.php(211): Illuminate/Container/Container->call(Array)
#10 C:/laragon/www/sportmate_pemwebII-main/sportmate/vendor/symfony/console/Command/Command.php(341): Illuminate/Console/Command->execute(Object(Symfony/Component/Console/Input/ArgvInput), Object(Illuminate/Console/OutputStyle))
#11 C:/laragon/www/sportmate_pemwebII-main/sportmate/vendor/laravel/framework/src/Illuminate/Console/Command.php(180): Symfony/Component/Console/Command/Command->run(Object(Symfony/Component/Console/Input/ArgvInput), Object(Illuminate/Console/OutputStyle))
#12 C:/laragon/www/sportmate_pemwebII-main/sportmate/vendor/symfony/console/Application.php(1117): Illuminate/Console/Command->run(Object(Symfony/Component/Console/Input/ArgvInput), Object(Symfony/Component/Console/Output/ConsoleOutput))
#13 C:/laragon/www/sportmate_pemwebII-main/sportmate/vendor/symfony/console/Application.php(356): Symfony/Component/Console/Application->doRunCommand(Object(Illuminate/Console/Scheduling/ScheduleRunCommand), Object(Symfony/Component/Console/Input/ArgvInput), Object(Symfony/Component/Console/Output/ConsoleOutput))
#14 C:/laragon/www/sportmate_pemwebII-main/sportmate/vendor/symfony/console/Application.php(195): Symfony/Component/Console/Application->doRun(Object(Symfony/Component/Console/Input/ArgvInput), Object(Symfony/Component/Console/Output/ConsoleOutput))
#15 C:/laragon/www/sportmate_pemwebII-main/sportmate/vendor/laravel/framework/src/Illuminate/Foundation/Console/Kernel.php(198): Symfony/Component/Console/Application->run(Object(Symfony/Component/Console/Input/ArgvInput), Object(Symfony/Component/Console/Output/ConsoleOutput))
#16 C:/laragon/www/sportmate_pemwebII-main/sportmate/vendor/laravel/framework/src/Illuminate/Foundation/Application.php(1235): Illuminate/Foundation/Console/Kernel->handle(Object(Symfony/Component/Console/Input/ArgvInput), Object(Symfony/Component/Console/Output/ConsoleOutput))
#17 C:/laragon/www/sportmate_pemwebII-main/sportmate/artisan(14): Illuminate/Foundation/Application->handleCommand(Object(Symfony/Component/Console/Input/ArgvInput))
#18 {main}
"} 
[2026-07-10 03:23:02] local.ERROR: Command "event:update-status" is not defined.

Did you mean one of these?
    event:cache
    event:clear
    event:list {"exception":"[object] (Symfony\\Component\\Console\\Exception\\CommandNotFoundException(code: 0): Command \"event:update-status\" is not defined.

Did you mean one of these?
    event:cache
    event:clear
    event:list at C:/laragon/www/sportmate_pemwebII-main/sportmate/vendor/symfony/console/Application.php:759)
[stacktrace]
#0 C:/laragon/www/sportmate_pemwebII-main/sportmate/vendor/symfony/console/Application.php(298): Symfony/Component/Console/Application->find('event:update-st...')
#1 C:/laragon/www/sportmate_pemwebII-main/sportmate/vendor/symfony/console/Application.php(195): Symfony/Component/Console/Application->doRun(Object(Symfony/Component/Console/Input/ArgvInput), Object(Symfony/Component/Console/Output/ConsoleOutput))
#2 C:/laragon/www/sportmate_pemwebII-main/sportmate/vendor/laravel/framework/src/Illuminate/Foundation/Console/Kernel.php(198): Symfony/Component/Console/Application->run(Object(Symfony/Component/Console/Input/ArgvInput), Object(Symfony/Component/Console/Output/ConsoleOutput))
#3 C:/laragon/www/sportmate_pemwebII-main/sportmate/vendor/laravel/framework/src/Illuminate/Foundation/Application.php(1235): Illuminate/Foundation/Console/Kernel->handle(Object(Symfony/Component/Console/Input/ArgvInput), Object(Symfony/Component/Console/Output/ConsoleOutput))
#4 C:/laragon/www/sportmate_pemwebII-main/sportmate/artisan(14): Illuminate/Foundation/Application->handleCommand(Object(Symfony/Component/Console/Input/ArgvInput))
#5 {main}
"} 
[2026-07-10 03:23:02] local.ERROR: Scheduled command ["C:\laragon\bin\php\php-8.4.19-Win32-vs17-x64\php.exe" "artisan" event:update-status] failed with exit code [1]. {"exception":"[object] (Exception(code: 0): Scheduled command [\"C:\\laragon\\bin\\php\\php-8.4.19-Win32-vs17-x64\\php.exe\" \"artisan\" event:update-status] failed with exit code [1]. at C:/laragon/www/sportmate_pemwebII-main/sportmate/vendor/laravel/framework/src/Illuminate/Console/Scheduling/ScheduleRunCommand.php:207)
[stacktrace]
#0 C:/laragon/www/sportmate_pemwebII-main/sportmate/vendor/laravel/framework/src/Illuminate/Console/View/Components/Task.php(41): Illuminate/Console/Scheduling/ScheduleRunCommand->{closure:Illuminate/Console/Scheduling/ScheduleRunCommand::runEvent():191}()
#1 C:/laragon/www/sportmate_pemwebII-main/sportmate/vendor/laravel/framework/src/Illuminate/Console/View/Components/Factory.php(59): Illuminate/Console/View/Components/Task->render('<fg=gray>2026-0...', Object(Closure))
#2 C:/laragon/www/sportmate_pemwebII-main/sportmate/vendor/laravel/framework/src/Illuminate/Console/Scheduling/ScheduleRunCommand.php(191): Illuminate/Console/View/Components/Factory->__call('task', Array)
#3 C:/laragon/www/sportmate_pemwebII-main/sportmate/vendor/laravel/framework/src/Illuminate/Console/Scheduling/ScheduleRunCommand.php(134): Illuminate/Console/Scheduling/ScheduleRunCommand->runEvent(Object(Illuminate/Console/Scheduling/Event))
#4 C:/laragon/www/sportmate_pemwebII-main/sportmate/vendor/laravel/framework/src/Illuminate/Container/BoundMethod.php(36): Illuminate/Console/Scheduling/ScheduleRunCommand->handle(Object(Illuminate/Console/Scheduling/Schedule), Object(Illuminate/Events/Dispatcher), Object(Illuminate/Cache/Repository), Object(NunoMaduro/Collision/Adapters/Laravel/ExceptionHandler))
#5 C:/laragon/www/sportmate_pemwebII-main/sportmate/vendor/laravel/framework/src/Illuminate/Container/Util.php(43): Illuminate/Container/BoundMethod::{closure:Illuminate/Container/BoundMethod::call():35}()
#6 C:/laragon/www/sportmate_pemwebII-main/sportmate/vendor/laravel/framework/src/Illuminate/Container/BoundMethod.php(96): Illuminate/Container/Util::unwrapIfClosure(Object(Closure))
#7 C:/laragon/www/sportmate_pemwebII-main/sportmate/vendor/laravel/framework/src/Illuminate/Container/BoundMethod.php(35): Illuminate/Container/BoundMethod::callBoundMethod(Object(Illuminate/Foundation/Application), Array, Object(Closure))
#8 C:/laragon/www/sportmate_pemwebII-main/sportmate/vendor/laravel/framework/src/Illuminate/Container/Container.php(799): Illuminate/Container/BoundMethod::call(Object(Illuminate/Foundation/Application), Array, Array, NULL)
#9 C:/laragon/www/sportmate_pemwebII-main/sportmate/vendor/laravel/framework/src/Illuminate/Console/Command.php(211): Illuminate/Container/Container->call(Array)
#10 C:/laragon/www/sportmate_pemwebII-main/sportmate/vendor/symfony/console/Command/Command.php(341): Illuminate/Console/Command->execute(Object(Symfony/Component/Console/Input/ArgvInput), Object(Illuminate/Console/OutputStyle))
#11 C:/laragon/www/sportmate_pemwebII-main/sportmate/vendor/laravel/framework/src/Illuminate/Console/Command.php(180): Symfony/Component/Console/Command/Command->run(Object(Symfony/Component/Console/Input/ArgvInput), Object(Illuminate/Console/OutputStyle))
#12 C:/laragon/www/sportmate_pemwebII-main/sportmate/vendor/symfony/console/Application.php(1117): Illuminate/Console/Command->run(Object(Symfony/Component/Console/Input/ArgvInput), Object(Symfony/Component/Console/Output/ConsoleOutput))
#13 C:/laragon/www/sportmate_pemwebII-main/sportmate/vendor/symfony/console/Application.php(356): Symfony/Component/Console/Application->doRunCommand(Object(Illuminate/Console/Scheduling/ScheduleRunCommand), Object(Symfony/Component/Console/Input/ArgvInput), Object(Symfony/Component/Console/Output/ConsoleOutput))
#14 C:/laragon/www/sportmate_pemwebII-main/sportmate/vendor/symfony/console/Application.php(195): Symfony/Component/Console/Application->doRun(Object(Symfony/Component/Console/Input/ArgvInput), Object(Symfony/Component/Console/Output/ConsoleOutput))
#15 C:/laragon/www/sportmate_pemwebII-main/sportmate/vendor/laravel/framework/src/Illuminate/Foundation/Console/Kernel.php(198): Symfony/Component/Console/Application->run(Object(Symfony/Component/Console/Input/ArgvInput), Object(Symfony/Component/Console/Output/ConsoleOutput))
#16 C:/laragon/www/sportmate_pemwebII-main/sportmate/vendor/laravel/framework/src/Illuminate/Foundation/Application.php(1235): Illuminate/Foundation/Console/Kernel->handle(Object(Symfony/Component/Console/Input/ArgvInput), Object(Symfony/Component/Console/Output/ConsoleOutput))
#17 C:/laragon/www/sportmate_pemwebII-main/sportmate/artisan(14): Illuminate/Foundation/Application->handleCommand(Object(Symfony/Component/Console/Input/ArgvInput))
#18 {main}
"} 
[2026-07-10 03:24:02] local.ERROR: Command "event:update-status" is not defined.

Did you mean one of these?
    event:cache
    event:clear
    event:list {"exception":"[object] (Symfony\\Component\\Console\\Exception\\CommandNotFoundException(code: 0): Command \"event:update-status\" is not defined.

Did you mean one of these?
    event:cache
    event:clear
    event:list at C:/laragon/www/sportmate_pemwebII-main/sportmate/vendor/symfony/console/Application.php:759)
[stacktrace]
#0 C:/laragon/www/sportmate_pemwebII-main/sportmate/vendor/symfony/console/Application.php(298): Symfony/Component/Console/Application->find('event:update-st...')
#1 C:/laragon/www/sportmate_pemwebII-main/sportmate/vendor/symfony/console/Application.php(195): Symfony/Component/Console/Application->doRun(Object(Symfony/Component/Console/Input/ArgvInput), Object(Symfony/Component/Console/Output/ConsoleOutput))
#2 C:/laragon/www/sportmate_pemwebII-main/sportmate/vendor/laravel/framework/src/Illuminate/Foundation/Console/Kernel.php(198): Symfony/Component/Console/Application->run(Object(Symfony/Component/Console/Input/ArgvInput), Object(Symfony/Component/Console/Output/ConsoleOutput))
#3 C:/laragon/www/sportmate_pemwebII-main/sportmate/vendor/laravel/framework/src/Illuminate/Foundation/Application.php(1235): Illuminate/Foundation/Console/Kernel->handle(Object(Symfony/Component/Console/Input/ArgvInput), Object(Symfony/Component/Console/Output/ConsoleOutput))
#4 C:/laragon/www/sportmate_pemwebII-main/sportmate/artisan(14): Illuminate/Foundation/Application->handleCommand(Object(Symfony/Component/Console/Input/ArgvInput))
#5 {main}
"} 
[2026-07-10 03:24:02] local.ERROR: Scheduled command ["C:\laragon\bin\php\php-8.4.19-Win32-vs17-x64\php.exe" "artisan" event:update-status] failed with exit code [1]. {"exception":"[object] (Exception(code: 0): Scheduled command [\"C:\\laragon\\bin\\php\\php-8.4.19-Win32-vs17-x64\\php.exe\" \"artisan\" event:update-status] failed with exit code [1]. at C:/laragon/www/sportmate_pemwebII-main/sportmate/vendor/laravel/framework/src/Illuminate/Console/Scheduling/ScheduleRunCommand.php:207)
[stacktrace]
#0 C:/laragon/www/sportmate_pemwebII-main/sportmate/vendor/laravel/framework/src/Illuminate/Console/View/Components/Task.php(41): Illuminate/Console/Scheduling/ScheduleRunCommand->{closure:Illuminate/Console/Scheduling/ScheduleRunCommand::runEvent():191}()
#1 C:/laragon/www/sportmate_pemwebII-main/sportmate/vendor/laravel/framework/src/Illuminate/Console/View/Components/Factory.php(59): Illuminate/Console/View/Components/Task->render('<fg=gray>2026-0...', Object(Closure))
#2 C:/laragon/www/sportmate_pemwebII-main/sportmate/vendor/laravel/framework/src/Illuminate/Console/Scheduling/ScheduleRunCommand.php(191): Illuminate/Console/View/Components/Factory->__call('task', Array)
#3 C:/laragon/www/sportmate_pemwebII-main/sportmate/vendor/laravel/framework/src/Illuminate/Console/Scheduling/ScheduleRunCommand.php(134): Illuminate/Console/Scheduling/ScheduleRunCommand->runEvent(Object(Illuminate/Console/Scheduling/Event))
#4 C:/laragon/www/sportmate_pemwebII-main/sportmate/vendor/laravel/framework/src/Illuminate/Container/BoundMethod.php(36): Illuminate/Console/Scheduling/ScheduleRunCommand->handle(Object(Illuminate/Console/Scheduling/Schedule), Object(Illuminate/Events/Dispatcher), Object(Illuminate/Cache/Repository), Object(NunoMaduro/Collision/Adapters/Laravel/ExceptionHandler))
#5 C:/laragon/www/sportmate_pemwebII-main/sportmate/vendor/laravel/framework/src/Illuminate/Container/Util.php(43): Illuminate/Container/BoundMethod::{closure:Illuminate/Container/BoundMethod::call():35}()
#6 C:/laragon/www/sportmate_pemwebII-main/sportmate/vendor/laravel/framework/src/Illuminate/Container/BoundMethod.php(96): Illuminate/Container/Util::unwrapIfClosure(Object(Closure))
#7 C:/laragon/www/sportmate_pemwebII-main/sportmate/vendor/laravel/framework/src/Illuminate/Container/BoundMethod.php(35): Illuminate/Container/BoundMethod::callBoundMethod(Object(Illuminate/Foundation/Application), Array, Object(Closure))
#8 C:/laragon/www/sportmate_pemwebII-main/sportmate/vendor/laravel/framework/src/Illuminate/Container/Container.php(799): Illuminate/Container/BoundMethod::call(Object(Illuminate/Foundation/Application), Array, Array, NULL)
#9 C:/laragon/www/sportmate_pemwebII-main/sportmate/vendor/laravel/framework/src/Illuminate/Console/Command.php(211): Illuminate/Container/Container->call(Array)
#10 C:/laragon/www/sportmate_pemwebII-main/sportmate/vendor/symfony/console/Command/Command.php(341): Illuminate/Console/Command->execute(Object(Symfony/Component/Console/Input/ArgvInput), Object(Illuminate/Console/OutputStyle))
#11 C:/laragon/www/sportmate_pemwebII-main/sportmate/vendor/laravel/framework/src/Illuminate/Console/Command.php(180): Symfony/Component/Console/Command/Command->run(Object(Symfony/Component/Console/Input/ArgvInput), Object(Illuminate/Console/OutputStyle))
#12 C:/laragon/www/sportmate_pemwebII-main/sportmate/vendor/symfony/console/Application.php(1117): Illuminate/Console/Command->run(Object(Symfony/Component/Console/Input/ArgvInput), Object(Symfony/Component/Console/Output/ConsoleOutput))
#13 C:/laragon/www/sportmate_pemwebII-main/sportmate/vendor/symfony/console/Application.php(356): Symfony/Component/Console/Application->doRunCommand(Object(Illuminate/Console/Scheduling/ScheduleRunCommand), Object(Symfony/Component/Console/Input/ArgvInput), Object(Symfony/Component/Console/Output/ConsoleOutput))
#14 C:/laragon/www/sportmate_pemwebII-main/sportmate/vendor/symfony/console/Application.php(195): Symfony/Component/Console/Application->doRun(Object(Symfony/Component/Console/Input/ArgvInput), Object(Symfony/Component/Console/Output/ConsoleOutput))
#15 C:/laragon/www/sportmate_pemwebII-main/sportmate/vendor/laravel/framework/src/Illuminate/Foundation/Console/Kernel.php(198): Symfony/Component/Console/Application->run(Object(Symfony/Component/Console/Input/ArgvInput), Object(Symfony/Component/Console/Output/ConsoleOutput))
#16 C:/laragon/www/sportmate_pemwebII-main/sportmate/vendor/laravel/framework/src/Illuminate/Foundation/Application.php(1235): Illuminate/Foundation/Console/Kernel->handle(Object(Symfony/Component/Console/Input/ArgvInput), Object(Symfony/Component/Console/Output/ConsoleOutput))
#17 C:/laragon/www/sportmate_pemwebII-main/sportmate/artisan(14): Illuminate/Foundation/Application->handleCommand(Object(Symfony/Component/Console/Input/ArgvInput))
#18 {main}
"} 
[2026-07-10 03:25:02] local.ERROR: Command "event:update-status" is not defined.

Did you mean one of these?
    event:cache
    event:clear
    event:list {"exception":"[object] (Symfony\\Component\\Console\\Exception\\CommandNotFoundException(code: 0): Command \"event:update-status\" is not defined.

Did you mean one of these?
    event:cache
    event:clear
    event:list at C:/laragon/www/sportmate_pemwebII-main/sportmate/vendor/symfony/console/Application.php:759)
[stacktrace]
#0 C:/laragon/www/sportmate_pemwebII-main/sportmate/vendor/symfony/console/Application.php(298): Symfony/Component/Console/Application->find('event:update-st...')
#1 C:/laragon/www/sportmate_pemwebII-main/sportmate/vendor/symfony/console/Application.php(195): Symfony/Component/Console/Application->doRun(Object(Symfony/Component/Console/Input/ArgvInput), Object(Symfony/Component/Console/Output/ConsoleOutput))
#2 C:/laragon/www/sportmate_pemwebII-main/sportmate/vendor/laravel/framework/src/Illuminate/Foundation/Console/Kernel.php(198): Symfony/Component/Console/Application->run(Object(Symfony/Component/Console/Input/ArgvInput), Object(Symfony/Component/Console/Output/ConsoleOutput))
#3 C:/laragon/www/sportmate_pemwebII-main/sportmate/vendor/laravel/framework/src/Illuminate/Foundation/Application.php(1235): Illuminate/Foundation/Console/Kernel->handle(Object(Symfony/Component/Console/Input/ArgvInput), Object(Symfony/Component/Console/Output/ConsoleOutput))
#4 C:/laragon/www/sportmate_pemwebII-main/sportmate/artisan(14): Illuminate/Foundation/Application->handleCommand(Object(Symfony/Component/Console/Input/ArgvInput))
#5 {main}
"} 
[2026-07-10 03:25:02] local.ERROR: Scheduled command ["C:\laragon\bin\php\php-8.4.19-Win32-vs17-x64\php.exe" "artisan" event:update-status] failed with exit code [1]. {"exception":"[object] (Exception(code: 0): Scheduled command [\"C:\\laragon\\bin\\php\\php-8.4.19-Win32-vs17-x64\\php.exe\" \"artisan\" event:update-status] failed with exit code [1]. at C:/laragon/www/sportmate_pemwebII-main/sportmate/vendor/laravel/framework/src/Illuminate/Console/Scheduling/ScheduleRunCommand.php:207)
[stacktrace]
#0 C:/laragon/www/sportmate_pemwebII-main/sportmate/vendor/laravel/framework/src/Illuminate/Console/View/Components/Task.php(41): Illuminate/Console/Scheduling/ScheduleRunCommand->{closure:Illuminate/Console/Scheduling/ScheduleRunCommand::runEvent():191}()
#1 C:/laragon/www/sportmate_pemwebII-main/sportmate/vendor/laravel/framework/src/Illuminate/Console/View/Components/Factory.php(59): Illuminate/Console/View/Components/Task->render('<fg=gray>2026-0...', Object(Closure))
#2 C:/laragon/www/sportmate_pemwebII-main/sportmate/vendor/laravel/framework/src/Illuminate/Console/Scheduling/ScheduleRunCommand.php(191): Illuminate/Console/View/Components/Factory->__call('task', Array)
#3 C:/laragon/www/sportmate_pemwebII-main/sportmate/vendor/laravel/framework/src/Illuminate/Console/Scheduling/ScheduleRunCommand.php(134): Illuminate/Console/Scheduling/ScheduleRunCommand->runEvent(Object(Illuminate/Console/Scheduling/Event))
#4 C:/laragon/www/sportmate_pemwebII-main/sportmate/vendor/laravel/framework/src/Illuminate/Container/BoundMethod.php(36): Illuminate/Console/Scheduling/ScheduleRunCommand->handle(Object(Illuminate/Console/Scheduling/Schedule), Object(Illuminate/Events/Dispatcher), Object(Illuminate/Cache/Repository), Object(NunoMaduro/Collision/Adapters/Laravel/ExceptionHandler))
#5 C:/laragon/www/sportmate_pemwebII-main/sportmate/vendor/laravel/framework/src/Illuminate/Container/Util.php(43): Illuminate/Container/BoundMethod::{closure:Illuminate/Container/BoundMethod::call():35}()
#6 C:/laragon/www/sportmate_pemwebII-main/sportmate/vendor/laravel/framework/src/Illuminate/Container/BoundMethod.php(96): Illuminate/Container/Util::unwrapIfClosure(Object(Closure))
#7 C:/laragon/www/sportmate_pemwebII-main/sportmate/vendor/laravel/framework/src/Illuminate/Container/BoundMethod.php(35): Illuminate/Container/BoundMethod::callBoundMethod(Object(Illuminate/Foundation/Application), Array, Object(Closure))
#8 C:/laragon/www/sportmate_pemwebII-main/sportmate/vendor/laravel/framework/src/Illuminate/Container/Container.php(799): Illuminate/Container/BoundMethod::call(Object(Illuminate/Foundation/Application), Array, Array, NULL)
#9 C:/laragon/www/sportmate_pemwebII-main/sportmate/vendor/laravel/framework/src/Illuminate/Console/Command.php(211): Illuminate/Container/Container->call(Array)
#10 C:/laragon/www/sportmate_pemwebII-main/sportmate/vendor/symfony/console/Command/Command.php(341): Illuminate/Console/Command->execute(Object(Symfony/Component/Console/Input/ArgvInput), Object(Illuminate/Console/OutputStyle))
#11 C:/laragon/www/sportmate_pemwebII-main/sportmate/vendor/laravel/framework/src/Illuminate/Console/Command.php(180): Symfony/Component/Console/Command/Command->run(Object(Symfony/Component/Console/Input/ArgvInput), Object(Illuminate/Console/OutputStyle))
#12 C:/laragon/www/sportmate_pemwebII-main/sportmate/vendor/symfony/console/Application.php(1117): Illuminate/Console/Command->run(Object(Symfony/Component/Console/Input/ArgvInput), Object(Symfony/Component/Console/Output/ConsoleOutput))
#13 C:/laragon/www/sportmate_pemwebII-main/sportmate/vendor/symfony/console/Application.php(356): Symfony/Component/Console/Application->doRunCommand(Object(Illuminate/Console/Scheduling/ScheduleRunCommand), Object(Symfony/Component/Console/Input/ArgvInput), Object(Symfony/Component/Console/Output/ConsoleOutput))
#14 C:/laragon/www/sportmate_pemwebII-main/sportmate/vendor/symfony/console/Application.php(195): Symfony/Component/Console/Application->doRun(Object(Symfony/Component/Console/Input/ArgvInput), Object(Symfony/Component/Console/Output/ConsoleOutput))
#15 C:/laragon/www/sportmate_pemwebII-main/sportmate/vendor/laravel/framework/src/Illuminate/Foundation/Console/Kernel.php(198): Symfony/Component/Console/Application->run(Object(Symfony/Component/Console/Input/ArgvInput), Object(Symfony/Component/Console/Output/ConsoleOutput))
#16 C:/laragon/www/sportmate_pemwebII-main/sportmate/vendor/laravel/framework/src/Illuminate/Foundation/Application.php(1235): Illuminate/Foundation/Console/Kernel->handle(Object(Symfony/Component/Console/Input/ArgvInput), Object(Symfony/Component/Console/Output/ConsoleOutput))
#17 C:/laragon/www/sportmate_pemwebII-main/sportmate/artisan(14): Illuminate/Foundation/Application->handleCommand(Object(Symfony/Component/Console/Input/ArgvInput))
#18 {main}
"} 
[2026-07-13 12:41:00] production.ERROR: file_get_contents(C:\laragon\www\projek_sportmate_uas_pemweb2\.env): Failed to open stream: No such file or directory {"exception":"[object] (ErrorException(code: 0): file_get_contents(C:\\laragon\\www\\projek_sportmate_uas_pemweb2\\.env): Failed to open stream: No such file or directory at C:/laragon/www/projek_sportmate_uas_pemweb2/vendor/laravel/framework/src/Illuminate/Foundation/Console/KeyGenerateCommand.php:100)
[stacktrace]
#0 C:/laragon/www/projek_sportmate_uas_pemweb2/vendor/laravel/framework/src/Illuminate/Foundation/Bootstrap/HandleExceptions.php(262): Illuminate/Foundation/Bootstrap/HandleExceptions->handleError(2, 'file_get_conten...', 'C://laragon//www//...', 100)
#1 [internal function]: Illuminate/Foundation/Bootstrap/HandleExceptions->{closure:Illuminate/Foundation/Bootstrap/HandleExceptions::forwardsTo():261}(2, 'file_get_conten...', 'C://laragon//www//...', 100)
#2 C:/laragon/www/projek_sportmate_uas_pemweb2/vendor/laravel/framework/src/Illuminate/Foundation/Console/KeyGenerateCommand.php(100): file_get_contents('C://laragon//www//...')
#3 C:/laragon/www/projek_sportmate_uas_pemweb2/vendor/laravel/framework/src/Illuminate/Foundation/Console/KeyGenerateCommand.php(82): Illuminate/Foundation/Console/KeyGenerateCommand->writeNewEnvironmentFileWith('base64:QDEinFEq...')
#4 C:/laragon/www/projek_sportmate_uas_pemweb2/vendor/laravel/framework/src/Illuminate/Foundation/Console/KeyGenerateCommand.php(47): Illuminate/Foundation/Console/KeyGenerateCommand->setKeyInEnvironmentFile('base64:QDEinFEq...')
#5 C:/laragon/www/projek_sportmate_uas_pemweb2/vendor/laravel/framework/src/Illuminate/Container/BoundMethod.php(36): Illuminate/Foundation/Console/KeyGenerateCommand->handle()
#6 C:/laragon/www/projek_sportmate_uas_pemweb2/vendor/laravel/framework/src/Illuminate/Container/Util.php(43): Illuminate/Container/BoundMethod::{closure:Illuminate/Container/BoundMethod::call():35}()
#7 C:/laragon/www/projek_sportmate_uas_pemweb2/vendor/laravel/framework/src/Illuminate/Container/BoundMethod.php(96): Illuminate/Container/Util::unwrapIfClosure(Object(Closure))
#8 C:/laragon/www/projek_sportmate_uas_pemweb2/vendor/laravel/framework/src/Illuminate/Container/BoundMethod.php(35): Illuminate/Container/BoundMethod::callBoundMethod(Object(Illuminate/Foundation/Application), Array, Object(Closure))
#9 C:/laragon/www/projek_sportmate_uas_pemweb2/vendor/laravel/framework/src/Illuminate/Container/Container.php(799): Illuminate/Container/BoundMethod::call(Object(Illuminate/Foundation/Application), Array, Array, NULL)
#10 C:/laragon/www/projek_sportmate_uas_pemweb2/vendor/laravel/framework/src/Illuminate/Console/Command.php(211): Illuminate/Container/Container->call(Array)
#11 C:/laragon/www/projek_sportmate_uas_pemweb2/vendor/symfony/console/Command/Command.php(341): Illuminate/Console/Command->execute(Object(Symfony/Component/Console/Input/ArgvInput), Object(Illuminate/Console/OutputStyle))
#12 C:/laragon/www/projek_sportmate_uas_pemweb2/vendor/laravel/framework/src/Illuminate/Console/Command.php(180): Symfony/Component/Console/Command/Command->run(Object(Symfony/Component/Console/Input/ArgvInput), Object(Illuminate/Console/OutputStyle))
#13 C:/laragon/www/projek_sportmate_uas_pemweb2/vendor/symfony/console/Application.php(1117): Illuminate/Console/Command->run(Object(Symfony/Component/Console/Input/ArgvInput), Object(Symfony/Component/Console/Output/ConsoleOutput))
#14 C:/laragon/www/projek_sportmate_uas_pemweb2/vendor/symfony/console/Application.php(356): Symfony/Component/Console/Application->doRunCommand(Object(Illuminate/Foundation/Console/KeyGenerateCommand), Object(Symfony/Component/Console/Input/ArgvInput), Object(Symfony/Component/Console/Output/ConsoleOutput))
#15 C:/laragon/www/projek_sportmate_uas_pemweb2/vendor/symfony/console/Application.php(195): Symfony/Component/Console/Application->doRun(Object(Symfony/Component/Console/Input/ArgvInput), Object(Symfony/Component/Console/Output/ConsoleOutput))
#16 C:/laragon/www/projek_sportmate_uas_pemweb2/vendor/laravel/framework/src/Illuminate/Foundation/Console/Kernel.php(198): Symfony/Component/Console/Application->run(Object(Symfony/Component/Console/Input/ArgvInput), Object(Symfony/Component/Console/Output/ConsoleOutput))
#17 C:/laragon/www/projek_sportmate_uas_pemweb2/vendor/laravel/framework/src/Illuminate/Foundation/Application.php(1235): Illuminate/Foundation/Console/Kernel->handle(Object(Symfony/Component/Console/Input/ArgvInput), Object(Symfony/Component/Console/Output/ConsoleOutput))
#18 C:/laragon/www/projek_sportmate_uas_pemweb2/artisan(14): Illuminate/Foundation/Application->handleCommand(Object(Symfony/Component/Console/Input/ArgvInput))
#19 {main}
"} 
[2026-07-14 12:38:10] local.ERROR: SQLSTATE[HY000] [2002] No connection could be made because the target machine actively refused it (Connection: mysql, Host: 127.0.0.1, Port: 3306, Database: sportmate, SQL: select * from `events` where `status` in (upcoming, ongoing)) {"exception":"[object] (Illuminate\\Database\\QueryException(code: 2002): SQLSTATE[HY000] [2002] No connection could be made because the target machine actively refused it (Connection: mysql, Host: 127.0.0.1, Port: 3306, Database: sportmate, SQL: select * from `events` where `status` in (upcoming, ongoing)) at C:/laragon/www/projek_sportmate_uas_pemweb2/vendor/laravel/framework/src/Illuminate/Database/Connection.php:838)
[stacktrace]
#0 C:/laragon/www/projek_sportmate_uas_pemweb2/vendor/laravel/framework/src/Illuminate/Database/Connection.php(999): Illuminate/Database/Connection->runQueryCallback('select * from `...', Array, Object(Closure))
#1 C:/laragon/www/projek_sportmate_uas_pemweb2/vendor/laravel/framework/src/Illuminate/Database/Connection.php(978): Illuminate/Database/Connection->tryAgainIfCausedByLostConnection(Object(Illuminate/Database/QueryException), 'select * from `...', Array, Object(Closure))
#2 C:/laragon/www/projek_sportmate_uas_pemweb2/vendor/laravel/framework/src/Illuminate/Database/Connection.php(796): Illuminate/Database/Connection->handleQueryException(Object(Illuminate/Database/QueryException), 'select * from `...', Array, Object(Closure))
#3 C:/laragon/www/projek_sportmate_uas_pemweb2/vendor/laravel/framework/src/Illuminate/Database/Connection.php(411): Illuminate/Database/Connection->run('select * from `...', Array, Object(Closure))
#4 C:/laragon/www/projek_sportmate_uas_pemweb2/vendor/laravel/framework/src/Illuminate/Database/Query/Builder.php(3505): Illuminate/Database/Connection->select('select * from `...', Array, true)
#5 C:/laragon/www/projek_sportmate_uas_pemweb2/vendor/laravel/framework/src/Illuminate/Database/Query/Builder.php(3490): Illuminate/Database/Query/Builder->runSelect()
#6 C:/laragon/www/projek_sportmate_uas_pemweb2/vendor/laravel/framework/src/Illuminate/Database/Query/Builder.php(4080): Illuminate/Database/Query/Builder->{closure:Illuminate/Database/Query/Builder::get():3489}()
#7 C:/laragon/www/projek_sportmate_uas_pemweb2/vendor/laravel/framework/src/Illuminate/Database/Query/Builder.php(3489): Illuminate/Database/Query/Builder->onceWithColumns(Array, Object(Closure))
#8 C:/laragon/www/projek_sportmate_uas_pemweb2/vendor/laravel/framework/src/Illuminate/Database/Eloquent/Builder.php(902): Illuminate/Database/Query/Builder->get(Array)
#9 C:/laragon/www/projek_sportmate_uas_pemweb2/vendor/laravel/framework/src/Illuminate/Database/Eloquent/Builder.php(884): Illuminate/Database/Eloquent/Builder->getModels(Array)
#10 C:/laragon/www/projek_sportmate_uas_pemweb2/app/Console/Commands/AutoUpdateEventStatus.php(16): Illuminate/Database/Eloquent/Builder->get()
#11 C:/laragon/www/projek_sportmate_uas_pemweb2/vendor/laravel/framework/src/Illuminate/Container/BoundMethod.php(36): App/Console/Commands/AutoUpdateEventStatus->handle()
#12 C:/laragon/www/projek_sportmate_uas_pemweb2/vendor/laravel/framework/src/Illuminate/Container/Util.php(43): Illuminate/Container/BoundMethod::{closure:Illuminate/Container/BoundMethod::call():35}()
#13 C:/laragon/www/projek_sportmate_uas_pemweb2/vendor/laravel/framework/src/Illuminate/Container/BoundMethod.php(96): Illuminate/Container/Util::unwrapIfClosure(Object(Closure))
#14 C:/laragon/www/projek_sportmate_uas_pemweb2/vendor/laravel/framework/src/Illuminate/Container/BoundMethod.php(35): Illuminate/Container/BoundMethod::callBoundMethod(Object(Illuminate/Foundation/Application), Array, Object(Closure))
#15 C:/laragon/www/projek_sportmate_uas_pemweb2/vendor/laravel/framework/src/Illuminate/Container/Container.php(799): Illuminate/Container/BoundMethod::call(Object(Illuminate/Foundation/Application), Array, Array, NULL)
#16 C:/laragon/www/projek_sportmate_uas_pemweb2/vendor/laravel/framework/src/Illuminate/Console/Command.php(211): Illuminate/Container/Container->call(Array)
#17 C:/laragon/www/projek_sportmate_uas_pemweb2/vendor/symfony/console/Command/Command.php(341): Illuminate/Console/Command->execute(Object(Symfony/Component/Console/Input/ArgvInput), Object(Illuminate/Console/OutputStyle))
#18 C:/laragon/www/projek_sportmate_uas_pemweb2/vendor/laravel/framework/src/Illuminate/Console/Command.php(180): Symfony/Component/Console/Command/Command->run(Object(Symfony/Component/Console/Input/ArgvInput), Object(Illuminate/Console/OutputStyle))
#19 C:/laragon/www/projek_sportmate_uas_pemweb2/vendor/symfony/console/Application.php(1117): Illuminate/Console/Command->run(Object(Symfony/Component/Console/Input/ArgvInput), Object(Symfony/Component/Console/Output/ConsoleOutput))
#20 C:/laragon/www/projek_sportmate_uas_pemweb2/vendor/symfony/console/Application.php(356): Symfony/Component/Console/Application->doRunCommand(Object(App/Console/Commands/AutoUpdateEventStatus), Object(Symfony/Component/Console/Input/ArgvInput), Object(Symfony/Component/Console/Output/ConsoleOutput))
#21 C:/laragon/www/projek_sportmate_uas_pemweb2/vendor/symfony/console/Application.php(195): Symfony/Component/Console/Application->doRun(Object(Symfony/Component/Console/Input/ArgvInput), Object(Symfony/Component/Console/Output/ConsoleOutput))
#22 C:/laragon/www/projek_sportmate_uas_pemweb2/vendor/laravel/framework/src/Illuminate/Foundation/Console/Kernel.php(198): Symfony/Component/Console/Application->run(Object(Symfony/Component/Console/Input/ArgvInput), Object(Symfony/Component/Console/Output/ConsoleOutput))
#23 C:/laragon/www/projek_sportmate_uas_pemweb2/vendor/laravel/framework/src/Illuminate/Foundation/Application.php(1235): Illuminate/Foundation/Console/Kernel->handle(Object(Symfony/Component/Console/Input/ArgvInput), Object(Symfony/Component/Console/Output/ConsoleOutput))
#24 C:/laragon/www/projek_sportmate_uas_pemweb2/artisan(14): Illuminate/Foundation/Application->handleCommand(Object(Symfony/Component/Console/Input/ArgvInput))
#25 {main}

[previous exception] [object] (PDOException(code: 2002): SQLSTATE[HY000] [2002] No connection could be made because the target machine actively refused it at C:/laragon/www/projek_sportmate_uas_pemweb2/vendor/laravel/framework/src/Illuminate/Database/Connectors/Connector.php:67)
[stacktrace]
#0 C:/laragon/www/projek_sportmate_uas_pemweb2/vendor/laravel/framework/src/Illuminate/Database/Connectors/Connector.php(67): PDO::connect('mysql:host=127....', 'root', Object(SensitiveParameterValue), Array)
#1 C:/laragon/www/projek_sportmate_uas_pemweb2/vendor/laravel/framework/src/Illuminate/Database/Connectors/Connector.php(85): Illuminate/Database/Connectors/Connector->createPdoConnection('mysql:host=127....', 'root', Object(SensitiveParameterValue), Array)
#2 C:/laragon/www/projek_sportmate_uas_pemweb2/vendor/laravel/framework/src/Illuminate/Database/Connectors/Connector.php(48): Illuminate/Database/Connectors/Connector->tryAgainIfCausedByLostConnection(Object(PDOException), 'mysql:host=127....', 'root', Object(SensitiveParameterValue), Array)
#3 C:/laragon/www/projek_sportmate_uas_pemweb2/vendor/laravel/framework/src/Illuminate/Database/Connectors/MySqlConnector.php(24): Illuminate/Database/Connectors/Connector->createConnection('mysql:host=127....', Array, Array)
#4 C:/laragon/www/projek_sportmate_uas_pemweb2/vendor/laravel/framework/src/Illuminate/Database/Connectors/ConnectionFactory.php(186): Illuminate/Database/Connectors/MySqlConnector->connect(Array)
#5 [internal function]: Illuminate/Database/Connectors/ConnectionFactory->{closure:Illuminate/Database/Connectors/ConnectionFactory::createPdoResolverWithHosts():181}()
#6 C:/laragon/www/projek_sportmate_uas_pemweb2/vendor/laravel/framework/src/Illuminate/Database/Connection.php(1257): call_user_func(Object(Closure))
#7 C:/laragon/www/projek_sportmate_uas_pemweb2/vendor/laravel/framework/src/Illuminate/Database/Connection.php(1295): Illuminate/Database/Connection->getPdo()
#8 C:/laragon/www/projek_sportmate_uas_pemweb2/vendor/laravel/framework/src/Illuminate/Database/Connection.php(525): Illuminate/Database/Connection->getReadPdo()
#9 C:/laragon/www/projek_sportmate_uas_pemweb2/vendor/laravel/framework/src/Illuminate/Database/Connection.php(420): Illuminate/Database/Connection->getPdoForSelect(true)
#10 C:/laragon/www/projek_sportmate_uas_pemweb2/vendor/laravel/framework/src/Illuminate/Database/Connection.php(827): Illuminate/Database/Connection->{closure:Illuminate/Database/Connection::select():411}('select * from `...', Array)
#11 C:/laragon/www/projek_sportmate_uas_pemweb2/vendor/laravel/framework/src/Illuminate/Database/Connection.php(999): Illuminate/Database/Connection->runQueryCallback('select * from `...', Array, Object(Closure))
#12 C:/laragon/www/projek_sportmate_uas_pemweb2/vendor/laravel/framework/src/Illuminate/Database/Connection.php(978): Illuminate/Database/Connection->tryAgainIfCausedByLostConnection(Object(Illuminate/Database/QueryException), 'select * from `...', Array, Object(Closure))
#13 C:/laragon/www/projek_sportmate_uas_pemweb2/vendor/laravel/framework/src/Illuminate/Database/Connection.php(796): Illuminate/Database/Connection->handleQueryException(Object(Illuminate/Database/QueryException), 'select * from `...', Array, Object(Closure))
#14 C:/laragon/www/projek_sportmate_uas_pemweb2/vendor/laravel/framework/src/Illuminate/Database/Connection.php(411): Illuminate/Database/Connection->run('select * from `...', Array, Object(Closure))
#15 C:/laragon/www/projek_sportmate_uas_pemweb2/vendor/laravel/framework/src/Illuminate/Database/Query/Builder.php(3505): Illuminate/Database/Connection->select('select * from `...', Array, true)
#16 C:/laragon/www/projek_sportmate_uas_pemweb2/vendor/laravel/framework/src/Illuminate/Database/Query/Builder.php(3490): Illuminate/Database/Query/Builder->runSelect()
#17 C:/laragon/www/projek_sportmate_uas_pemweb2/vendor/laravel/framework/src/Illuminate/Database/Query/Builder.php(4080): Illuminate/Database/Query/Builder->{closure:Illuminate/Database/Query/Builder::get():3489}()
#18 C:/laragon/www/projek_sportmate_uas_pemweb2/vendor/laravel/framework/src/Illuminate/Database/Query/Builder.php(3489): Illuminate/Database/Query/Builder->onceWithColumns(Array, Object(Closure))
#19 C:/laragon/www/projek_sportmate_uas_pemweb2/vendor/laravel/framework/src/Illuminate/Database/Eloquent/Builder.php(902): Illuminate/Database/Query/Builder->get(Array)
#20 C:/laragon/www/projek_sportmate_uas_pemweb2/vendor/laravel/framework/src/Illuminate/Database/Eloquent/Builder.php(884): Illuminate/Database/Eloquent/Builder->getModels(Array)
#21 C:/laragon/www/projek_sportmate_uas_pemweb2/app/Console/Commands/AutoUpdateEventStatus.php(16): Illuminate/Database/Eloquent/Builder->get()
#22 C:/laragon/www/projek_sportmate_uas_pemweb2/vendor/laravel/framework/src/Illuminate/Container/BoundMethod.php(36): App/Console/Commands/AutoUpdateEventStatus->handle()
#23 C:/laragon/www/projek_sportmate_uas_pemweb2/vendor/laravel/framework/src/Illuminate/Container/Util.php(43): Illuminate/Container/BoundMethod::{closure:Illuminate/Container/BoundMethod::call():35}()
#24 C:/laragon/www/projek_sportmate_uas_pemweb2/vendor/laravel/framework/src/Illuminate/Container/BoundMethod.php(96): Illuminate/Container/Util::unwrapIfClosure(Object(Closure))
#25 C:/laragon/www/projek_sportmate_uas_pemweb2/vendor/laravel/framework/src/Illuminate/Container/BoundMethod.php(35): Illuminate/Container/BoundMethod::callBoundMethod(Object(Illuminate/Foundation/Application), Array, Object(Closure))
#26 C:/laragon/www/projek_sportmate_uas_pemweb2/vendor/laravel/framework/src/Illuminate/Container/Container.php(799): Illuminate/Container/BoundMethod::call(Object(Illuminate/Foundation/Application), Array, Array, NULL)
#27 C:/laragon/www/projek_sportmate_uas_pemweb2/vendor/laravel/framework/src/Illuminate/Console/Command.php(211): Illuminate/Container/Container->call(Array)
#28 C:/laragon/www/projek_sportmate_uas_pemweb2/vendor/symfony/console/Command/Command.php(341): Illuminate/Console/Command->execute(Object(Symfony/Component/Console/Input/ArgvInput), Object(Illuminate/Console/OutputStyle))
#29 C:/laragon/www/projek_sportmate_uas_pemweb2/vendor/laravel/framework/src/Illuminate/Console/Command.php(180): Symfony/Component/Console/Command/Command->run(Object(Symfony/Component/Console/Input/ArgvInput), Object(Illuminate/Console/OutputStyle))
#30 C:/laragon/www/projek_sportmate_uas_pemweb2/vendor/symfony/console/Application.php(1117): Illuminate/Console/Command->run(Object(Symfony/Component/Console/Input/ArgvInput), Object(Symfony/Component/Console/Output/ConsoleOutput))
#31 C:/laragon/www/projek_sportmate_uas_pemweb2/vendor/symfony/console/Application.php(356): Symfony/Component/Console/Application->doRunCommand(Object(App/Console/Commands/AutoUpdateEventStatus), Object(Symfony/Component/Console/Input/ArgvInput), Object(Symfony/Component/Console/Output/ConsoleOutput))
#32 C:/laragon/www/projek_sportmate_uas_pemweb2/vendor/symfony/console/Application.php(195): Symfony/Component/Console/Application->doRun(Object(Symfony/Component/Console/Input/ArgvInput), Object(Symfony/Component/Console/Output/ConsoleOutput))
#33 C:/laragon/www/projek_sportmate_uas_pemweb2/vendor/laravel/framework/src/Illuminate/Foundation/Console/Kernel.php(198): Symfony/Component/Console/Application->run(Object(Symfony/Component/Console/Input/ArgvInput), Object(Symfony/Component/Console/Output/ConsoleOutput))
#34 C:/laragon/www/projek_sportmate_uas_pemweb2/vendor/laravel/framework/src/Illuminate/Foundation/Application.php(1235): Illuminate/Foundation/Console/Kernel->handle(Object(Symfony/Component/Console/Input/ArgvInput), Object(Symfony/Component/Console/Output/ConsoleOutput))
#35 C:/laragon/www/projek_sportmate_uas_pemweb2/artisan(14): Illuminate/Foundation/Application->handleCommand(Object(Symfony/Component/Console/Input/ArgvInput))
#36 {main}
"} 
[2026-07-14 12:38:11] local.ERROR: Scheduled command ["C:\laragon\bin\php\php-8.4.19-Win32-vs17-x64\php.exe" "artisan" app:auto-update-event-status] failed with exit code [1]. {"exception":"[object] (Exception(code: 0): Scheduled command [\"C:\\laragon\\bin\\php\\php-8.4.19-Win32-vs17-x64\\php.exe\" \"artisan\" app:auto-update-event-status] failed with exit code [1]. at C:/laragon/www/projek_sportmate_uas_pemweb2/vendor/laravel/framework/src/Illuminate/Console/Scheduling/ScheduleRunCommand.php:207)
[stacktrace]
#0 C:/laragon/www/projek_sportmate_uas_pemweb2/vendor/laravel/framework/src/Illuminate/Console/View/Components/Task.php(41): Illuminate/Console/Scheduling/ScheduleRunCommand->{closure:Illuminate/Console/Scheduling/ScheduleRunCommand::runEvent():191}()
#1 C:/laragon/www/projek_sportmate_uas_pemweb2/vendor/laravel/framework/src/Illuminate/Console/View/Components/Factory.php(59): Illuminate/Console/View/Components/Task->render('<fg=gray>2026-0...', Object(Closure))
#2 C:/laragon/www/projek_sportmate_uas_pemweb2/vendor/laravel/framework/src/Illuminate/Console/Scheduling/ScheduleRunCommand.php(191): Illuminate/Console/View/Components/Factory->__call('task', Array)
#3 C:/laragon/www/projek_sportmate_uas_pemweb2/vendor/laravel/framework/src/Illuminate/Console/Scheduling/ScheduleRunCommand.php(134): Illuminate/Console/Scheduling/ScheduleRunCommand->runEvent(Object(Illuminate/Console/Scheduling/Event))
#4 C:/laragon/www/projek_sportmate_uas_pemweb2/vendor/laravel/framework/src/Illuminate/Container/BoundMethod.php(36): Illuminate/Console/Scheduling/ScheduleRunCommand->handle(Object(Illuminate/Console/Scheduling/Schedule), Object(Illuminate/Events/Dispatcher), Object(Illuminate/Cache/Repository), Object(NunoMaduro/Collision/Adapters/Laravel/ExceptionHandler))
#5 C:/laragon/www/projek_sportmate_uas_pemweb2/vendor/laravel/framework/src/Illuminate/Container/Util.php(43): Illuminate/Container/BoundMethod::{closure:Illuminate/Container/BoundMethod::call():35}()
#6 C:/laragon/www/projek_sportmate_uas_pemweb2/vendor/laravel/framework/src/Illuminate/Container/BoundMethod.php(96): Illuminate/Container/Util::unwrapIfClosure(Object(Closure))
#7 C:/laragon/www/projek_sportmate_uas_pemweb2/vendor/laravel/framework/src/Illuminate/Container/BoundMethod.php(35): Illuminate/Container/BoundMethod::callBoundMethod(Object(Illuminate/Foundation/Application), Array, Object(Closure))
#8 C:/laragon/www/projek_sportmate_uas_pemweb2/vendor/laravel/framework/src/Illuminate/Container/Container.php(799): Illuminate/Container/BoundMethod::call(Object(Illuminate/Foundation/Application), Array, Array, NULL)
#9 C:/laragon/www/projek_sportmate_uas_pemweb2/vendor/laravel/framework/src/Illuminate/Console/Command.php(211): Illuminate/Container/Container->call(Array)
#10 C:/laragon/www/projek_sportmate_uas_pemweb2/vendor/symfony/console/Command/Command.php(341): Illuminate/Console/Command->execute(Object(Symfony/Component/Console/Input/ArgvInput), Object(Illuminate/Console/OutputStyle))
#11 C:/laragon/www/projek_sportmate_uas_pemweb2/vendor/laravel/framework/src/Illuminate/Console/Command.php(180): Symfony/Component/Console/Command/Command->run(Object(Symfony/Component/Console/Input/ArgvInput), Object(Illuminate/Console/OutputStyle))
#12 C:/laragon/www/projek_sportmate_uas_pemweb2/vendor/symfony/console/Application.php(1117): Illuminate/Console/Command->run(Object(Symfony/Component/Console/Input/ArgvInput), Object(Symfony/Component/Console/Output/ConsoleOutput))
#13 C:/laragon/www/projek_sportmate_uas_pemweb2/vendor/symfony/console/Application.php(356): Symfony/Component/Console/Application->doRunCommand(Object(Illuminate/Console/Scheduling/ScheduleRunCommand), Object(Symfony/Component/Console/Input/ArgvInput), Object(Symfony/Component/Console/Output/ConsoleOutput))
#14 C:/laragon/www/projek_sportmate_uas_pemweb2/vendor/symfony/console/Application.php(195): Symfony/Component/Console/Application->doRun(Object(Symfony/Component/Console/Input/ArgvInput), Object(Symfony/Component/Console/Output/ConsoleOutput))
#15 C:/laragon/www/projek_sportmate_uas_pemweb2/vendor/laravel/framework/src/Illuminate/Foundation/Console/Kernel.php(198): Symfony/Component/Console/Application->run(Object(Symfony/Component/Console/Input/ArgvInput), Object(Symfony/Component/Console/Output/ConsoleOutput))
#16 C:/laragon/www/projek_sportmate_uas_pemweb2/vendor/laravel/framework/src/Illuminate/Foundation/Application.php(1235): Illuminate/Foundation/Console/Kernel->handle(Object(Symfony/Component/Console/Input/ArgvInput), Object(Symfony/Component/Console/Output/ConsoleOutput))
#17 C:/laragon/www/projek_sportmate_uas_pemweb2/artisan(14): Illuminate/Foundation/Application->handleCommand(Object(Symfony/Component/Console/Input/ArgvInput))
#18 {main}
"} 
[2026-07-14 12:38:15] local.ERROR: SQLSTATE[HY000] [2002] No connection could be made because the target machine actively refused it (Connection: mysql, Host: 127.0.0.1, Port: 3306, Database: sportmate, SQL: select * from `sessions` where `id` = 3W4leT30cs9dtc7KllOTXqo5pXkceSkn4mELmntr limit 1) {"exception":"[object] (Illuminate\\Database\\QueryException(code: 2002): SQLSTATE[HY000] [2002] No connection could be made because the target machine actively refused it (Connection: mysql, Host: 127.0.0.1, Port: 3306, Database: sportmate, SQL: select * from `sessions` where `id` = 3W4leT30cs9dtc7KllOTXqo5pXkceSkn4mELmntr limit 1) at C:/laragon/www/projek_sportmate_uas_pemweb2/vendor/laravel/framework/src/Illuminate/Database/Connection.php:838)
[stacktrace]
#0 C:/laragon/www/projek_sportmate_uas_pemweb2/vendor/laravel/framework/src/Illuminate/Database/Connection.php(999): Illuminate/Database/Connection->runQueryCallback('select * from `...', Array, Object(Closure))
#1 C:/laragon/www/projek_sportmate_uas_pemweb2/vendor/laravel/framework/src/Illuminate/Database/Connection.php(978): Illuminate/Database/Connection->tryAgainIfCausedByLostConnection(Object(Illuminate/Database/QueryException), 'select * from `...', Array, Object(Closure))
#2 C:/laragon/www/projek_sportmate_uas_pemweb2/vendor/laravel/framework/src/Illuminate/Database/Connection.php(796): Illuminate/Database/Connection->handleQueryException(Object(Illuminate/Database/QueryException), 'select * from `...', Array, Object(Closure))
#3 C:/laragon/www/projek_sportmate_uas_pemweb2/vendor/laravel/framework/src/Illuminate/Database/Connection.php(411): Illuminate/Database/Connection->run('select * from `...', Array, Object(Closure))
#4 C:/laragon/www/projek_sportmate_uas_pemweb2/vendor/laravel/framework/src/Illuminate/Database/Query/Builder.php(3505): Illuminate/Database/Connection->select('select * from `...', Array, false)
#5 C:/laragon/www/projek_sportmate_uas_pemweb2/vendor/laravel/framework/src/Illuminate/Database/Query/Builder.php(3490): Illuminate/Database/Query/Builder->runSelect()
#6 C:/laragon/www/projek_sportmate_uas_pemweb2/vendor/laravel/framework/src/Illuminate/Database/Query/Builder.php(4080): Illuminate/Database/Query/Builder->{closure:Illuminate/Database/Query/Builder::get():3489}()
#7 C:/laragon/www/projek_sportmate_uas_pemweb2/vendor/laravel/framework/src/Illuminate/Database/Query/Builder.php(3489): Illuminate/Database/Query/Builder->onceWithColumns(Array, Object(Closure))
#8 C:/laragon/www/projek_sportmate_uas_pemweb2/vendor/laravel/framework/src/Illuminate/Database/Concerns/BuildsQueries.php(366): Illuminate/Database/Query/Builder->get(Array)
#9 C:/laragon/www/projek_sportmate_uas_pemweb2/vendor/laravel/framework/src/Illuminate/Database/Query/Builder.php(3412): Illuminate/Database/Query/Builder->first(Array)
#10 C:/laragon/www/projek_sportmate_uas_pemweb2/vendor/laravel/framework/src/Illuminate/Session/DatabaseSessionHandler.php(96): Illuminate/Database/Query/Builder->find('3W4leT30cs9dtc7...')
#11 C:/laragon/www/projek_sportmate_uas_pemweb2/vendor/laravel/framework/src/Illuminate/Session/Store.php(128): Illuminate/Session/DatabaseSessionHandler->read('3W4leT30cs9dtc7...')
#12 C:/laragon/www/projek_sportmate_uas_pemweb2/vendor/laravel/framework/src/Illuminate/Session/Store.php(116): Illuminate/Session/Store->readFromHandler()
#13 C:/laragon/www/projek_sportmate_uas_pemweb2/vendor/laravel/framework/src/Illuminate/Session/Store.php(100): Illuminate/Session/Store->loadSession()
#14 C:/laragon/www/projek_sportmate_uas_pemweb2/vendor/laravel/framework/src/Illuminate/Session/Middleware/StartSession.php(146): Illuminate/Session/Store->start()
#15 C:/laragon/www/projek_sportmate_uas_pemweb2/vendor/laravel/framework/src/Illuminate/Support/helpers.php(393): Illuminate/Session/Middleware/StartSession->{closure:Illuminate/Session/Middleware/StartSession::startSession():143}(Object(Illuminate/Session/Store))
#16 C:/laragon/www/projek_sportmate_uas_pemweb2/vendor/laravel/framework/src/Illuminate/Session/Middleware/StartSession.php(143): tap(Object(Illuminate/Session/Store), Object(Closure))
#17 C:/laragon/www/projek_sportmate_uas_pemweb2/vendor/laravel/framework/src/Illuminate/Session/Middleware/StartSession.php(115): Illuminate/Session/Middleware/StartSession->startSession(Object(Illuminate/Http/Request), Object(Illuminate/Session/Store))
#18 C:/laragon/www/projek_sportmate_uas_pemweb2/vendor/laravel/framework/src/Illuminate/Session/Middleware/StartSession.php(63): Illuminate/Session/Middleware/StartSession->handleStatefulRequest(Object(Illuminate/Http/Request), Object(Illuminate/Session/Store), Object(Closure))
#19 C:/laragon/www/projek_sportmate_uas_pemweb2/vendor/laravel/framework/src/Illuminate/Pipeline/Pipeline.php(219): Illuminate/Session/Middleware/StartSession->handle(Object(Illuminate/Http/Request), Object(Closure))
#20 C:/laragon/www/projek_sportmate_uas_pemweb2/vendor/laravel/framework/src/Illuminate/Cookie/Middleware/AddQueuedCookiesToResponse.php(36): Illuminate/Pipeline/Pipeline->{closure:{closure:Illuminate/Pipeline/Pipeline::carry():194}:195}(Object(Illuminate/Http/Request))
#21 C:/laragon/www/projek_sportmate_uas_pemweb2/vendor/laravel/framework/src/Illuminate/Pipeline/Pipeline.php(219): Illuminate/Cookie/Middleware/AddQueuedCookiesToResponse->handle(Object(Illuminate/Http/Request), Object(Closure))
#22 C:/laragon/www/projek_sportmate_uas_pemweb2/vendor/laravel/framework/src/Illuminate/Cookie/Middleware/EncryptCookies.php(74): Illuminate/Pipeline/Pipeline->{closure:{closure:Illuminate/Pipeline/Pipeline::carry():194}:195}(Object(Illuminate/Http/Request))
#23 C:/laragon/www/projek_sportmate_uas_pemweb2/vendor/laravel/framework/src/Illuminate/Pipeline/Pipeline.php(219): Illuminate/Cookie/Middleware/EncryptCookies->handle(Object(Illuminate/Http/Request), Object(Closure))
#24 C:/laragon/www/projek_sportmate_uas_pemweb2/vendor/laravel/framework/src/Illuminate/Pipeline/Pipeline.php(137): Illuminate/Pipeline/Pipeline->{closure:{closure:Illuminate/Pipeline/Pipeline::carry():194}:195}(Object(Illuminate/Http/Request))
#25 C:/laragon/www/projek_sportmate_uas_pemweb2/vendor/laravel/framework/src/Illuminate/Routing/Router.php(821): Illuminate/Pipeline/Pipeline->then(Object(Closure))
#26 C:/laragon/www/projek_sportmate_uas_pemweb2/vendor/laravel/framework/src/Illuminate/Routing/Router.php(800): Illuminate/Routing/Router->runRouteWithinStack(Object(Illuminate/Routing/Route), Object(Illuminate/Http/Request))
#27 C:/laragon/www/projek_sportmate_uas_pemweb2/vendor/laravel/framework/src/Illuminate/Routing/Router.php(764): Illuminate/Routing/Router->runRoute(Object(Illuminate/Http/Request), Object(Illuminate/Routing/Route))
#28 C:/laragon/www/projek_sportmate_uas_pemweb2/vendor/laravel/framework/src/Illuminate/Routing/Router.php(753): Illuminate/Routing/Router->dispatchToRoute(Object(Illuminate/Http/Request))
#29 C:/laragon/www/projek_sportmate_uas_pemweb2/vendor/laravel/framework/src/Illuminate/Foundation/Http/Kernel.php(200): Illuminate/Routing/Router->dispatch(Object(Illuminate/Http/Request))
#30 C:/laragon/www/projek_sportmate_uas_pemweb2/vendor/laravel/framework/src/Illuminate/Pipeline/Pipeline.php(180): Illuminate/Foundation/Http/Kernel->{closure:Illuminate/Foundation/Http/Kernel::dispatchToRouter():197}(Object(Illuminate/Http/Request))
#31 C:/laragon/www/projek_sportmate_uas_pemweb2/vendor/laravel/framework/src/Illuminate/Foundation/Http/Middleware/TransformsRequest.php(21): Illuminate/Pipeline/Pipeline->{closure:Illuminate/Pipeline/Pipeline::prepareDestination():178}(Object(Illuminate/Http/Request))
#32 C:/laragon/www/projek_sportmate_uas_pemweb2/vendor/laravel/framework/src/Illuminate/Foundation/Http/Middleware/ConvertEmptyStringsToNull.php(31): Illuminate/Foundation/Http/Middleware/TransformsRequest->handle(Object(Illuminate/Http/Request), Object(Closure))
#33 C:/laragon/www/projek_sportmate_uas_pemweb2/vendor/laravel/framework/src/Illuminate/Pipeline/Pipeline.php(219): Illuminate/Foundation/Http/Middleware/ConvertEmptyStringsToNull->handle(Object(Illuminate/Http/Request), Object(Closure))
#34 C:/laragon/www/projek_sportmate_uas_pemweb2/vendor/laravel/framework/src/Illuminate/Foundation/Http/Middleware/TransformsRequest.php(21): Illuminate/Pipeline/Pipeline->{closure:{closure:Illuminate/Pipeline/Pipeline::carry():194}:195}(Object(Illuminate/Http/Request))
#35 C:/laragon/www/projek_sportmate_uas_pemweb2/vendor/laravel/framework/src/Illuminate/Foundation/Http/Middleware/TrimStrings.php(51): Illuminate/Foundation/Http/Middleware/TransformsRequest->handle(Object(Illuminate/Http/Request), Object(Closure))
#36 C:/laragon/www/projek_sportmate_uas_pemweb2/vendor/laravel/framework/src/Illuminate/Pipeline/Pipeline.php(219): Illuminate/Foundation/Http/Middleware/TrimStrings->handle(Object(Illuminate/Http/Request), Object(Closure))
#37 C:/laragon/www/projek_sportmate_uas_pemweb2/vendor/laravel/framework/src/Illuminate/Http/Middleware/ValidatePostSize.php(27): Illuminate/Pipeline/Pipeline->{closure:{closure:Illuminate/Pipeline/Pipeline::carry():194}:195}(Object(Illuminate/Http/Request))
#38 C:/laragon/www/projek_sportmate_uas_pemweb2/vendor/laravel/framework/src/Illuminate/Pipeline/Pipeline.php(219): Illuminate/Http/Middleware/ValidatePostSize->handle(Object(Illuminate/Http/Request), Object(Closure))
#39 C:/laragon/www/projek_sportmate_uas_pemweb2/vendor/laravel/framework/src/Illuminate/Foundation/Http/Middleware/PreventRequestsDuringMaintenance.php(109): Illuminate/Pipeline/Pipeline->{closure:{closure:Illuminate/Pipeline/Pipeline::carry():194}:195}(Object(Illuminate/Http/Request))
#40 C:/laragon/www/projek_sportmate_uas_pemweb2/vendor/laravel/framework/src/Illuminate/Pipeline/Pipeline.php(219): Illuminate/Foundation/Http/Middleware/PreventRequestsDuringMaintenance->handle(Object(Illuminate/Http/Request), Object(Closure))
#41 C:/laragon/www/projek_sportmate_uas_pemweb2/vendor/laravel/framework/src/Illuminate/Http/Middleware/HandleCors.php(61): Illuminate/Pipeline/Pipeline->{closure:{closure:Illuminate/Pipeline/Pipeline::carry():194}:195}(Object(Illuminate/Http/Request))
#42 C:/laragon/www/projek_sportmate_uas_pemweb2/vendor/laravel/framework/src/Illuminate/Pipeline/Pipeline.php(219): Illuminate/Http/Middleware/HandleCors->handle(Object(Illuminate/Http/Request), Object(Closure))
#43 C:/laragon/www/projek_sportmate_uas_pemweb2/vendor/laravel/framework/src/Illuminate/Http/Middleware/TrustProxies.php(58): Illuminate/Pipeline/Pipeline->{closure:{closure:Illuminate/Pipeline/Pipeline::carry():194}:195}(Object(Illuminate/Http/Request))
#44 C:/laragon/www/projek_sportmate_uas_pemweb2/vendor/laravel/framework/src/Illuminate/Pipeline/Pipeline.php(219): Illuminate/Http/Middleware/TrustProxies->handle(Object(Illuminate/Http/Request), Object(Closure))
#45 C:/laragon/www/projek_sportmate_uas_pemweb2/vendor/laravel/framework/src/Illuminate/Foundation/Http/Middleware/InvokeDeferredCallbacks.php(22): Illuminate/Pipeline/Pipeline->{closure:{closure:Illuminate/Pipeline/Pipeline::carry():194}:195}(Object(Illuminate/Http/Request))
#46 C:/laragon/www/projek_sportmate_uas_pemweb2/vendor/laravel/framework/src/Illuminate/Pipeline/Pipeline.php(219): Illuminate/Foundation/Http/Middleware/InvokeDeferredCallbacks->handle(Object(Illuminate/Http/Request), Object(Closure))
#47 C:/laragon/www/projek_sportmate_uas_pemweb2/vendor/laravel/framework/src/Illuminate/Http/Middleware/ValidatePathEncoding.php(26): Illuminate/Pipeline/Pipeline->{closure:{closure:Illuminate/Pipeline/Pipeline::carry():194}:195}(Object(Illuminate/Http/Request))
#48 C:/laragon/www/projek_sportmate_uas_pemweb2/vendor/laravel/framework/src/Illuminate/Pipeline/Pipeline.php(219): Illuminate/Http/Middleware/ValidatePathEncoding->handle(Object(Illuminate/Http/Request), Object(Closure))
#49 C:/laragon/www/projek_sportmate_uas_pemweb2/vendor/laravel/framework/src/Illuminate/Pipeline/Pipeline.php(137): Illuminate/Pipeline/Pipeline->{closure:{closure:Illuminate/Pipeline/Pipeline::carry():194}:195}(Object(Illuminate/Http/Request))
#50 C:/laragon/www/projek_sportmate_uas_pemweb2/vendor/laravel/framework/src/Illuminate/Foundation/Http/Kernel.php(175): Illuminate/Pipeline/Pipeline->then(Object(Closure))
#51 C:/laragon/www/projek_sportmate_uas_pemweb2/vendor/laravel/framework/src/Illuminate/Foundation/Http/Kernel.php(144): Illuminate/Foundation/Http/Kernel->sendRequestThroughRouter(Object(Illuminate/Http/Request))
#52 C:/laragon/www/projek_sportmate_uas_pemweb2/vendor/laravel/framework/src/Illuminate/Foundation/Application.php(1220): Illuminate/Foundation/Http/Kernel->handle(Object(Illuminate/Http/Request))
#53 C:/laragon/www/projek_sportmate_uas_pemweb2/public/index.php(15): Illuminate/Foundation/Application->handleRequest(Object(Illuminate/Http/Request))
#54 C:/laragon/www/projek_sportmate_uas_pemweb2/vendor/laravel/framework/src/Illuminate/Foundation/resources/server.php(23): require_once('C://laragon//www//...')
#55 {main}

[previous exception] [object] (PDOException(code: 2002): SQLSTATE[HY000] [2002] No connection could be made because the target machine actively refused it at C:/laragon/www/projek_sportmate_uas_pemweb2/vendor/laravel/framework/src/Illuminate/Database/Connectors/Connector.php:67)
[stacktrace]
#0 C:/laragon/www/projek_sportmate_uas_pemweb2/vendor/laravel/framework/src/Illuminate/Database/Connectors/Connector.php(67): PDO::connect('mysql:host=127....', 'root', Object(SensitiveParameterValue), Array)
#1 C:/laragon/www/projek_sportmate_uas_pemweb2/vendor/laravel/framework/src/Illuminate/Database/Connectors/Connector.php(85): Illuminate/Database/Connectors/Connector->createPdoConnection('mysql:host=127....', 'root', Object(SensitiveParameterValue), Array)
#2 C:/laragon/www/projek_sportmate_uas_pemweb2/vendor/laravel/framework/src/Illuminate/Database/Connectors/Connector.php(48): Illuminate/Database/Connectors/Connector->tryAgainIfCausedByLostConnection(Object(PDOException), 'mysql:host=127....', 'root', Object(SensitiveParameterValue), Array)
#3 C:/laragon/www/projek_sportmate_uas_pemweb2/vendor/laravel/framework/src/Illuminate/Database/Connectors/MySqlConnector.php(24): Illuminate/Database/Connectors/Connector->createConnection('mysql:host=127....', Array, Array)
#4 C:/laragon/www/projek_sportmate_uas_pemweb2/vendor/laravel/framework/src/Illuminate/Database/Connectors/ConnectionFactory.php(186): Illuminate/Database/Connectors/MySqlConnector->connect(Array)
#5 [internal function]: Illuminate/Database/Connectors/ConnectionFactory->{closure:Illuminate/Database/Connectors/ConnectionFactory::createPdoResolverWithHosts():181}()
#6 C:/laragon/www/projek_sportmate_uas_pemweb2/vendor/laravel/framework/src/Illuminate/Database/Connection.php(1257): call_user_func(Object(Closure))
#7 C:/laragon/www/projek_sportmate_uas_pemweb2/vendor/laravel/framework/src/Illuminate/Database/Connection.php(525): Illuminate/Database/Connection->getPdo()
#8 C:/laragon/www/projek_sportmate_uas_pemweb2/vendor/laravel/framework/src/Illuminate/Database/Connection.php(420): Illuminate/Database/Connection->getPdoForSelect(false)
#9 C:/laragon/www/projek_sportmate_uas_pemweb2/vendor/laravel/framework/src/Illuminate/Database/Connection.php(827): Illuminate/Database/Connection->{closure:Illuminate/Database/Connection::select():411}('select * from `...', Array)
#10 C:/laragon/www/projek_sportmate_uas_pemweb2/vendor/laravel/framework/src/Illuminate/Database/Connection.php(999): Illuminate/Database/Connection->runQueryCallback('select * from `...', Array, Object(Closure))
#11 C:/laragon/www/projek_sportmate_uas_pemweb2/vendor/laravel/framework/src/Illuminate/Database/Connection.php(978): Illuminate/Database/Connection->tryAgainIfCausedByLostConnection(Object(Illuminate/Database/QueryException), 'select * from `...', Array, Object(Closure))
#12 C:/laragon/www/projek_sportmate_uas_pemweb2/vendor/laravel/framework/src/Illuminate/Database/Connection.php(796): Illuminate/Database/Connection->handleQueryException(Object(Illuminate/Database/QueryException), 'select * from `...', Array, Object(Closure))
#13 C:/laragon/www/projek_sportmate_uas_pemweb2/vendor/laravel/framework/src/Illuminate/Database/Connection.php(411): Illuminate/Database/Connection->run('select * from `...', Array, Object(Closure))
#14 C:/laragon/www/projek_sportmate_uas_pemweb2/vendor/laravel/framework/src/Illuminate/Database/Query/Builder.php(3505): Illuminate/Database/Connection->select('select * from `...', Array, false)
#15 C:/laragon/www/projek_sportmate_uas_pemweb2/vendor/laravel/framework/src/Illuminate/Database/Query/Builder.php(3490): Illuminate/Database/Query/Builder->runSelect()
#16 C:/laragon/www/projek_sportmate_uas_pemweb2/vendor/laravel/framework/src/Illuminate/Database/Query/Builder.php(4080): Illuminate/Database/Query/Builder->{closure:Illuminate/Database/Query/Builder::get():3489}()
#17 C:/laragon/www/projek_sportmate_uas_pemweb2/vendor/laravel/framework/src/Illuminate/Database/Query/Builder.php(3489): Illuminate/Database/Query/Builder->onceWithColumns(Array, Object(Closure))
#18 C:/laragon/www/projek_sportmate_uas_pemweb2/vendor/laravel/framework/src/Illuminate/Database/Concerns/BuildsQueries.php(366): Illuminate/Database/Query/Builder->get(Array)
#19 C:/laragon/www/projek_sportmate_uas_pemweb2/vendor/laravel/framework/src/Illuminate/Database/Query/Builder.php(3412): Illuminate/Database/Query/Builder->first(Array)
#20 C:/laragon/www/projek_sportmate_uas_pemweb2/vendor/laravel/framework/src/Illuminate/Session/DatabaseSessionHandler.php(96): Illuminate/Database/Query/Builder->find('3W4leT30cs9dtc7...')
#21 C:/laragon/www/projek_sportmate_uas_pemweb2/vendor/laravel/framework/src/Illuminate/Session/Store.php(128): Illuminate/Session/DatabaseSessionHandler->read('3W4leT30cs9dtc7...')
#22 C:/laragon/www/projek_sportmate_uas_pemweb2/vendor/laravel/framework/src/Illuminate/Session/Store.php(116): Illuminate/Session/Store->readFromHandler()
#23 C:/laragon/www/projek_sportmate_uas_pemweb2/vendor/laravel/framework/src/Illuminate/Session/Store.php(100): Illuminate/Session/Store->loadSession()
#24 C:/laragon/www/projek_sportmate_uas_pemweb2/vendor/laravel/framework/src/Illuminate/Session/Middleware/StartSession.php(146): Illuminate/Session/Store->start()
#25 C:/laragon/www/projek_sportmate_uas_pemweb2/vendor/laravel/framework/src/Illuminate/Support/helpers.php(393): Illuminate/Session/Middleware/StartSession->{closure:Illuminate/Session/Middleware/StartSession::startSession():143}(Object(Illuminate/Session/Store))
#26 C:/laragon/www/projek_sportmate_uas_pemweb2/vendor/laravel/framework/src/Illuminate/Session/Middleware/StartSession.php(143): tap(Object(Illuminate/Session/Store), Object(Closure))
#27 C:/laragon/www/projek_sportmate_uas_pemweb2/vendor/laravel/framework/src/Illuminate/Session/Middleware/StartSession.php(115): Illuminate/Session/Middleware/StartSession->startSession(Object(Illuminate/Http/Request), Object(Illuminate/Session/Store))
#28 C:/laragon/www/projek_sportmate_uas_pemweb2/vendor/laravel/framework/src/Illuminate/Session/Middleware/StartSession.php(63): Illuminate/Session/Middleware/StartSession->handleStatefulRequest(Object(Illuminate/Http/Request), Object(Illuminate/Session/Store), Object(Closure))
#29 C:/laragon/www/projek_sportmate_uas_pemweb2/vendor/laravel/framework/src/Illuminate/Pipeline/Pipeline.php(219): Illuminate/Session/Middleware/StartSession->handle(Object(Illuminate/Http/Request), Object(Closure))
#30 C:/laragon/www/projek_sportmate_uas_pemweb2/vendor/laravel/framework/src/Illuminate/Cookie/Middleware/AddQueuedCookiesToResponse.php(36): Illuminate/Pipeline/Pipeline->{closure:{closure:Illuminate/Pipeline/Pipeline::carry():194}:195}(Object(Illuminate/Http/Request))
#31 C:/laragon/www/projek_sportmate_uas_pemweb2/vendor/laravel/framework/src/Illuminate/Pipeline/Pipeline.php(219): Illuminate/Cookie/Middleware/AddQueuedCookiesToResponse->handle(Object(Illuminate/Http/Request), Object(Closure))
#32 C:/laragon/www/projek_sportmate_uas_pemweb2/vendor/laravel/framework/src/Illuminate/Cookie/Middleware/EncryptCookies.php(74): Illuminate/Pipeline/Pipeline->{closure:{closure:Illuminate/Pipeline/Pipeline::carry():194}:195}(Object(Illuminate/Http/Request))
#33 C:/laragon/www/projek_sportmate_uas_pemweb2/vendor/laravel/framework/src/Illuminate/Pipeline/Pipeline.php(219): Illuminate/Cookie/Middleware/EncryptCookies->handle(Object(Illuminate/Http/Request), Object(Closure))
#34 C:/laragon/www/projek_sportmate_uas_pemweb2/vendor/laravel/framework/src/Illuminate/Pipeline/Pipeline.php(137): Illuminate/Pipeline/Pipeline->{closure:{closure:Illuminate/Pipeline/Pipeline::carry():194}:195}(Object(Illuminate/Http/Request))
#35 C:/laragon/www/projek_sportmate_uas_pemweb2/vendor/laravel/framework/src/Illuminate/Routing/Router.php(821): Illuminate/Pipeline/Pipeline->then(Object(Closure))
#36 C:/laragon/www/projek_sportmate_uas_pemweb2/vendor/laravel/framework/src/Illuminate/Routing/Router.php(800): Illuminate/Routing/Router->runRouteWithinStack(Object(Illuminate/Routing/Route), Object(Illuminate/Http/Request))
#37 C:/laragon/www/projek_sportmate_uas_pemweb2/vendor/laravel/framework/src/Illuminate/Routing/Router.php(764): Illuminate/Routing/Router->runRoute(Object(Illuminate/Http/Request), Object(Illuminate/Routing/Route))
#38 C:/laragon/www/projek_sportmate_uas_pemweb2/vendor/laravel/framework/src/Illuminate/Routing/Router.php(753): Illuminate/Routing/Router->dispatchToRoute(Object(Illuminate/Http/Request))
#39 C:/laragon/www/projek_sportmate_uas_pemweb2/vendor/laravel/framework/src/Illuminate/Foundation/Http/Kernel.php(200): Illuminate/Routing/Router->dispatch(Object(Illuminate/Http/Request))
#40 C:/laragon/www/projek_sportmate_uas_pemweb2/vendor/laravel/framework/src/Illuminate/Pipeline/Pipeline.php(180): Illuminate/Foundation/Http/Kernel->{closure:Illuminate/Foundation/Http/Kernel::dispatchToRouter():197}(Object(Illuminate/Http/Request))
#41 C:/laragon/www/projek_sportmate_uas_pemweb2/vendor/laravel/framework/src/Illuminate/Foundation/Http/Middleware/TransformsRequest.php(21): Illuminate/Pipeline/Pipeline->{closure:Illuminate/Pipeline/Pipeline::prepareDestination():178}(Object(Illuminate/Http/Request))
#42 C:/laragon/www/projek_sportmate_uas_pemweb2/vendor/laravel/framework/src/Illuminate/Foundation/Http/Middleware/ConvertEmptyStringsToNull.php(31): Illuminate/Foundation/Http/Middleware/TransformsRequest->handle(Object(Illuminate/Http/Request), Object(Closure))
#43 C:/laragon/www/projek_sportmate_uas_pemweb2/vendor/laravel/framework/src/Illuminate/Pipeline/Pipeline.php(219): Illuminate/Foundation/Http/Middleware/ConvertEmptyStringsToNull->handle(Object(Illuminate/Http/Request), Object(Closure))
#44 C:/laragon/www/projek_sportmate_uas_pemweb2/vendor/laravel/framework/src/Illuminate/Foundation/Http/Middleware/TransformsRequest.php(21): Illuminate/Pipeline/Pipeline->{closure:{closure:Illuminate/Pipeline/Pipeline::carry():194}:195}(Object(Illuminate/Http/Request))
#45 C:/laragon/www/projek_sportmate_uas_pemweb2/vendor/laravel/framework/src/Illuminate/Foundation/Http/Middleware/TrimStrings.php(51): Illuminate/Foundation/Http/Middleware/TransformsRequest->handle(Object(Illuminate/Http/Request), Object(Closure))
#46 C:/laragon/www/projek_sportmate_uas_pemweb2/vendor/laravel/framework/src/Illuminate/Pipeline/Pipeline.php(219): Illuminate/Foundation/Http/Middleware/TrimStrings->handle(Object(Illuminate/Http/Request), Object(Closure))
#47 C:/laragon/www/projek_sportmate_uas_pemweb2/vendor/laravel/framework/src/Illuminate/Http/Middleware/ValidatePostSize.php(27): Illuminate/Pipeline/Pipeline->{closure:{closure:Illuminate/Pipeline/Pipeline::carry():194}:195}(Object(Illuminate/Http/Request))
#48 C:/laragon/www/projek_sportmate_uas_pemweb2/vendor/laravel/framework/src/Illuminate/Pipeline/Pipeline.php(219): Illuminate/Http/Middleware/ValidatePostSize->handle(Object(Illuminate/Http/Request), Object(Closure))
#49 C:/laragon/www/projek_sportmate_uas_pemweb2/vendor/laravel/framework/src/Illuminate/Foundation/Http/Middleware/PreventRequestsDuringMaintenance.php(109): Illuminate/Pipeline/Pipeline->{closure:{closure:Illuminate/Pipeline/Pipeline::carry():194}:195}(Object(Illuminate/Http/Request))
#50 C:/laragon/www/projek_sportmate_uas_pemweb2/vendor/laravel/framework/src/Illuminate/Pipeline/Pipeline.php(219): Illuminate/Foundation/Http/Middleware/PreventRequestsDuringMaintenance->handle(Object(Illuminate/Http/Request), Object(Closure))
#51 C:/laragon/www/projek_sportmate_uas_pemweb2/vendor/laravel/framework/src/Illuminate/Http/Middleware/HandleCors.php(61): Illuminate/Pipeline/Pipeline->{closure:{closure:Illuminate/Pipeline/Pipeline::carry():194}:195}(Object(Illuminate/Http/Request))
#52 C:/laragon/www/projek_sportmate_uas_pemweb2/vendor/laravel/framework/src/Illuminate/Pipeline/Pipeline.php(219): Illuminate/Http/Middleware/HandleCors->handle(Object(Illuminate/Http/Request), Object(Closure))
#53 C:/laragon/www/projek_sportmate_uas_pemweb2/vendor/laravel/framework/src/Illuminate/Http/Middleware/TrustProxies.php(58): Illuminate/Pipeline/Pipeline->{closure:{closure:Illuminate/Pipeline/Pipeline::carry():194}:195}(Object(Illuminate/Http/Request))
#54 C:/laragon/www/projek_sportmate_uas_pemweb2/vendor/laravel/framework/src/Illuminate/Pipeline/Pipeline.php(219): Illuminate/Http/Middleware/TrustProxies->handle(Object(Illuminate/Http/Request), Object(Closure))
#55 C:/laragon/www/projek_sportmate_uas_pemweb2/vendor/laravel/framework/src/Illuminate/Foundation/Http/Middleware/InvokeDeferredCallbacks.php(22): Illuminate/Pipeline/Pipeline->{closure:{closure:Illuminate/Pipeline/Pipeline::carry():194}:195}(Object(Illuminate/Http/Request))
#56 C:/laragon/www/projek_sportmate_uas_pemweb2/vendor/laravel/framework/src/Illuminate/Pipeline/Pipeline.php(219): Illuminate/Foundation/Http/Middleware/InvokeDeferredCallbacks->handle(Object(Illuminate/Http/Request), Object(Closure))
#57 C:/laragon/www/projek_sportmate_uas_pemweb2/vendor/laravel/framework/src/Illuminate/Http/Middleware/ValidatePathEncoding.php(26): Illuminate/Pipeline/Pipeline->{closure:{closure:Illuminate/Pipeline/Pipeline::carry():194}:195}(Object(Illuminate/Http/Request))
#58 C:/laragon/www/projek_sportmate_uas_pemweb2/vendor/laravel/framework/src/Illuminate/Pipeline/Pipeline.php(219): Illuminate/Http/Middleware/ValidatePathEncoding->handle(Object(Illuminate/Http/Request), Object(Closure))
#59 C:/laragon/www/projek_sportmate_uas_pemweb2/vendor/laravel/framework/src/Illuminate/Pipeline/Pipeline.php(137): Illuminate/Pipeline/Pipeline->{closure:{closure:Illuminate/Pipeline/Pipeline::carry():194}:195}(Object(Illuminate/Http/Request))
#60 C:/laragon/www/projek_sportmate_uas_pemweb2/vendor/laravel/framework/src/Illuminate/Foundation/Http/Kernel.php(175): Illuminate/Pipeline/Pipeline->then(Object(Closure))
#61 C:/laragon/www/projek_sportmate_uas_pemweb2/vendor/laravel/framework/src/Illuminate/Foundation/Http/Kernel.php(144): Illuminate/Foundation/Http/Kernel->sendRequestThroughRouter(Object(Illuminate/Http/Request))
#62 C:/laragon/www/projek_sportmate_uas_pemweb2/vendor/laravel/framework/src/Illuminate/Foundation/Application.php(1220): Illuminate/Foundation/Http/Kernel->handle(Object(Illuminate/Http/Request))
#63 C:/laragon/www/projek_sportmate_uas_pemweb2/public/index.php(15): Illuminate/Foundation/Application->handleRequest(Object(Illuminate/Http/Request))
#64 C:/laragon/www/projek_sportmate_uas_pemweb2/vendor/laravel/framework/src/Illuminate/Foundation/resources/server.php(23): require_once('C://laragon//www//...')
#65 {main}
"} 
[2026-07-14 12:38:34] local.ERROR: SQLSTATE[HY000] [2002] No connection could be made because the target machine actively refused it (Connection: mysql, Host: 127.0.0.1, Port: 3306, Database: sportmate, SQL: select * from `sessions` where `id` = ip8AdKrhHggtSQoARmTbjUl3FlQssIeM2wq3KpJ9 limit 1) {"exception":"[object] (Illuminate\\Database\\QueryException(code: 2002): SQLSTATE[HY000] [2002] No connection could be made because the target machine actively refused it (Connection: mysql, Host: 127.0.0.1, Port: 3306, Database: sportmate, SQL: select * from `sessions` where `id` = ip8AdKrhHggtSQoARmTbjUl3FlQssIeM2wq3KpJ9 limit 1) at C:/laragon/www/projek_sportmate_uas_pemweb2/vendor/laravel/framework/src/Illuminate/Database/Connection.php:838)
[stacktrace]
#0 C:/laragon/www/projek_sportmate_uas_pemweb2/vendor/laravel/framework/src/Illuminate/Database/Connection.php(999): Illuminate/Database/Connection->runQueryCallback('select * from `...', Array, Object(Closure))
#1 C:/laragon/www/projek_sportmate_uas_pemweb2/vendor/laravel/framework/src/Illuminate/Database/Connection.php(978): Illuminate/Database/Connection->tryAgainIfCausedByLostConnection(Object(Illuminate/Database/QueryException), 'select * from `...', Array, Object(Closure))
#2 C:/laragon/www/projek_sportmate_uas_pemweb2/vendor/laravel/framework/src/Illuminate/Database/Connection.php(796): Illuminate/Database/Connection->handleQueryException(Object(Illuminate/Database/QueryException), 'select * from `...', Array, Object(Closure))
#3 C:/laragon/www/projek_sportmate_uas_pemweb2/vendor/laravel/framework/src/Illuminate/Database/Connection.php(411): Illuminate/Database/Connection->run('select * from `...', Array, Object(Closure))
#4 C:/laragon/www/projek_sportmate_uas_pemweb2/vendor/laravel/framework/src/Illuminate/Database/Query/Builder.php(3505): Illuminate/Database/Connection->select('select * from `...', Array, false)
#5 C:/laragon/www/projek_sportmate_uas_pemweb2/vendor/laravel/framework/src/Illuminate/Database/Query/Builder.php(3490): Illuminate/Database/Query/Builder->runSelect()
#6 C:/laragon/www/projek_sportmate_uas_pemweb2/vendor/laravel/framework/src/Illuminate/Database/Query/Builder.php(4080): Illuminate/Database/Query/Builder->{closure:Illuminate/Database/Query/Builder::get():3489}()
#7 C:/laragon/www/projek_sportmate_uas_pemweb2/vendor/laravel/framework/src/Illuminate/Database/Query/Builder.php(3489): Illuminate/Database/Query/Builder->onceWithColumns(Array, Object(Closure))
#8 C:/laragon/www/projek_sportmate_uas_pemweb2/vendor/laravel/framework/src/Illuminate/Database/Concerns/BuildsQueries.php(366): Illuminate/Database/Query/Builder->get(Array)
#9 C:/laragon/www/projek_sportmate_uas_pemweb2/vendor/laravel/framework/src/Illuminate/Database/Query/Builder.php(3412): Illuminate/Database/Query/Builder->first(Array)
#10 C:/laragon/www/projek_sportmate_uas_pemweb2/vendor/laravel/framework/src/Illuminate/Session/DatabaseSessionHandler.php(96): Illuminate/Database/Query/Builder->find('ip8AdKrhHggtSQo...')
#11 C:/laragon/www/projek_sportmate_uas_pemweb2/vendor/laravel/framework/src/Illuminate/Session/Store.php(128): Illuminate/Session/DatabaseSessionHandler->read('ip8AdKrhHggtSQo...')
#12 C:/laragon/www/projek_sportmate_uas_pemweb2/vendor/laravel/framework/src/Illuminate/Session/Store.php(116): Illuminate/Session/Store->readFromHandler()
#13 C:/laragon/www/projek_sportmate_uas_pemweb2/vendor/laravel/framework/src/Illuminate/Session/Store.php(100): Illuminate/Session/Store->loadSession()
#14 C:/laragon/www/projek_sportmate_uas_pemweb2/vendor/laravel/framework/src/Illuminate/Session/Middleware/StartSession.php(146): Illuminate/Session/Store->start()
#15 C:/laragon/www/projek_sportmate_uas_pemweb2/vendor/laravel/framework/src/Illuminate/Support/helpers.php(393): Illuminate/Session/Middleware/StartSession->{closure:Illuminate/Session/Middleware/StartSession::startSession():143}(Object(Illuminate/Session/Store))
#16 C:/laragon/www/projek_sportmate_uas_pemweb2/vendor/laravel/framework/src/Illuminate/Session/Middleware/StartSession.php(143): tap(Object(Illuminate/Session/Store), Object(Closure))
#17 C:/laragon/www/projek_sportmate_uas_pemweb2/vendor/laravel/framework/src/Illuminate/Session/Middleware/StartSession.php(115): Illuminate/Session/Middleware/StartSession->startSession(Object(Illuminate/Http/Request), Object(Illuminate/Session/Store))
#18 C:/laragon/www/projek_sportmate_uas_pemweb2/vendor/laravel/framework/src/Illuminate/Session/Middleware/StartSession.php(63): Illuminate/Session/Middleware/StartSession->handleStatefulRequest(Object(Illuminate/Http/Request), Object(Illuminate/Session/Store), Object(Closure))
#19 C:/laragon/www/projek_sportmate_uas_pemweb2/vendor/laravel/framework/src/Illuminate/Pipeline/Pipeline.php(219): Illuminate/Session/Middleware/StartSession->handle(Object(Illuminate/Http/Request), Object(Closure))
#20 C:/laragon/www/projek_sportmate_uas_pemweb2/vendor/laravel/framework/src/Illuminate/Cookie/Middleware/AddQueuedCookiesToResponse.php(36): Illuminate/Pipeline/Pipeline->{closure:{closure:Illuminate/Pipeline/Pipeline::carry():194}:195}(Object(Illuminate/Http/Request))
#21 C:/laragon/www/projek_sportmate_uas_pemweb2/vendor/laravel/framework/src/Illuminate/Pipeline/Pipeline.php(219): Illuminate/Cookie/Middleware/AddQueuedCookiesToResponse->handle(Object(Illuminate/Http/Request), Object(Closure))
#22 C:/laragon/www/projek_sportmate_uas_pemweb2/vendor/laravel/framework/src/Illuminate/Cookie/Middleware/EncryptCookies.php(74): Illuminate/Pipeline/Pipeline->{closure:{closure:Illuminate/Pipeline/Pipeline::carry():194}:195}(Object(Illuminate/Http/Request))
#23 C:/laragon/www/projek_sportmate_uas_pemweb2/vendor/laravel/framework/src/Illuminate/Pipeline/Pipeline.php(219): Illuminate/Cookie/Middleware/EncryptCookies->handle(Object(Illuminate/Http/Request), Object(Closure))
#24 C:/laragon/www/projek_sportmate_uas_pemweb2/vendor/laravel/framework/src/Illuminate/Pipeline/Pipeline.php(137): Illuminate/Pipeline/Pipeline->{closure:{closure:Illuminate/Pipeline/Pipeline::carry():194}:195}(Object(Illuminate/Http/Request))
#25 C:/laragon/www/projek_sportmate_uas_pemweb2/vendor/laravel/framework/src/Illuminate/Routing/Router.php(821): Illuminate/Pipeline/Pipeline->then(Object(Closure))
#26 C:/laragon/www/projek_sportmate_uas_pemweb2/vendor/laravel/framework/src/Illuminate/Routing/Router.php(800): Illuminate/Routing/Router->runRouteWithinStack(Object(Illuminate/Routing/Route), Object(Illuminate/Http/Request))
#27 C:/laragon/www/projek_sportmate_uas_pemweb2/vendor/laravel/framework/src/Illuminate/Routing/Router.php(764): Illuminate/Routing/Router->runRoute(Object(Illuminate/Http/Request), Object(Illuminate/Routing/Route))
#28 C:/laragon/www/projek_sportmate_uas_pemweb2/vendor/laravel/framework/src/Illuminate/Routing/Router.php(753): Illuminate/Routing/Router->dispatchToRoute(Object(Illuminate/Http/Request))
#29 C:/laragon/www/projek_sportmate_uas_pemweb2/vendor/laravel/framework/src/Illuminate/Foundation/Http/Kernel.php(200): Illuminate/Routing/Router->dispatch(Object(Illuminate/Http/Request))
#30 C:/laragon/www/projek_sportmate_uas_pemweb2/vendor/laravel/framework/src/Illuminate/Pipeline/Pipeline.php(180): Illuminate/Foundation/Http/Kernel->{closure:Illuminate/Foundation/Http/Kernel::dispatchToRouter():197}(Object(Illuminate/Http/Request))
#31 C:/laragon/www/projek_sportmate_uas_pemweb2/vendor/laravel/framework/src/Illuminate/Foundation/Http/Middleware/TransformsRequest.php(21): Illuminate/Pipeline/Pipeline->{closure:Illuminate/Pipeline/Pipeline::prepareDestination():178}(Object(Illuminate/Http/Request))
#32 C:/laragon/www/projek_sportmate_uas_pemweb2/vendor/laravel/framework/src/Illuminate/Foundation/Http/Middleware/ConvertEmptyStringsToNull.php(31): Illuminate/Foundation/Http/Middleware/TransformsRequest->handle(Object(Illuminate/Http/Request), Object(Closure))
#33 C:/laragon/www/projek_sportmate_uas_pemweb2/vendor/laravel/framework/src/Illuminate/Pipeline/Pipeline.php(219): Illuminate/Foundation/Http/Middleware/ConvertEmptyStringsToNull->handle(Object(Illuminate/Http/Request), Object(Closure))
#34 C:/laragon/www/projek_sportmate_uas_pemweb2/vendor/laravel/framework/src/Illuminate/Foundation/Http/Middleware/TransformsRequest.php(21): Illuminate/Pipeline/Pipeline->{closure:{closure:Illuminate/Pipeline/Pipeline::carry():194}:195}(Object(Illuminate/Http/Request))
#35 C:/laragon/www/projek_sportmate_uas_pemweb2/vendor/laravel/framework/src/Illuminate/Foundation/Http/Middleware/TrimStrings.php(51): Illuminate/Foundation/Http/Middleware/TransformsRequest->handle(Object(Illuminate/Http/Request), Object(Closure))
#36 C:/laragon/www/projek_sportmate_uas_pemweb2/vendor/laravel/framework/src/Illuminate/Pipeline/Pipeline.php(219): Illuminate/Foundation/Http/Middleware/TrimStrings->handle(Object(Illuminate/Http/Request), Object(Closure))
#37 C:/laragon/www/projek_sportmate_uas_pemweb2/vendor/laravel/framework/src/Illuminate/Http/Middleware/ValidatePostSize.php(27): Illuminate/Pipeline/Pipeline->{closure:{closure:Illuminate/Pipeline/Pipeline::carry():194}:195}(Object(Illuminate/Http/Request))
#38 C:/laragon/www/projek_sportmate_uas_pemweb2/vendor/laravel/framework/src/Illuminate/Pipeline/Pipeline.php(219): Illuminate/Http/Middleware/ValidatePostSize->handle(Object(Illuminate/Http/Request), Object(Closure))
#39 C:/laragon/www/projek_sportmate_uas_pemweb2/vendor/laravel/framework/src/Illuminate/Foundation/Http/Middleware/PreventRequestsDuringMaintenance.php(109): Illuminate/Pipeline/Pipeline->{closure:{closure:Illuminate/Pipeline/Pipeline::carry():194}:195}(Object(Illuminate/Http/Request))
#40 C:/laragon/www/projek_sportmate_uas_pemweb2/vendor/laravel/framework/src/Illuminate/Pipeline/Pipeline.php(219): Illuminate/Foundation/Http/Middleware/PreventRequestsDuringMaintenance->handle(Object(Illuminate/Http/Request), Object(Closure))
#41 C:/laragon/www/projek_sportmate_uas_pemweb2/vendor/laravel/framework/src/Illuminate/Http/Middleware/HandleCors.php(61): Illuminate/Pipeline/Pipeline->{closure:{closure:Illuminate/Pipeline/Pipeline::carry():194}:195}(Object(Illuminate/Http/Request))
#42 C:/laragon/www/projek_sportmate_uas_pemweb2/vendor/laravel/framework/src/Illuminate/Pipeline/Pipeline.php(219): Illuminate/Http/Middleware/HandleCors->handle(Object(Illuminate/Http/Request), Object(Closure))
#43 C:/laragon/www/projek_sportmate_uas_pemweb2/vendor/laravel/framework/src/Illuminate/Http/Middleware/TrustProxies.php(58): Illuminate/Pipeline/Pipeline->{closure:{closure:Illuminate/Pipeline/Pipeline::carry():194}:195}(Object(Illuminate/Http/Request))
#44 C:/laragon/www/projek_sportmate_uas_pemweb2/vendor/laravel/framework/src/Illuminate/Pipeline/Pipeline.php(219): Illuminate/Http/Middleware/TrustProxies->handle(Object(Illuminate/Http/Request), Object(Closure))
#45 C:/laragon/www/projek_sportmate_uas_pemweb2/vendor/laravel/framework/src/Illuminate/Foundation/Http/Middleware/InvokeDeferredCallbacks.php(22): Illuminate/Pipeline/Pipeline->{closure:{closure:Illuminate/Pipeline/Pipeline::carry():194}:195}(Object(Illuminate/Http/Request))
#46 C:/laragon/www/projek_sportmate_uas_pemweb2/vendor/laravel/framework/src/Illuminate/Pipeline/Pipeline.php(219): Illuminate/Foundation/Http/Middleware/InvokeDeferredCallbacks->handle(Object(Illuminate/Http/Request), Object(Closure))
#47 C:/laragon/www/projek_sportmate_uas_pemweb2/vendor/laravel/framework/src/Illuminate/Http/Middleware/ValidatePathEncoding.php(26): Illuminate/Pipeline/Pipeline->{closure:{closure:Illuminate/Pipeline/Pipeline::carry():194}:195}(Object(Illuminate/Http/Request))
#48 C:/laragon/www/projek_sportmate_uas_pemweb2/vendor/laravel/framework/src/Illuminate/Pipeline/Pipeline.php(219): Illuminate/Http/Middleware/ValidatePathEncoding->handle(Object(Illuminate/Http/Request), Object(Closure))
#49 C:/laragon/www/projek_sportmate_uas_pemweb2/vendor/laravel/framework/src/Illuminate/Pipeline/Pipeline.php(137): Illuminate/Pipeline/Pipeline->{closure:{closure:Illuminate/Pipeline/Pipeline::carry():194}:195}(Object(Illuminate/Http/Request))
#50 C:/laragon/www/projek_sportmate_uas_pemweb2/vendor/laravel/framework/src/Illuminate/Foundation/Http/Kernel.php(175): Illuminate/Pipeline/Pipeline->then(Object(Closure))
#51 C:/laragon/www/projek_sportmate_uas_pemweb2/vendor/laravel/framework/src/Illuminate/Foundation/Http/Kernel.php(144): Illuminate/Foundation/Http/Kernel->sendRequestThroughRouter(Object(Illuminate/Http/Request))
#52 C:/laragon/www/projek_sportmate_uas_pemweb2/vendor/laravel/framework/src/Illuminate/Foundation/Application.php(1220): Illuminate/Foundation/Http/Kernel->handle(Object(Illuminate/Http/Request))
#53 C:/laragon/www/projek_sportmate_uas_pemweb2/public/index.php(15): Illuminate/Foundation/Application->handleRequest(Object(Illuminate/Http/Request))
#54 C:/laragon/www/projek_sportmate_uas_pemweb2/vendor/laravel/framework/src/Illuminate/Foundation/resources/server.php(23): require_once('C://laragon//www//...')
#55 {main}

[previous exception] [object] (PDOException(code: 2002): SQLSTATE[HY000] [2002] No connection could be made because the target machine actively refused it at C:/laragon/www/projek_sportmate_uas_pemweb2/vendor/laravel/framework/src/Illuminate/Database/Connectors/Connector.php:67)
[stacktrace]
#0 C:/laragon/www/projek_sportmate_uas_pemweb2/vendor/laravel/framework/src/Illuminate/Database/Connectors/Connector.php(67): PDO::connect('mysql:host=127....', 'root', Object(SensitiveParameterValue), Array)
#1 C:/laragon/www/projek_sportmate_uas_pemweb2/vendor/laravel/framework/src/Illuminate/Database/Connectors/Connector.php(85): Illuminate/Database/Connectors/Connector->createPdoConnection('mysql:host=127....', 'root', Object(SensitiveParameterValue), Array)
#2 C:/laragon/www/projek_sportmate_uas_pemweb2/vendor/laravel/framework/src/Illuminate/Database/Connectors/Connector.php(48): Illuminate/Database/Connectors/Connector->tryAgainIfCausedByLostConnection(Object(PDOException), 'mysql:host=127....', 'root', Object(SensitiveParameterValue), Array)
#3 C:/laragon/www/projek_sportmate_uas_pemweb2/vendor/laravel/framework/src/Illuminate/Database/Connectors/MySqlConnector.php(24): Illuminate/Database/Connectors/Connector->createConnection('mysql:host=127....', Array, Array)
#4 C:/laragon/www/projek_sportmate_uas_pemweb2/vendor/laravel/framework/src/Illuminate/Database/Connectors/ConnectionFactory.php(186): Illuminate/Database/Connectors/MySqlConnector->connect(Array)
#5 [internal function]: Illuminate/Database/Connectors/ConnectionFactory->{closure:Illuminate/Database/Connectors/ConnectionFactory::createPdoResolverWithHosts():181}()
#6 C:/laragon/www/projek_sportmate_uas_pemweb2/vendor/laravel/framework/src/Illuminate/Database/Connection.php(1257): call_user_func(Object(Closure))
#7 C:/laragon/www/projek_sportmate_uas_pemweb2/vendor/laravel/framework/src/Illuminate/Database/Connection.php(525): Illuminate/Database/Connection->getPdo()
#8 C:/laragon/www/projek_sportmate_uas_pemweb2/vendor/laravel/framework/src/Illuminate/Database/Connection.php(420): Illuminate/Database/Connection->getPdoForSelect(false)
#9 C:/laragon/www/projek_sportmate_uas_pemweb2/vendor/laravel/framework/src/Illuminate/Database/Connection.php(827): Illuminate/Database/Connection->{closure:Illuminate/Database/Connection::select():411}('select * from `...', Array)
#10 C:/laragon/www/projek_sportmate_uas_pemweb2/vendor/laravel/framework/src/Illuminate/Database/Connection.php(999): Illuminate/Database/Connection->runQueryCallback('select * from `...', Array, Object(Closure))
#11 C:/laragon/www/projek_sportmate_uas_pemweb2/vendor/laravel/framework/src/Illuminate/Database/Connection.php(978): Illuminate/Database/Connection->tryAgainIfCausedByLostConnection(Object(Illuminate/Database/QueryException), 'select * from `...', Array, Object(Closure))
#12 C:/laragon/www/projek_sportmate_uas_pemweb2/vendor/laravel/framework/src/Illuminate/Database/Connection.php(796): Illuminate/Database/Connection->handleQueryException(Object(Illuminate/Database/QueryException), 'select * from `...', Array, Object(Closure))
#13 C:/laragon/www/projek_sportmate_uas_pemweb2/vendor/laravel/framework/src/Illuminate/Database/Connection.php(411): Illuminate/Database/Connection->run('select * from `...', Array, Object(Closure))
#14 C:/laragon/www/projek_sportmate_uas_pemweb2/vendor/laravel/framework/src/Illuminate/Database/Query/Builder.php(3505): Illuminate/Database/Connection->select('select * from `...', Array, false)
#15 C:/laragon/www/projek_sportmate_uas_pemweb2/vendor/laravel/framework/src/Illuminate/Database/Query/Builder.php(3490): Illuminate/Database/Query/Builder->runSelect()
#16 C:/laragon/www/projek_sportmate_uas_pemweb2/vendor/laravel/framework/src/Illuminate/Database/Query/Builder.php(4080): Illuminate/Database/Query/Builder->{closure:Illuminate/Database/Query/Builder::get():3489}()
#17 C:/laragon/www/projek_sportmate_uas_pemweb2/vendor/laravel/framework/src/Illuminate/Database/Query/Builder.php(3489): Illuminate/Database/Query/Builder->onceWithColumns(Array, Object(Closure))
#18 C:/laragon/www/projek_sportmate_uas_pemweb2/vendor/laravel/framework/src/Illuminate/Database/Concerns/BuildsQueries.php(366): Illuminate/Database/Query/Builder->get(Array)
#19 C:/laragon/www/projek_sportmate_uas_pemweb2/vendor/laravel/framework/src/Illuminate/Database/Query/Builder.php(3412): Illuminate/Database/Query/Builder->first(Array)
#20 C:/laragon/www/projek_sportmate_uas_pemweb2/vendor/laravel/framework/src/Illuminate/Session/DatabaseSessionHandler.php(96): Illuminate/Database/Query/Builder->find('ip8AdKrhHggtSQo...')
#21 C:/laragon/www/projek_sportmate_uas_pemweb2/vendor/laravel/framework/src/Illuminate/Session/Store.php(128): Illuminate/Session/DatabaseSessionHandler->read('ip8AdKrhHggtSQo...')
#22 C:/laragon/www/projek_sportmate_uas_pemweb2/vendor/laravel/framework/src/Illuminate/Session/Store.php(116): Illuminate/Session/Store->readFromHandler()
#23 C:/laragon/www/projek_sportmate_uas_pemweb2/vendor/laravel/framework/src/Illuminate/Session/Store.php(100): Illuminate/Session/Store->loadSession()
#24 C:/laragon/www/projek_sportmate_uas_pemweb2/vendor/laravel/framework/src/Illuminate/Session/Middleware/StartSession.php(146): Illuminate/Session/Store->start()
#25 C:/laragon/www/projek_sportmate_uas_pemweb2/vendor/laravel/framework/src/Illuminate/Support/helpers.php(393): Illuminate/Session/Middleware/StartSession->{closure:Illuminate/Session/Middleware/StartSession::startSession():143}(Object(Illuminate/Session/Store))
#26 C:/laragon/www/projek_sportmate_uas_pemweb2/vendor/laravel/framework/src/Illuminate/Session/Middleware/StartSession.php(143): tap(Object(Illuminate/Session/Store), Object(Closure))
#27 C:/laragon/www/projek_sportmate_uas_pemweb2/vendor/laravel/framework/src/Illuminate/Session/Middleware/StartSession.php(115): Illuminate/Session/Middleware/StartSession->startSession(Object(Illuminate/Http/Request), Object(Illuminate/Session/Store))
#28 C:/laragon/www/projek_sportmate_uas_pemweb2/vendor/laravel/framework/src/Illuminate/Session/Middleware/StartSession.php(63): Illuminate/Session/Middleware/StartSession->handleStatefulRequest(Object(Illuminate/Http/Request), Object(Illuminate/Session/Store), Object(Closure))
#29 C:/laragon/www/projek_sportmate_uas_pemweb2/vendor/laravel/framework/src/Illuminate/Pipeline/Pipeline.php(219): Illuminate/Session/Middleware/StartSession->handle(Object(Illuminate/Http/Request), Object(Closure))
#30 C:/laragon/www/projek_sportmate_uas_pemweb2/vendor/laravel/framework/src/Illuminate/Cookie/Middleware/AddQueuedCookiesToResponse.php(36): Illuminate/Pipeline/Pipeline->{closure:{closure:Illuminate/Pipeline/Pipeline::carry():194}:195}(Object(Illuminate/Http/Request))
#31 C:/laragon/www/projek_sportmate_uas_pemweb2/vendor/laravel/framework/src/Illuminate/Pipeline/Pipeline.php(219): Illuminate/Cookie/Middleware/AddQueuedCookiesToResponse->handle(Object(Illuminate/Http/Request), Object(Closure))
#32 C:/laragon/www/projek_sportmate_uas_pemweb2/vendor/laravel/framework/src/Illuminate/Cookie/Middleware/EncryptCookies.php(74): Illuminate/Pipeline/Pipeline->{closure:{closure:Illuminate/Pipeline/Pipeline::carry():194}:195}(Object(Illuminate/Http/Request))
#33 C:/laragon/www/projek_sportmate_uas_pemweb2/vendor/laravel/framework/src/Illuminate/Pipeline/Pipeline.php(219): Illuminate/Cookie/Middleware/EncryptCookies->handle(Object(Illuminate/Http/Request), Object(Closure))
#34 C:/laragon/www/projek_sportmate_uas_pemweb2/vendor/laravel/framework/src/Illuminate/Pipeline/Pipeline.php(137): Illuminate/Pipeline/Pipeline->{closure:{closure:Illuminate/Pipeline/Pipeline::carry():194}:195}(Object(Illuminate/Http/Request))
#35 C:/laragon/www/projek_sportmate_uas_pemweb2/vendor/laravel/framework/src/Illuminate/Routing/Router.php(821): Illuminate/Pipeline/Pipeline->then(Object(Closure))
#36 C:/laragon/www/projek_sportmate_uas_pemweb2/vendor/laravel/framework/src/Illuminate/Routing/Router.php(800): Illuminate/Routing/Router->runRouteWithinStack(Object(Illuminate/Routing/Route), Object(Illuminate/Http/Request))
#37 C:/laragon/www/projek_sportmate_uas_pemweb2/vendor/laravel/framework/src/Illuminate/Routing/Router.php(764): Illuminate/Routing/Router->runRoute(Object(Illuminate/Http/Request), Object(Illuminate/Routing/Route))
#38 C:/laragon/www/projek_sportmate_uas_pemweb2/vendor/laravel/framework/src/Illuminate/Routing/Router.php(753): Illuminate/Routing/Router->dispatchToRoute(Object(Illuminate/Http/Request))
#39 C:/laragon/www/projek_sportmate_uas_pemweb2/vendor/laravel/framework/src/Illuminate/Foundation/Http/Kernel.php(200): Illuminate/Routing/Router->dispatch(Object(Illuminate/Http/Request))
#40 C:/laragon/www/projek_sportmate_uas_pemweb2/vendor/laravel/framework/src/Illuminate/Pipeline/Pipeline.php(180): Illuminate/Foundation/Http/Kernel->{closure:Illuminate/Foundation/Http/Kernel::dispatchToRouter():197}(Object(Illuminate/Http/Request))
#41 C:/laragon/www/projek_sportmate_uas_pemweb2/vendor/laravel/framework/src/Illuminate/Foundation/Http/Middleware/TransformsRequest.php(21): Illuminate/Pipeline/Pipeline->{closure:Illuminate/Pipeline/Pipeline::prepareDestination():178}(Object(Illuminate/Http/Request))
#42 C:/laragon/www/projek_sportmate_uas_pemweb2/vendor/laravel/framework/src/Illuminate/Foundation/Http/Middleware/ConvertEmptyStringsToNull.php(31): Illuminate/Foundation/Http/Middleware/TransformsRequest->handle(Object(Illuminate/Http/Request), Object(Closure))
#43 C:/laragon/www/projek_sportmate_uas_pemweb2/vendor/laravel/framework/src/Illuminate/Pipeline/Pipeline.php(219): Illuminate/Foundation/Http/Middleware/ConvertEmptyStringsToNull->handle(Object(Illuminate/Http/Request), Object(Closure))
#44 C:/laragon/www/projek_sportmate_uas_pemweb2/vendor/laravel/framework/src/Illuminate/Foundation/Http/Middleware/TransformsRequest.php(21): Illuminate/Pipeline/Pipeline->{closure:{closure:Illuminate/Pipeline/Pipeline::carry():194}:195}(Object(Illuminate/Http/Request))
#45 C:/laragon/www/projek_sportmate_uas_pemweb2/vendor/laravel/framework/src/Illuminate/Foundation/Http/Middleware/TrimStrings.php(51): Illuminate/Foundation/Http/Middleware/TransformsRequest->handle(Object(Illuminate/Http/Request), Object(Closure))
#46 C:/laragon/www/projek_sportmate_uas_pemweb2/vendor/laravel/framework/src/Illuminate/Pipeline/Pipeline.php(219): Illuminate/Foundation/Http/Middleware/TrimStrings->handle(Object(Illuminate/Http/Request), Object(Closure))
#47 C:/laragon/www/projek_sportmate_uas_pemweb2/vendor/laravel/framework/src/Illuminate/Http/Middleware/ValidatePostSize.php(27): Illuminate/Pipeline/Pipeline->{closure:{closure:Illuminate/Pipeline/Pipeline::carry():194}:195}(Object(Illuminate/Http/Request))
#48 C:/laragon/www/projek_sportmate_uas_pemweb2/vendor/laravel/framework/src/Illuminate/Pipeline/Pipeline.php(219): Illuminate/Http/Middleware/ValidatePostSize->handle(Object(Illuminate/Http/Request), Object(Closure))
#49 C:/laragon/www/projek_sportmate_uas_pemweb2/vendor/laravel/framework/src/Illuminate/Foundation/Http/Middleware/PreventRequestsDuringMaintenance.php(109): Illuminate/Pipeline/Pipeline->{closure:{closure:Illuminate/Pipeline/Pipeline::carry():194}:195}(Object(Illuminate/Http/Request))
#50 C:/laragon/www/projek_sportmate_uas_pemweb2/vendor/laravel/framework/src/Illuminate/Pipeline/Pipeline.php(219): Illuminate/Foundation/Http/Middleware/PreventRequestsDuringMaintenance->handle(Object(Illuminate/Http/Request), Object(Closure))
#51 C:/laragon/www/projek_sportmate_uas_pemweb2/vendor/laravel/framework/src/Illuminate/Http/Middleware/HandleCors.php(61): Illuminate/Pipeline/Pipeline->{closure:{closure:Illuminate/Pipeline/Pipeline::carry():194}:195}(Object(Illuminate/Http/Request))
#52 C:/laragon/www/projek_sportmate_uas_pemweb2/vendor/laravel/framework/src/Illuminate/Pipeline/Pipeline.php(219): Illuminate/Http/Middleware/HandleCors->handle(Object(Illuminate/Http/Request), Object(Closure))
#53 C:/laragon/www/projek_sportmate_uas_pemweb2/vendor/laravel/framework/src/Illuminate/Http/Middleware/TrustProxies.php(58): Illuminate/Pipeline/Pipeline->{closure:{closure:Illuminate/Pipeline/Pipeline::carry():194}:195}(Object(Illuminate/Http/Request))
#54 C:/laragon/www/projek_sportmate_uas_pemweb2/vendor/laravel/framework/src/Illuminate/Pipeline/Pipeline.php(219): Illuminate/Http/Middleware/TrustProxies->handle(Object(Illuminate/Http/Request), Object(Closure))
#55 C:/laragon/www/projek_sportmate_uas_pemweb2/vendor/laravel/framework/src/Illuminate/Foundation/Http/Middleware/InvokeDeferredCallbacks.php(22): Illuminate/Pipeline/Pipeline->{closure:{closure:Illuminate/Pipeline/Pipeline::carry():194}:195}(Object(Illuminate/Http/Request))
#56 C:/laragon/www/projek_sportmate_uas_pemweb2/vendor/laravel/framework/src/Illuminate/Pipeline/Pipeline.php(219): Illuminate/Foundation/Http/Middleware/InvokeDeferredCallbacks->handle(Object(Illuminate/Http/Request), Object(Closure))
#57 C:/laragon/www/projek_sportmate_uas_pemweb2/vendor/laravel/framework/src/Illuminate/Http/Middleware/ValidatePathEncoding.php(26): Illuminate/Pipeline/Pipeline->{closure:{closure:Illuminate/Pipeline/Pipeline::carry():194}:195}(Object(Illuminate/Http/Request))
#58 C:/laragon/www/projek_sportmate_uas_pemweb2/vendor/laravel/framework/src/Illuminate/Pipeline/Pipeline.php(219): Illuminate/Http/Middleware/ValidatePathEncoding->handle(Object(Illuminate/Http/Request), Object(Closure))
#59 C:/laragon/www/projek_sportmate_uas_pemweb2/vendor/laravel/framework/src/Illuminate/Pipeline/Pipeline.php(137): Illuminate/Pipeline/Pipeline->{closure:{closure:Illuminate/Pipeline/Pipeline::carry():194}:195}(Object(Illuminate/Http/Request))
#60 C:/laragon/www/projek_sportmate_uas_pemweb2/vendor/laravel/framework/src/Illuminate/Foundation/Http/Kernel.php(175): Illuminate/Pipeline/Pipeline->then(Object(Closure))
#61 C:/laragon/www/projek_sportmate_uas_pemweb2/vendor/laravel/framework/src/Illuminate/Foundation/Http/Kernel.php(144): Illuminate/Foundation/Http/Kernel->sendRequestThroughRouter(Object(Illuminate/Http/Request))
#62 C:/laragon/www/projek_sportmate_uas_pemweb2/vendor/laravel/framework/src/Illuminate/Foundation/Application.php(1220): Illuminate/Foundation/Http/Kernel->handle(Object(Illuminate/Http/Request))
#63 C:/laragon/www/projek_sportmate_uas_pemweb2/public/index.php(15): Illuminate/Foundation/Application->handleRequest(Object(Illuminate/Http/Request))
#64 C:/laragon/www/projek_sportmate_uas_pemweb2/vendor/laravel/framework/src/Illuminate/Foundation/resources/server.php(23): require_once('C://laragon//www//...')
#65 {main}
"} 
